well_id,field_id,production_date,target_date,target_oil_rate,predicted_zero_probability,predicted_zero_flag,predicted_oil_rate_bopd,baseline_oil_rate_bopd,absolute_error,v1_3_hybrid_prediction
0cacd33e-874a-408f-44e0-67c262ca762e,acc35770-82ba-4b5f-65e5-17c372a7539a,2020-08-28,2020-08-29,1378.84,0.0653722982362569,0,2104.640502777778,1592.16,725.8005027777779,2104.640502777778
0cacd33e-874a-408f-44e0-67c262ca762e,acc35770-82ba-4b5f-65e5-17c372a7539a,2020-08-29,2020-08-30,1520.4,0.1504471100313765,1,0.0,1378.84,1520.4,1378.84
0cacd33e-874a-408f-44e0-67c262ca762e,acc35770-82ba-4b5f-65e5-17c372a7539a,2020-08-30,2020-08-31,1648.53,0.130420216676815,0,1878.7154416666665,1520.4,230.1854416666665,1878.7154416666665
0cacd33e-874a-408f-44e0-67c262ca762e,acc35770-82ba-4b5f-65e5-17c372a7539a,2020-08-31,2020-09-01,1542.12,0.0851519691854189,0,1994.6656055555568,1648.53,452.5456055555567,1994.6656055555568
0cacd33e-874a-408f-44e0-67c262ca762e,acc35770-82ba-4b5f-65e5-17c372a7539a,2020-09-01,2020-09-02,1453.54,0.1286294698622493,0,2062.59265,1542.12,609.0526500000001,2062.59265
0cacd33e-874a-408f-44e0-67c262ca762e,acc35770-82ba-4b5f-65e5-17c372a7539a,2020-09-02,2020-09-03,1628.64,0.1151439040321436,0,2018.4293166666675,1453.54,389.78931666666745,2018.4293166666675
0cacd33e-874a-408f-44e0-67c262ca762e,acc35770-82ba-4b5f-65e5-17c372a7539a,2020-09-03,2020-09-04,1593.2,0.0864595039424291,0,2007.791952777779,1628.64,414.5919527777789,2007.791952777779
0cacd33e-874a-408f-44e0-67c262ca762e,acc35770-82ba-4b5f-65e5-17c372a7539a,2020-09-04,2020-09-05,1486.73,0.1625230961932158,1,0.0,1593.2,1486.73,1593.2
0cacd33e-874a-408f-44e0-67c262ca762e,acc35770-82ba-4b5f-65e5-17c372a7539a,2020-09-05,2020-09-06,0.0,0.1794773215321801,1,0.0,1486.73,0.0,1486.73
0cacd33e-874a-408f-44e0-67c262ca762e,acc35770-82ba-4b5f-65e5-17c372a7539a,2020-09-06,2020-09-07,1600.02,0.0306466684842827,0,1937.899699999999,0.0,337.87969999999905,1937.899699999999
0cacd33e-874a-408f-44e0-67c262ca762e,acc35770-82ba-4b5f-65e5-17c372a7539a,2020-09-07,2020-09-08,1514.94,0.1079197232740788,0,1988.77068888889,1600.02,473.8306888888899,1988.77068888889
0cacd33e-874a-408f-44e0-67c262ca762e,acc35770-82ba-4b5f-65e5-17c372a7539a,2020-09-08,2020-09-09,1331.82,0.1548046452954255,1,0.0,1514.94,1331.82,1514.94
0cacd33e-874a-408f-44e0-67c262ca762e,acc35770-82ba-4b5f-65e5-17c372a7539a,2020-09-09,2020-09-10,1450.46,0.1346367700127805,0,1857.597083333334,1331.82,407.137083333334,1857.597083333334
0cacd33e-874a-408f-44e0-67c262ca762e,acc35770-82ba-4b5f-65e5-17c372a7539a,2020-09-10,2020-09-11,1511.47,0.1557248506749311,1,0.0,1450.46,1511.47,1450.46
0cacd33e-874a-408f-44e0-67c262ca762e,acc35770-82ba-4b5f-65e5-17c372a7539a,2020-09-11,2020-09-12,1683.77,0.1602138205174356,1,0.0,1511.47,1683.77,1511.47
0cacd33e-874a-408f-44e0-67c262ca762e,acc35770-82ba-4b5f-65e5-17c372a7539a,2020-09-12,2020-09-13,0.0,0.1536784179390592,1,0.0,1683.77,0.0,1683.77
0cacd33e-874a-408f-44e0-67c262ca762e,acc35770-82ba-4b5f-65e5-17c372a7539a,2020-09-13,2020-09-14,1421.47,0.0214489683388187,0,1686.7898944444453,0.0,265.31989444444525,1686.7898944444453
0cacd33e-874a-408f-44e0-67c262ca762e,acc35770-82ba-4b5f-65e5-17c372a7539a,2020-09-14,2020-09-15,1481.66,0.1075350780152099,0,1894.9318277777777,1421.47,413.2718277777776,1894.9318277777777
0cacd33e-874a-408f-44e0-67c262ca762e,acc35770-82ba-4b5f-65e5-17c372a7539a,2020-09-15,2020-09-16,1649.35,0.1410690938100796,0,1905.1854555555549,1481.66,255.83545555555497,1905.1854555555549
0cacd33e-874a-408f-44e0-67c262ca762e,acc35770-82ba-4b5f-65e5-17c372a7539a,2020-09-16,2020-09-17,1447.91,0.1289163357161385,0,1932.50531111111,1649.35,484.5953111111101,1932.50531111111
0cacd33e-874a-408f-44e0-67c262ca762e,acc35770-82ba-4b5f-65e5-17c372a7539a,2020-09-17,2020-09-18,1589.03,0.161450305611521,1,0.0,1447.91,1589.03,1447.91
0cacd33e-874a-408f-44e0-67c262ca762e,acc35770-82ba-4b5f-65e5-17c372a7539a,2020-09-18,2020-09-19,1467.26,0.1547574936130496,1,0.0,1589.03,1467.26,1589.03
0cacd33e-874a-408f-44e0-67c262ca762e,acc35770-82ba-4b5f-65e5-17c372a7539a,2020-09-19,2020-09-20,1501.57,0.1713394911460782,1,0.0,1467.26,1501.57,1467.26
0cacd33e-874a-408f-44e0-67c262ca762e,acc35770-82ba-4b5f-65e5-17c372a7539a,2020-09-20,2020-09-21,1397.97,0.1147549507894979,0,1904.583766666668,1501.57,506.6137666666682,1904.583766666668
0cacd33e-874a-408f-44e0-67c262ca762e,acc35770-82ba-4b5f-65e5-17c372a7539a,2020-09-21,2020-09-22,1507.16,0.1523754882654007,1,0.0,1397.97,1507.16,1397.97
0cacd33e-874a-408f-44e0-67c262ca762e,acc35770-82ba-4b5f-65e5-17c372a7539a,2020-09-22,2020-09-23,1504.91,0.14769136469037,0,1963.030366666666,1507.16,458.12036666666586,1963.030366666666
0cacd33e-874a-408f-44e0-67c262ca762e,acc35770-82ba-4b5f-65e5-17c372a7539a,2020-09-23,2020-09-24,1497.72,0.1368203842142069,0,2044.594538888888,1504.91,546.8745388888881,2044.594538888888
0cacd33e-874a-408f-44e0-67c262ca762e,acc35770-82ba-4b5f-65e5-17c372a7539a,2020-09-24,2020-09-25,1685.21,0.1589331021472064,1,0.0,1497.72,1685.21,1497.72
0cacd33e-874a-408f-44e0-67c262ca762e,acc35770-82ba-4b5f-65e5-17c372a7539a,2020-09-25,2020-09-26,1589.9,0.1755347258330413,1,0.0,1685.21,1589.9,1685.21
0cacd33e-874a-408f-44e0-67c262ca762e,acc35770-82ba-4b5f-65e5-17c372a7539a,2020-09-26,2020-09-27,1459.77,0.1845891846623945,1,0.0,1589.9,1459.77,1589.9
0cacd33e-874a-408f-44e0-67c262ca762e,acc35770-82ba-4b5f-65e5-17c372a7539a,2020-09-27,2020-09-28,1450.43,0.1523913663145643,1,0.0,1459.77,1450.43,1459.77
0cacd33e-874a-408f-44e0-67c262ca762e,acc35770-82ba-4b5f-65e5-17c372a7539a,2020-09-28,2020-09-29,1585.63,0.1416317664787053,0,1988.840061111111,1450.43,403.2100611111109,1988.840061111111
0cacd33e-874a-408f-44e0-67c262ca762e,acc35770-82ba-4b5f-65e5-17c372a7539a,2020-09-29,2020-09-30,1438.86,0.1307166633808702,0,2040.4746888888887,1585.63,601.6146888888888,2040.4746888888887
0cacd33e-874a-408f-44e0-67c262ca762e,acc35770-82ba-4b5f-65e5-17c372a7539a,2020-09-30,2020-10-01,1485.36,0.1355082415769214,0,2029.8246055555564,1438.86,544.4646055555565,2029.8246055555564
0cacd33e-874a-408f-44e0-67c262ca762e,acc35770-82ba-4b5f-65e5-17c372a7539a,2020-10-01,2020-10-02,1598.63,0.1282943831314203,0,2008.1938888888892,1485.36,409.5638888888893,2008.1938888888892
0cacd33e-874a-408f-44e0-67c262ca762e,acc35770-82ba-4b5f-65e5-17c372a7539a,2020-10-02,2020-10-03,1485.32,0.1399524643448611,0,2073.727905555556,1598.63,588.407905555556,2073.727905555556
0cacd33e-874a-408f-44e0-67c262ca762e,acc35770-82ba-4b5f-65e5-17c372a7539a,2020-10-03,2020-10-04,1464.76,0.1518309829134092,1,0.0,1485.32,1464.76,1485.32
0cacd33e-874a-408f-44e0-67c262ca762e,acc35770-82ba-4b5f-65e5-17c372a7539a,2020-10-04,2020-10-05,1463.3,0.1431385767753673,0,2009.8352555555557,1464.76,546.5352555555555,2009.8352555555557
0cacd33e-874a-408f-44e0-67c262ca762e,acc35770-82ba-4b5f-65e5-17c372a7539a,2020-10-05,2020-10-06,1449.13,0.13072331255742,0,2000.8345055555544,1463.3,551.7045055555543,2000.8345055555544
0cacd33e-874a-408f-44e0-67c262ca762e,acc35770-82ba-4b5f-65e5-17c372a7539a,2020-10-06,2020-10-07,1595.46,0.1207613560814622,0,2001.930461111111,1449.13,406.47046111111104,2001.930461111111
0cacd33e-874a-408f-44e0-67c262ca762e,acc35770-82ba-4b5f-65e5-17c372a7539a,2020-10-07,2020-10-08,1525.96,0.1302474150801693,0,2010.425594444444,1595.46,484.4655944444437,2010.425594444444
0cacd33e-874a-408f-44e0-67c262ca762e,acc35770-82ba-4b5f-65e5-17c372a7539a,2020-10-08,2020-10-09,1489.74,0.158927739993796,1,0.0,1525.96,1489.74,1525.96
0cacd33e-874a-408f-44e0-67c262ca762e,acc35770-82ba-4b5f-65e5-17c372a7539a,2020-10-09,2020-10-10,1497.26,0.1526742135971539,1,0.0,1489.74,1497.26,1489.74
0cacd33e-874a-408f-44e0-67c262ca762e,acc35770-82ba-4b5f-65e5-17c372a7539a,2020-10-10,2020-10-11,1563.15,0.172689093517979,1,0.0,1497.26,1563.15,1497.26
0cacd33e-874a-408f-44e0-67c262ca762e,acc35770-82ba-4b5f-65e5-17c372a7539a,2020-10-11,2020-10-12,1470.01,0.1559744968546152,1,0.0,1563.15,1470.01,1563.15
0cacd33e-874a-408f-44e0-67c262ca762e,acc35770-82ba-4b5f-65e5-17c372a7539a,2020-10-12,2020-10-13,1506.16,0.1343066113012934,0,1995.2140777777768,1470.01,489.05407777777714,1995.2140777777768
0cacd33e-874a-408f-44e0-67c262ca762e,acc35770-82ba-4b5f-65e5-17c372a7539a,2020-10-13,2020-10-14,1436.66,0.1339264270265789,0,2010.6312944444437,1506.16,573.9712944444434,2010.6312944444437
0cacd33e-874a-408f-44e0-67c262ca762e,acc35770-82ba-4b5f-65e5-17c372a7539a,2020-10-14,2020-10-15,1626.97,0.1170686286798194,0,1988.4496500000005,1436.66,361.4796500000005,1988.4496500000005
0cacd33e-874a-408f-44e0-67c262ca762e,acc35770-82ba-4b5f-65e5-17c372a7539a,2020-10-15,2020-10-16,1535.27,0.1452329329878476,0,2011.1261555555536,1626.97,475.8561555555536,2011.1261555555536
0cacd33e-874a-408f-44e0-67c262ca762e,acc35770-82ba-4b5f-65e5-17c372a7539a,2020-10-16,2020-10-17,0.0,0.1386726681440882,0,2044.7287222222224,1535.27,2044.7287222222224,2044.7287222222224
0cacd33e-874a-408f-44e0-67c262ca762e,acc35770-82ba-4b5f-65e5-17c372a7539a,2020-10-17,2020-10-18,1458.2,0.0251194722370606,0,1922.7819555555543,0.0,464.5819555555543,1922.7819555555543
0cacd33e-874a-408f-44e0-67c262ca762e,acc35770-82ba-4b5f-65e5-17c372a7539a,2020-10-18,2020-10-19,1452.18,0.1083722794766675,0,1882.213355555556,1458.2,430.033355555556,1882.213355555556
0cacd33e-874a-408f-44e0-67c262ca762e,acc35770-82ba-4b5f-65e5-17c372a7539a,2020-10-19,2020-10-20,1483.96,0.1403484336782362,0,1901.0828333333325,1452.18,417.1228333333325,1901.0828333333325
0cacd33e-874a-408f-44e0-67c262ca762e,acc35770-82ba-4b5f-65e5-17c372a7539a,2020-10-20,2020-10-21,1641.47,0.1235775239787343,0,1893.349044444443,1483.96,251.87904444444305,1893.349044444443
0cacd33e-874a-408f-44e0-67c262ca762e,acc35770-82ba-4b5f-65e5-17c372a7539a,2020-10-21,2020-10-22,1462.2,0.1309339155714626,0,1969.3818388888883,1641.47,507.18183888888825,1969.3818388888883
0cacd33e-874a-408f-44e0-67c262ca762e,acc35770-82ba-4b5f-65e5-17c372a7539a,2020-10-22,2020-10-23,1481.14,0.1329086774840793,0,2008.697372222222,1462.2,527.5573722222218,2008.697372222222
0cacd33e-874a-408f-44e0-67c262ca762e,acc35770-82ba-4b5f-65e5-17c372a7539a,2020-10-23,2020-10-24,1439.92,0.1365544028695321,0,1937.2818111111103,1481.14,497.3618111111102,1937.2818111111103
0cacd33e-874a-408f-44e0-67c262ca762e,acc35770-82ba-4b5f-65e5-17c372a7539a,2020-10-24,2020-10-25,1503.03,0.1015438721932222,0,1876.2207944444456,1439.92,373.1907944444458,1876.2207944444456
0cacd33e-874a-408f-44e0-67c262ca762e,acc35770-82ba-4b5f-65e5-17c372a7539a,2020-10-25,2020-10-26,1440.72,0.1393054451924927,0,1987.041611111111,1503.03,546.321611111111,1987.041611111111
0cacd33e-874a-408f-44e0-67c262ca762e,acc35770-82ba-4b5f-65e5-17c372a7539a,2020-10-26,2020-10-27,1434.87,0.127731654559554,0,1993.089244444444,1440.72,558.2192444444438,1993.089244444444
0cacd33e-874a-408f-44e0-67c262ca762e,acc35770-82ba-4b5f-65e5-17c372a7539a,2020-10-27,2020-10-28,1452.53,0.1308752596332194,0,1970.1011666666664,1434.87,517.5711666666666,1970.1011666666664
0cacd33e-874a-408f-44e0-67c262ca762e,acc35770-82ba-4b5f-65e5-17c372a7539a,2020-10-28,2020-10-29,0.0,0.1457401017223957,0,1987.023383333333,1452.53,1987.023383333333,1987.023383333333
0cacd33e-874a-408f-44e0-67c262ca762e,acc35770-82ba-4b5f-65e5-17c372a7539a,2020-10-29,2020-10-30,1472.92,0.0159792473887428,0,1868.593588888889,0.0,395.6735888888888,1868.593588888889
0cacd33e-874a-408f-44e0-67c262ca762e,acc35770-82ba-4b5f-65e5-17c372a7539a,2020-10-30,2020-10-31,1480.98,0.0827200823884214,0,1878.3878000000016,1472.92,397.40780000000177,1878.3878000000016
0cacd33e-874a-408f-44e0-67c262ca762e,acc35770-82ba-4b5f-65e5-17c372a7539a,2020-10-31,2020-11-01,1547.79,0.1655531393425252,1,0.0,1480.98,1547.79,1480.98
0cacd33e-874a-408f-44e0-67c262ca762e,acc35770-82ba-4b5f-65e5-17c372a7539a,2020-11-01,2020-11-02,1392.66,0.1733103157845004,1,0.0,1547.79,1392.66,1547.79
0cacd33e-874a-408f-44e0-67c262ca762e,acc35770-82ba-4b5f-65e5-17c372a7539a,2020-11-02,2020-11-03,1493.51,0.1229727803126853,0,1914.317983333333,1392.66,420.8079833333329,1914.317983333333
0cacd33e-874a-408f-44e0-67c262ca762e,acc35770-82ba-4b5f-65e5-17c372a7539a,2020-11-03,2020-11-04,1569.17,0.1208207734407407,0,1894.9818500000013,1493.51,325.8118500000012,1894.9818500000013
0cacd33e-874a-408f-44e0-67c262ca762e,acc35770-82ba-4b5f-65e5-17c372a7539a,2020-11-04,2020-11-05,1563.28,0.1052749667407771,0,1970.3728222222207,1569.17,407.0928222222212,1970.3728222222207
0cacd33e-874a-408f-44e0-67c262ca762e,acc35770-82ba-4b5f-65e5-17c372a7539a,2020-11-05,2020-11-06,1490.05,0.116209890224799,0,1940.0134000000007,1563.28,449.9634000000012,1940.0134000000007
0cacd33e-874a-408f-44e0-67c262ca762e,acc35770-82ba-4b5f-65e5-17c372a7539a,2020-11-06,2020-11-07,1525.3,0.1573600538116067,1,0.0,1490.05,1525.3,1490.05
0cacd33e-874a-408f-44e0-67c262ca762e,acc35770-82ba-4b5f-65e5-17c372a7539a,2020-11-07,2020-11-08,1569.4,0.14630045655866,0,2010.1228166666651,1525.3,440.72281666666527,2010.1228166666651
0cacd33e-874a-408f-44e0-67c262ca762e,acc35770-82ba-4b5f-65e5-17c372a7539a,2020-11-08,2020-11-09,1418.68,0.1685189262974616,1,0.0,1569.4,1418.68,1569.4
0cacd33e-874a-408f-44e0-67c262ca762e,acc35770-82ba-4b5f-65e5-17c372a7539a,2020-11-09,2020-11-10,1445.85,0.1234115954114214,0,1973.835294444445,1418.68,527.9852944444451,1973.835294444445
0cacd33e-874a-408f-44e0-67c262ca762e,acc35770-82ba-4b5f-65e5-17c372a7539a,2020-11-10,2020-11-11,1429.49,0.138307468223863,0,1946.9534444444448,1445.85,517.4634444444448,1946.9534444444448
0cacd33e-874a-408f-44e0-67c262ca762e,acc35770-82ba-4b5f-65e5-17c372a7539a,2020-11-11,2020-11-12,1454.33,0.139379207017691,0,1968.2792611111115,1429.49,513.9492611111116,1968.2792611111115
0cacd33e-874a-408f-44e0-67c262ca762e,acc35770-82ba-4b5f-65e5-17c372a7539a,2020-11-12,2020-11-13,1409.07,0.1720836855872848,1,0.0,1454.33,1409.07,1454.33
0cacd33e-874a-408f-44e0-67c262ca762e,acc35770-82ba-4b5f-65e5-17c372a7539a,2020-11-13,2020-11-14,1436.34,0.15457944292481,1,0.0,1409.07,1436.34,1409.07
0cacd33e-874a-408f-44e0-67c262ca762e,acc35770-82ba-4b5f-65e5-17c372a7539a,2020-11-14,2020-11-15,1506.44,0.1594953410043628,1,0.0,1436.34,1506.44,1436.34
0cacd33e-874a-408f-44e0-67c262ca762e,acc35770-82ba-4b5f-65e5-17c372a7539a,2020-11-15,2020-11-16,1437.55,0.1590444890913532,1,0.0,1506.44,1437.55,1506.44
0cacd33e-874a-408f-44e0-67c262ca762e,acc35770-82ba-4b5f-65e5-17c372a7539a,2020-11-16,2020-11-17,1475.3,0.1320529509077667,0,1970.3634111111105,1437.55,495.0634111111103,1970.3634111111105
0cacd33e-874a-408f-44e0-67c262ca762e,acc35770-82ba-4b5f-65e5-17c372a7539a,2020-11-17,2020-11-18,1408.77,0.140681753513203,0,1956.474488888888,1475.3,547.7044888888877,1956.474488888888
0cacd33e-874a-408f-44e0-67c262ca762e,acc35770-82ba-4b5f-65e5-17c372a7539a,2020-11-18,2020-11-19,1521.45,0.1324662731114969,0,1947.2256888888887,1408.77,425.77568888888914,1947.2256888888887
0cacd33e-874a-408f-44e0-67c262ca762e,acc35770-82ba-4b5f-65e5-17c372a7539a,2020-11-19,2020-11-20,1352.75,0.1385787252529954,0,1966.8817611111103,1521.45,614.1317611111103,1966.8817611111103
0cacd33e-874a-408f-44e0-67c262ca762e,acc35770-82ba-4b5f-65e5-17c372a7539a,2020-11-20,2020-11-21,1442.98,0.1489965534767345,0,1966.8219611111108,1352.75,523.8419611111108,1966.8219611111108
0cacd33e-874a-408f-44e0-67c262ca762e,acc35770-82ba-4b5f-65e5-17c372a7539a,2020-11-21,2020-11-22,1529.77,0.1548773096151855,1,0.0,1442.98,1529.77,1442.98
0cacd33e-874a-408f-44e0-67c262ca762e,acc35770-82ba-4b5f-65e5-17c372a7539a,2020-11-22,2020-11-23,0.0,0.1413559853455863,0,1987.84417222222,1529.77,1987.84417222222,1987.84417222222
0cacd33e-874a-408f-44e0-67c262ca762e,acc35770-82ba-4b5f-65e5-17c372a7539a,2020-11-23,2020-11-24,1395.39,0.0182761588467302,0,1877.942455555555,0.0,482.5524555555549,1877.942455555555
0cacd33e-874a-408f-44e0-67c262ca762e,acc35770-82ba-4b5f-65e5-17c372a7539a,2020-11-24,2020-11-25,1538.23,0.0886594464546912,0,1856.392116666668,1395.39,318.16211666666754,1856.392116666668
0cacd33e-874a-408f-44e0-67c262ca762e,acc35770-82ba-4b5f-65e5-17c372a7539a,2020-11-25,2020-11-26,1400.88,0.1450490345395833,0,1906.987488888889,1538.23,506.1074888888888,1906.987488888889
0cacd33e-874a-408f-44e0-67c262ca762e,acc35770-82ba-4b5f-65e5-17c372a7539a,2020-11-26,2020-11-27,1431.17,0.163115138072163,1,0.0,1400.88,1431.17,1400.88
0cacd33e-874a-408f-44e0-67c262ca762e,acc35770-82ba-4b5f-65e5-17c372a7539a,2020-11-27,2020-11-28,1426.42,0.1557503288779023,1,0.0,1431.17,1426.42,1431.17
0cacd33e-874a-408f-44e0-67c262ca762e,acc35770-82ba-4b5f-65e5-17c372a7539a,2020-11-28,2020-11-29,1415.14,0.158402384132635,1,0.0,1426.42,1415.14,1426.42
0cacd33e-874a-408f-44e0-67c262ca762e,acc35770-82ba-4b5f-65e5-17c372a7539a,2020-11-29,2020-11-30,1531.97,0.1476358687068504,0,1864.810183333333,1415.14,332.840183333333,1864.810183333333
0cacd33e-874a-408f-44e0-67c262ca762e,acc35770-82ba-4b5f-65e5-17c372a7539a,2020-11-30,2020-12-01,1342.06,0.0860069306507276,0,1863.216266666668,1531.97,521.156266666668,1863.216266666668
0cacd33e-874a-408f-44e0-67c262ca762e,acc35770-82ba-4b5f-65e5-17c372a7539a,2020-12-01,2020-12-02,1397.33,0.0962435746110724,0,1936.82438888889,1342.06,539.4943888888902,1936.82438888889
0cacd33e-874a-408f-44e0-67c262ca762e,acc35770-82ba-4b5f-65e5-17c372a7539a,2020-12-02,2020-12-03,1435.91,0.141249682709465,0,1918.439872222223,1397.33,482.5298722222228,1918.439872222223
0cacd33e-874a-408f-44e0-67c262ca762e,acc35770-82ba-4b5f-65e5-17c372a7539a,2020-12-03,2020-12-04,1480.53,0.13617878376907,0,1908.8966722222208,1435.91,428.3666722222208,1908.8966722222208
0cacd33e-874a-408f-44e0-67c262ca762e,acc35770-82ba-4b5f-65e5-17c372a7539a,2020-12-04,2020-12-05,1361.59,0.1319253426211435,0,1932.8096333333328,1480.53,571.2196333333327,1932.8096333333328
0cacd33e-874a-408f-44e0-67c262ca762e,acc35770-82ba-4b5f-65e5-17c372a7539a,2020-12-05,2020-12-06,1485.91,0.1564982432978575,1,0.0,1361.59,1485.91,1361.59
0cacd33e-874a-408f-44e0-67c262ca762e,acc35770-82ba-4b5f-65e5-17c372a7539a,2020-12-06,2020-12-07,1469.0,0.1450793182027798,0,1928.258255555554,1485.91,459.2582555555541,1928.258255555554
0cacd33e-874a-408f-44e0-67c262ca762e,acc35770-82ba-4b5f-65e5-17c372a7539a,2020-12-07,2020-12-08,1344.04,0.1239203158484885,0,1957.39845,1469.0,613.3584499999997,1957.39845
0cacd33e-874a-408f-44e0-67c262ca762e,acc35770-82ba-4b5f-65e5-17c372a7539a,2020-12-08,2020-12-09,1394.04,0.1146151490169669,0,1912.3775611111107,1344.04,518.3375611111107,1912.3775611111107
0cacd33e-874a-408f-44e0-67c262ca762e,acc35770-82ba-4b5f-65e5-17c372a7539a,2020-12-09,2020-12-10,1416.41,0.1369817494337923,0,1905.311844444444,1394.04,488.9018444444441,1905.311844444444
0cacd33e-874a-408f-44e0-67c262ca762e,acc35770-82ba-4b5f-65e5-17c372a7539a,2020-12-10,2020-12-11,1516.22,0.1143255117699358,0,1890.7964888888887,1416.41,374.5764888888891,1890.7964888888887
0cacd33e-874a-408f-44e0-67c262ca762e,acc35770-82ba-4b5f-65e5-17c372a7539a,2020-12-11,2020-12-12,1526.04,0.1504661175569971,1,0.0,1516.22,1526.04,1516.22
0cacd33e-874a-408f-44e0-67c262ca762e,acc35770-82ba-4b5f-65e5-17c372a7539a,2020-12-12,2020-12-13,1486.62,0.160692239430498,1,0.0,1526.04,1486.62,1526.04
0cacd33e-874a-408f-44e0-67c262ca762e,acc35770-82ba-4b5f-65e5-17c372a7539a,2020-12-13,2020-12-14,1390.48,0.1410401894983294,0,1997.0580944444432,1486.62,606.5780944444432,1997.0580944444432
0cacd33e-874a-408f-44e0-67c262ca762e,acc35770-82ba-4b5f-65e5-17c372a7539a,2020-12-14,2020-12-15,1445.45,0.1353574471943947,0,1956.5073666666665,1390.48,511.0573666666662,1956.5073666666665
0cacd33e-874a-408f-44e0-67c262ca762e,acc35770-82ba-4b5f-65e5-17c372a7539a,2020-12-15,2020-12-16,1446.65,0.1275453213773522,0,1930.331166666666,1445.45,483.6811666666658,1930.331166666666
0cacd33e-874a-408f-44e0-67c262ca762e,acc35770-82ba-4b5f-65e5-17c372a7539a,2020-12-16,2020-12-17,1343.65,0.1390013005700795,0,1922.0368722222224,1446.65,578.3868722222221,1922.0368722222224
0cacd33e-874a-408f-44e0-67c262ca762e,acc35770-82ba-4b5f-65e5-17c372a7539a,2020-12-17,2020-12-18,1411.01,0.1185199387091616,0,1938.0365055555549,1343.65,527.0265055555549,1938.0365055555549
0cacd33e-874a-408f-44e0-67c262ca762e,acc35770-82ba-4b5f-65e5-17c372a7539a,2020-12-18,2020-12-19,1533.82,0.1514260699359725,1,0.0,1411.01,1533.82,1411.01
0cacd33e-874a-408f-44e0-67c262ca762e,acc35770-82ba-4b5f-65e5-17c372a7539a,2020-12-19,2020-12-20,1343.29,0.1724228742675967,1,0.0,1533.82,1343.29,1533.82
0cacd33e-874a-408f-44e0-67c262ca762e,acc35770-82ba-4b5f-65e5-17c372a7539a,2020-12-20,2020-12-21,1442.06,0.1434785974480236,0,1951.0842722222208,1343.29,509.02427222222127,1951.0842722222208
0cacd33e-874a-408f-44e0-67c262ca762e,acc35770-82ba-4b5f-65e5-17c372a7539a,2020-12-21,2020-12-22,1419.5,0.1045030299548759,0,1923.4494944444443,1442.06,503.9494944444443,1923.4494944444443
0cacd33e-874a-408f-44e0-67c262ca762e,acc35770-82ba-4b5f-65e5-17c372a7539a,2020-12-22,2020-12-23,1353.83,0.1100865801300673,0,1925.329894444444,1419.5,571.4998944444442,1925.329894444444
0cacd33e-874a-408f-44e0-67c262ca762e,acc35770-82ba-4b5f-65e5-17c372a7539a,2020-12-23,2020-12-24,1466.79,0.149047102895198,0,1866.1100277777775,1353.83,399.3200277777778,1866.1100277777775
0cacd33e-874a-408f-44e0-67c262ca762e,acc35770-82ba-4b5f-65e5-17c372a7539a,2020-12-24,2020-12-25,1375.23,0.1104097684401694,0,1864.137838888888,1466.79,488.90783888888814,1864.137838888888
0cacd33e-874a-408f-44e0-67c262ca762e,acc35770-82ba-4b5f-65e5-17c372a7539a,2020-12-25,2020-12-26,1499.75,0.1719796380857194,1,0.0,1375.23,1499.75,1375.23
0cacd33e-874a-408f-44e0-67c262ca762e,acc35770-82ba-4b5f-65e5-17c372a7539a,2020-12-26,2020-12-27,1582.78,0.1147411222296909,0,1917.075761111111,1499.75,334.295761111111,1917.075761111111
0cacd33e-874a-408f-44e0-67c262ca762e,acc35770-82ba-4b5f-65e5-17c372a7539a,2020-12-27,2020-12-28,1412.98,0.1458093296120012,0,1969.1236333333325,1582.78,556.1436333333324,1969.1236333333325
0cacd33e-874a-408f-44e0-67c262ca762e,acc35770-82ba-4b5f-65e5-17c372a7539a,2020-12-28,2020-12-29,1541.23,0.1262899948214288,0,1965.4035833333323,1412.98,424.1735833333323,1965.4035833333323
0cacd33e-874a-408f-44e0-67c262ca762e,acc35770-82ba-4b5f-65e5-17c372a7539a,2020-12-29,2020-12-30,1414.53,0.1046420316056125,0,1953.497927777776,1541.23,538.9679277777757,1953.497927777776
0cacd33e-874a-408f-44e0-67c262ca762e,acc35770-82ba-4b5f-65e5-17c372a7539a,2020-12-30,2020-12-31,1260.5,0.0970221154725731,0,1957.3963777777765,1414.53,696.8963777777763,1957.3963777777765
0dbb6c60-e319-4d70-f84a-80c6be9a436d,87890231-7aa7-491c-9a98-18c49056f346,2020-08-23,2020-08-24,6308.98,0.0291339895057939,0,6849.167750000005,6989.69,540.1877500000055,6849.167750000005
0dbb6c60-e319-4d70-f84a-80c6be9a436d,87890231-7aa7-491c-9a98-18c49056f346,2020-08-24,2020-08-25,6352.76,0.033361867981491,0,6319.940261111115,6308.98,32.819738888884785,6319.940261111115
0dbb6c60-e319-4d70-f84a-80c6be9a436d,87890231-7aa7-491c-9a98-18c49056f346,2020-08-25,2020-08-26,6053.91,0.024513855404976,0,6374.822761111118,6352.76,320.912761111118,6374.822761111118
0dbb6c60-e319-4d70-f84a-80c6be9a436d,87890231-7aa7-491c-9a98-18c49056f346,2020-08-26,2020-08-27,6187.95,0.0162325319322341,0,6548.820894444456,6053.91,360.8708944444561,6548.820894444456
0dbb6c60-e319-4d70-f84a-80c6be9a436d,87890231-7aa7-491c-9a98-18c49056f346,2020-08-27,2020-08-28,6992.89,0.0286732602278619,0,6734.104488888896,6187.95,258.7855111111039,6734.104488888896
0dbb6c60-e319-4d70-f84a-80c6be9a436d,87890231-7aa7-491c-9a98-18c49056f346,2020-08-28,2020-08-29,6641.32,0.012694012839119,0,6519.7491777777805,6992.89,121.57082222221923,6519.7491777777805
0dbb6c60-e319-4d70-f84a-80c6be9a436d,87890231-7aa7-491c-9a98-18c49056f346,2020-08-29,2020-08-30,5973.89,0.0176039669310507,0,6347.629177777783,6641.32,373.73917777778297,6347.629177777783
0dbb6c60-e319-4d70-f84a-80c6be9a436d,87890231-7aa7-491c-9a98-18c49056f346,2020-08-30,2020-08-31,6718.23,0.0272834642819508,0,6581.396033333333,5973.89,136.83396666666613,6581.396033333333
0dbb6c60-e319-4d70-f84a-80c6be9a436d,87890231-7aa7-491c-9a98-18c49056f346,2020-08-31,2020-09-01,7347.81,0.0177634660359468,0,6536.969011111111,6718.23,810.8409888888891,6536.969011111111
0dbb6c60-e319-4d70-f84a-80c6be9a436d,87890231-7aa7-491c-9a98-18c49056f346,2020-09-01,2020-09-02,0.0,0.023769223432028,0,6317.7122444444485,7347.81,6317.7122444444485,6317.7122444444485
0dbb6c60-e319-4d70-f84a-80c6be9a436d,87890231-7aa7-491c-9a98-18c49056f346,2020-09-02,2020-09-03,6304.15,0.0058802214651699,0,5734.901188888899,0.0,569.2488111111006,5734.901188888899
0dbb6c60-e319-4d70-f84a-80c6be9a436d,87890231-7aa7-491c-9a98-18c49056f346,2020-09-03,2020-09-04,6705.61,0.02742270430719,0,5612.132838888891,6304.15,1093.4771611111091,5612.132838888891
0dbb6c60-e319-4d70-f84a-80c6be9a436d,87890231-7aa7-491c-9a98-18c49056f346,2020-09-04,2020-09-05,6845.03,0.0095492783762606,0,6376.852166666668,6705.61,468.1778333333323,6376.852166666668
0dbb6c60-e319-4d70-f84a-80c6be9a436d,87890231-7aa7-491c-9a98-18c49056f346,2020-09-05,2020-09-06,6777.55,0.0072241234793649,0,6539.1378944444405,6845.03,238.4121055555597,6539.1378944444405
0dbb6c60-e319-4d70-f84a-80c6be9a436d,87890231-7aa7-491c-9a98-18c49056f346,2020-09-06,2020-09-07,6398.18,0.0378433775995924,0,6310.383433333338,6777.55,87.79656666666233,6310.383433333338
0dbb6c60-e319-4d70-f84a-80c6be9a436d,87890231-7aa7-491c-9a98-18c49056f346,2020-09-07,2020-09-08,6360.92,0.038521319249763,0,6419.291416666674,6398.18,58.37141666667412,6419.291416666674
0dbb6c60-e319-4d70-f84a-80c6be9a436d,87890231-7aa7-491c-9a98-18c49056f346,2020-09-08,2020-09-09,5955.49,0.0217323962432914,0,6149.790833333346,6360.92,194.3008333333464,6149.790833333346
0dbb6c60-e319-4d70-f84a-80c6be9a436d,87890231-7aa7-491c-9a98-18c49056f346,2020-09-09,2020-09-10,6100.47,0.0440906650351016,0,6221.909105555558,5955.49,121.43910555555794,6221.909105555558
0dbb6c60-e319-4d70-f84a-80c6be9a436d,87890231-7aa7-491c-9a98-18c49056f346,2020-09-10,2020-09-11,6600.96,0.0164493421390754,0,6154.269872222236,6100.47,446.69012777776425,6154.269872222236
0dbb6c60-e319-4d70-f84a-80c6be9a436d,87890231-7aa7-491c-9a98-18c49056f346,2020-09-11,2020-09-12,6307.71,0.0144461285711801,0,6332.826372222232,6600.96,25.116372222231803,6332.826372222232
0dbb6c60-e319-4d70-f84a-80c6be9a436d,87890231-7aa7-491c-9a98-18c49056f346,2020-09-12,2020-09-13,6554.43,0.0228988102552236,0,6288.84049444446,6307.71,265.5895055555402,6288.84049444446
0dbb6c60-e319-4d70-f84a-80c6be9a436d,87890231-7aa7-491c-9a98-18c49056f346,2020-09-13,2020-09-14,6393.01,0.0285343343313783,0,6259.956316666679,6554.43,133.05368333332171,6259.956316666679
0dbb6c60-e319-4d70-f84a-80c6be9a436d,87890231-7aa7-491c-9a98-18c49056f346,2020-09-14,2020-09-15,6485.31,0.0282465177341018,0,6247.12277777779,6393.01,238.18722222221004,6247.12277777779
0dbb6c60-e319-4d70-f84a-80c6be9a436d,87890231-7aa7-491c-9a98-18c49056f346,2020-09-15,2020-09-16,6467.12,0.007499898501192,0,6358.888794444455,6485.31,108.23120555554488,6358.888794444455
0dbb6c60-e319-4d70-f84a-80c6be9a436d,87890231-7aa7-491c-9a98-18c49056f346,2020-09-16,2020-09-17,6701.8,0.022509564598824,0,6317.010194444458,6467.12,384.7898055555424,6317.010194444458
0dbb6c60-e319-4d70-f84a-80c6be9a436d,87890231-7aa7-491c-9a98-18c49056f346,2020-09-17,2020-09-18,0.0,0.0307883385381395,0,6119.573950000012,6701.8,6119.573950000012,6119.573950000012
0dbb6c60-e319-4d70-f84a-80c6be9a436d,87890231-7aa7-491c-9a98-18c49056f346,2020-09-18,2020-09-19,6441.88,0.0,0,5611.92032222223,0.0,829.9596777777697,5611.92032222223
0dbb6c60-e319-4d70-f84a-80c6be9a436d,87890231-7aa7-491c-9a98-18c49056f346,2020-09-19,2020-09-20,6377.43,0.0363928496680882,0,5554.587855555563,6441.88,822.8421444444375,5554.587855555563
0dbb6c60-e319-4d70-f84a-80c6be9a436d,87890231-7aa7-491c-9a98-18c49056f346,2020-09-20,2020-09-21,6426.82,0.0197138862935119,0,6392.7772944444505,6377.43,34.04270555554922,6392.7772944444505
0dbb6c60-e319-4d70-f84a-80c6be9a436d,87890231-7aa7-491c-9a98-18c49056f346,2020-09-21,2020-09-22,6186.48,0.0304133670086748,0,6193.230583333344,6426.82,6.750583333344366,6193.230583333344
0dbb6c60-e319-4d70-f84a-80c6be9a436d,87890231-7aa7-491c-9a98-18c49056f346,2020-09-22,2020-09-23,6788.1,0.017397445311009,0,6096.271800000017,6186.48,691.8281999999836,6096.271800000017
0dbb6c60-e319-4d70-f84a-80c6be9a436d,87890231-7aa7-491c-9a98-18c49056f346,2020-09-23,2020-09-24,6246.62,0.0103635410814472,0,6192.723116666675,6788.1,53.896883333324695,6192.723116666675
0dbb6c60-e319-4d70-f84a-80c6be9a436d,87890231-7aa7-491c-9a98-18c49056f346,2020-09-24,2020-09-25,6368.95,0.0354668775396274,0,6166.212272222228,6246.62,202.7377277777714,6166.212272222228
0dbb6c60-e319-4d70-f84a-80c6be9a436d,87890231-7aa7-491c-9a98-18c49056f346,2020-09-25,2020-09-26,6472.21,0.0379847494394291,0,6223.28448888889,6368.95,248.9255111111097,6223.28448888889
0dbb6c60-e319-4d70-f84a-80c6be9a436d,87890231-7aa7-491c-9a98-18c49056f346,2020-09-26,2020-09-27,6510.95,0.0260733360496156,0,6335.000277777788,6472.21,175.94972222221168,6335.000277777788
0dbb6c60-e319-4d70-f84a-80c6be9a436d,87890231-7aa7-491c-9a98-18c49056f346,2020-09-27,2020-09-28,6492.85,0.016201358811266,0,6325.075355555563,6510.95,167.7746444444374,6325.075355555563
0dbb6c60-e319-4d70-f84a-80c6be9a436d,87890231-7aa7-491c-9a98-18c49056f346,2020-09-28,2020-09-29,6357.86,0.033367146555669,0,6225.842105555569,6492.85,132.01789444443057,6225.842105555569
0dbb6c60-e319-4d70-f84a-80c6be9a436d,87890231-7aa7-491c-9a98-18c49056f346,2020-09-29,2020-09-30,6945.06,0.0211246741201425,0,6214.355005555566,6357.86,730.7049944444343,6214.355005555566
0dbb6c60-e319-4d70-f84a-80c6be9a436d,87890231-7aa7-491c-9a98-18c49056f346,2020-09-30,2020-10-01,6416.13,0.0182155905910023,0,6201.967300000016,6945.06,214.1626999999844,6201.967300000016
0dbb6c60-e319-4d70-f84a-80c6be9a436d,87890231-7aa7-491c-9a98-18c49056f346,2020-10-01,2020-10-02,6307.54,0.0102966138028603,0,6101.509894444464,6416.13,206.0301055555365,6101.509894444464
0dbb6c60-e319-4d70-f84a-80c6be9a436d,87890231-7aa7-491c-9a98-18c49056f346,2020-10-02,2020-10-03,6982.73,0.0231636542262175,0,6305.086644444456,6307.54,677.6433555555441,6305.086644444456
0dbb6c60-e319-4d70-f84a-80c6be9a436d,87890231-7aa7-491c-9a98-18c49056f346,2020-10-03,2020-10-04,6134.48,0.0242499836296248,0,6252.210000000013,6982.73,117.7300000000132,6252.210000000013
0dbb6c60-e319-4d70-f84a-80c6be9a436d,87890231-7aa7-491c-9a98-18c49056f346,2020-10-04,2020-10-05,6971.29,0.0286002837539197,0,6369.126544444453,6134.48,602.1634555555465,6369.126544444453
0dbb6c60-e319-4d70-f84a-80c6be9a436d,87890231-7aa7-491c-9a98-18c49056f346,2020-10-05,2020-10-06,5763.41,0.045018559965414,0,6246.5658444444525,6971.29,483.1558444444527,6246.5658444444525
0dbb6c60-e319-4d70-f84a-80c6be9a436d,87890231-7aa7-491c-9a98-18c49056f346,2020-10-06,2020-10-07,6236.7,0.0181468808283079,0,6325.873250000015,5763.41,89.17325000001529,6325.873250000015
0dbb6c60-e319-4d70-f84a-80c6be9a436d,87890231-7aa7-491c-9a98-18c49056f346,2020-10-07,2020-10-08,5849.07,0.0129474855118453,0,6328.253944444459,6236.7,479.1839444444595,6328.253944444459
0dbb6c60-e319-4d70-f84a-80c6be9a436d,87890231-7aa7-491c-9a98-18c49056f346,2020-10-08,2020-10-09,5935.15,0.0163715104495192,0,6237.709966666675,5849.07,302.5599666666758,6237.709966666675
0dbb6c60-e319-4d70-f84a-80c6be9a436d,87890231-7aa7-491c-9a98-18c49056f346,2020-10-09,2020-10-10,6493.91,0.0319505170289584,0,6286.796833333348,5935.15,207.11316666665152,6286.796833333348
0dbb6c60-e319-4d70-f84a-80c6be9a436d,87890231-7aa7-491c-9a98-18c49056f346,2020-10-10,2020-10-11,6434.79,0.0374740833382964,0,6236.647877777792,6493.91,198.14212222220797,6236.647877777792
0dbb6c60-e319-4d70-f84a-80c6be9a436d,87890231-7aa7-491c-9a98-18c49056f346,2020-10-11,2020-10-12,6148.71,0.0454132377731743,0,6280.924516666679,6434.79,132.21451666667872,6280.924516666679
0dbb6c60-e319-4d70-f84a-80c6be9a436d,87890231-7aa7-491c-9a98-18c49056f346,2020-10-12,2020-10-13,6872.69,0.0629870099278316,0,6143.874633333346,6148.71,728.815366666654,6143.874633333346
0dbb6c60-e319-4d70-f84a-80c6be9a436d,87890231-7aa7-491c-9a98-18c49056f346,2020-10-13,2020-10-14,6697.9,0.0368843429420012,0,6302.391650000008,6872.69,395.5083499999919,6302.391650000008
0dbb6c60-e319-4d70-f84a-80c6be9a436d,87890231-7aa7-491c-9a98-18c49056f346,2020-10-14,2020-10-15,6307.25,0.0326069851865383,0,6298.591777777788,6697.9,8.658222222212316,6298.591777777788
0dbb6c60-e319-4d70-f84a-80c6be9a436d,87890231-7aa7-491c-9a98-18c49056f346,2020-10-15,2020-10-16,5772.16,0.0172024157001519,0,6183.748433333345,6307.25,411.5884333333452,6183.748433333345
0dbb6c60-e319-4d70-f84a-80c6be9a436d,87890231-7aa7-491c-9a98-18c49056f346,2020-10-16,2020-10-17,6623.42,0.0255940718848677,0,6134.359033333347,5772.16,489.06096666665326,6134.359033333347
0dbb6c60-e319-4d70-f84a-80c6be9a436d,87890231-7aa7-491c-9a98-18c49056f346,2020-10-17,2020-10-18,6157.82,0.0247015452302722,0,6389.059561111117,6623.42,231.23956111111693,6389.059561111117
0dbb6c60-e319-4d70-f84a-80c6be9a436d,87890231-7aa7-491c-9a98-18c49056f346,2020-10-18,2020-10-19,6395.87,0.041211217510735,0,6354.064066666679,6157.82,41.80593333332126,6354.064066666679
0dbb6c60-e319-4d70-f84a-80c6be9a436d,87890231-7aa7-491c-9a98-18c49056f346,2020-10-19,2020-10-20,6554.2,0.0523534602453085,0,6265.337944444456,6395.87,288.8620555555435,6265.337944444456
0dbb6c60-e319-4d70-f84a-80c6be9a436d,87890231-7aa7-491c-9a98-18c49056f346,2020-10-20,2020-10-21,6167.74,0.053296172905036,0,6308.096133333343,6554.2,140.35613333334277,6308.096133333343
0dbb6c60-e319-4d70-f84a-80c6be9a436d,87890231-7aa7-491c-9a98-18c49056f346,2020-10-21,2020-10-22,6702.65,0.0164783961326938,0,6273.380050000016,6167.74,429.2699499999835,6273.380050000016
0dbb6c60-e319-4d70-f84a-80c6be9a436d,87890231-7aa7-491c-9a98-18c49056f346,2020-10-22,2020-10-23,6164.17,0.0244908361236916,0,6171.534750000009,6702.65,7.364750000008826,6171.534750000009
0dbb6c60-e319-4d70-f84a-80c6be9a436d,87890231-7aa7-491c-9a98-18c49056f346,2020-10-23,2020-10-24,6448.38,0.0273964246210312,0,6270.999172222237,6164.17,177.38082777776344,6270.999172222237
0dbb6c60-e319-4d70-f84a-80c6be9a436d,87890231-7aa7-491c-9a98-18c49056f346,2020-10-24,2020-10-25,6513.0,0.0302244938772076,0,6353.146905555567,6448.38,159.85309444443283,6353.146905555567
0dbb6c60-e319-4d70-f84a-80c6be9a436d,87890231-7aa7-491c-9a98-18c49056f346,2020-10-25,2020-10-26,6558.8,0.0317846267615481,0,6359.065333333345,6513.0,199.73466666665536,6359.065333333345
0dbb6c60-e319-4d70-f84a-80c6be9a436d,87890231-7aa7-491c-9a98-18c49056f346,2020-10-26,2020-10-27,6831.52,0.058529447089562,0,6306.487861111123,6558.8,525.0321388888779,6306.487861111123
0dbb6c60-e319-4d70-f84a-80c6be9a436d,87890231-7aa7-491c-9a98-18c49056f346,2020-10-27,2020-10-28,6003.65,0.0478793424520321,0,6317.89352777779,6831.52,314.2435277777904,6317.89352777779
0dbb6c60-e319-4d70-f84a-80c6be9a436d,87890231-7aa7-491c-9a98-18c49056f346,2020-10-28,2020-10-29,5906.01,0.0326210774891663,0,6239.24746666668,6003.65,333.2374666666801,6239.24746666668
0dbb6c60-e319-4d70-f84a-80c6be9a436d,87890231-7aa7-491c-9a98-18c49056f346,2020-10-29,2020-10-30,6145.21,0.030280557872814,0,6220.785583333351,5906.01,75.57558333335055,6220.785583333351
0dbb6c60-e319-4d70-f84a-80c6be9a436d,87890231-7aa7-491c-9a98-18c49056f346,2020-10-30,2020-10-31,7264.86,0.0360736858119557,0,6202.148422222232,6145.21,1062.711577777768,6202.148422222232
0dbb6c60-e319-4d70-f84a-80c6be9a436d,87890231-7aa7-491c-9a98-18c49056f346,2020-10-31,2020-11-01,6669.3,0.0348851583993438,0,6295.67307222223,7264.86,373.6269277777701,6295.67307222223
0dbb6c60-e319-4d70-f84a-80c6be9a436d,87890231-7aa7-491c-9a98-18c49056f346,2020-11-01,2020-11-02,6059.31,0.0343039571777343,0,6239.820327777788,6669.3,180.510327777788,6239.820327777788
0dbb6c60-e319-4d70-f84a-80c6be9a436d,87890231-7aa7-491c-9a98-18c49056f346,2020-11-02,2020-11-03,6115.5,0.0510115261771526,0,6197.687038888899,6059.31,82.18703888889922,6197.687038888899
0dbb6c60-e319-4d70-f84a-80c6be9a436d,87890231-7aa7-491c-9a98-18c49056f346,2020-11-03,2020-11-04,6212.48,0.0428098805919097,0,6228.809677777789,6115.5,16.329677777789584,6228.809677777789
0dbb6c60-e319-4d70-f84a-80c6be9a436d,87890231-7aa7-491c-9a98-18c49056f346,2020-11-04,2020-11-05,6296.95,0.0402987219651749,0,6226.451844444454,6212.48,70.49815555554596,6226.451844444454
0dbb6c60-e319-4d70-f84a-80c6be9a436d,87890231-7aa7-491c-9a98-18c49056f346,2020-11-05,2020-11-06,6408.14,0.03307977356789,0,6292.2213111111205,6296.95,115.91868888887984,6292.2213111111205
0dbb6c60-e319-4d70-f84a-80c6be9a436d,87890231-7aa7-491c-9a98-18c49056f346,2020-11-06,2020-11-07,6415.67,0.0545864483870663,0,6328.573272222234,6408.14,87.09672777776632,6328.573272222234
0dbb6c60-e319-4d70-f84a-80c6be9a436d,87890231-7aa7-491c-9a98-18c49056f346,2020-11-07,2020-11-08,6576.6,0.0391877992959711,0,6331.091394444458,6415.67,245.5086055555421,6331.091394444458
0dbb6c60-e319-4d70-f84a-80c6be9a436d,87890231-7aa7-491c-9a98-18c49056f346,2020-11-08,2020-11-09,6840.81,0.0422270623781659,0,6261.914688888903,6576.6,578.8953111110977,6261.914688888903
0dbb6c60-e319-4d70-f84a-80c6be9a436d,87890231-7aa7-491c-9a98-18c49056f346,2020-11-09,2020-11-10,6142.06,0.0582561542073656,0,6307.334850000007,6840.81,165.27485000000615,6307.334850000007
0dbb6c60-e319-4d70-f84a-80c6be9a436d,87890231-7aa7-491c-9a98-18c49056f346,2020-11-10,2020-11-11,6111.79,0.0467880043378921,0,6158.5385722222345,6142.06,46.74857222223454,6158.5385722222345
0dbb6c60-e319-4d70-f84a-80c6be9a436d,87890231-7aa7-491c-9a98-18c49056f346,2020-11-11,2020-11-12,6060.28,0.0254196551219875,0,6228.223716666679,6111.79,167.9437166666794,6228.223716666679
0dbb6c60-e319-4d70-f84a-80c6be9a436d,87890231-7aa7-491c-9a98-18c49056f346,2020-11-12,2020-11-13,6081.1,0.049259534907392,0,6202.641638888901,6060.28,121.5416388889007,6202.641638888901
0dbb6c60-e319-4d70-f84a-80c6be9a436d,87890231-7aa7-491c-9a98-18c49056f346,2020-11-13,2020-11-14,6274.71,0.0432001929460136,0,6368.400055555562,6081.1,93.69005555556214,6368.400055555562
0dbb6c60-e319-4d70-f84a-80c6be9a436d,87890231-7aa7-491c-9a98-18c49056f346,2020-11-14,2020-11-15,6352.89,0.0344640430066158,0,6303.435516666675,6274.71,49.4544833333257,6303.435516666675
0dbb6c60-e319-4d70-f84a-80c6be9a436d,87890231-7aa7-491c-9a98-18c49056f346,2020-11-15,2020-11-16,6702.51,0.0381177111864104,0,6354.22130000001,6352.89,348.28869999999006,6354.22130000001
0dbb6c60-e319-4d70-f84a-80c6be9a436d,87890231-7aa7-491c-9a98-18c49056f346,2020-11-16,2020-11-17,5928.45,0.0760659245585766,0,6270.046166666677,6702.51,341.5961666666772,6270.046166666677
0dbb6c60-e319-4d70-f84a-80c6be9a436d,87890231-7aa7-491c-9a98-18c49056f346,2020-11-17,2020-11-18,6247.46,0.0475340230482389,0,6252.884116666672,5928.45,5.42411666667158,6252.884116666672
0dbb6c60-e319-4d70-f84a-80c6be9a436d,87890231-7aa7-491c-9a98-18c49056f346,2020-11-18,2020-11-19,5878.13,0.0448884941101399,0,6123.43454444446,6247.46,245.30454444445968,6123.43454444446
0dbb6c60-e319-4d70-f84a-80c6be9a436d,87890231-7aa7-491c-9a98-18c49056f346,2020-11-19,2020-11-20,6249.74,0.0382707888355112,0,6181.287688888902,5878.13,68.45231111109752,6181.287688888902
0dbb6c60-e319-4d70-f84a-80c6be9a436d,87890231-7aa7-491c-9a98-18c49056f346,2020-11-20,2020-11-21,6993.23,0.0342303343419363,0,6177.8216333333485,6249.74,815.4083666666511,6177.8216333333485
0dbb6c60-e319-4d70-f84a-80c6be9a436d,87890231-7aa7-491c-9a98-18c49056f346,2020-11-21,2020-11-22,6070.78,0.0349066975518531,0,6218.487216666675,6993.23,147.70721666667487,6218.487216666675
0dbb6c60-e319-4d70-f84a-80c6be9a436d,87890231-7aa7-491c-9a98-18c49056f346,2020-11-22,2020-11-23,6903.02,0.0452260976141371,0,6178.665361111121,6070.78,724.3546388888799,6178.665361111121
0dbb6c60-e319-4d70-f84a-80c6be9a436d,87890231-7aa7-491c-9a98-18c49056f346,2020-11-23,2020-11-24,5850.28,0.0851443188756107,0,6219.293805555565,6903.02,369.0138055555653,6219.293805555565
0dbb6c60-e319-4d70-f84a-80c6be9a436d,87890231-7aa7-491c-9a98-18c49056f346,2020-11-24,2020-11-25,5955.53,0.0461343122789607,0,6238.156927777793,5850.28,282.62692777779284,6238.156927777793
0dbb6c60-e319-4d70-f84a-80c6be9a436d,87890231-7aa7-491c-9a98-18c49056f346,2020-11-25,2020-11-26,5984.65,0.0286887953197071,0,6188.191411111125,5955.53,203.54141111112492,6188.191411111125
0dbb6c60-e319-4d70-f84a-80c6be9a436d,87890231-7aa7-491c-9a98-18c49056f346,2020-11-26,2020-11-27,6135.3,0.032897574539047,0,6304.800872222233,5984.65,169.50087222223283,6304.800872222233
0dbb6c60-e319-4d70-f84a-80c6be9a436d,87890231-7aa7-491c-9a98-18c49056f346,2020-11-27,2020-11-28,6029.07,0.0328593432118345,0,6256.7545277777845,6135.3,227.68452777778475,6256.7545277777845
0dbb6c60-e319-4d70-f84a-80c6be9a436d,87890231-7aa7-491c-9a98-18c49056f346,2020-11-28,2020-11-29,6305.84,0.0446100479149138,0,6402.652894444451,6029.07,96.81289444445063,6402.652894444451
0dbb6c60-e319-4d70-f84a-80c6be9a436d,87890231-7aa7-491c-9a98-18c49056f346,2020-11-29,2020-11-30,5284.97,0.0398029295849684,0,6293.637438888897,6305.84,1008.6674388888968,6293.637438888897
0dbb6c60-e319-4d70-f84a-80c6be9a436d,87890231-7aa7-491c-9a98-18c49056f346,2020-11-30,2020-12-01,5767.44,0.0558110075044163,0,6158.401722222237,5284.97,390.96172222223777,6158.401722222237
0dbb6c60-e319-4d70-f84a-80c6be9a436d,87890231-7aa7-491c-9a98-18c49056f346,2020-12-01,2020-12-02,6651.94,0.0424559587259659,0,6155.43262222223,5767.44,496.50737777776976,6155.43262222223
0dbb6c60-e319-4d70-f84a-80c6be9a436d,87890231-7aa7-491c-9a98-18c49056f346,2020-12-02,2020-12-03,5633.68,0.0374458829658649,0,6176.196711111124,6651.94,542.5167111111232,6176.196711111124
0dbb6c60-e319-4d70-f84a-80c6be9a436d,87890231-7aa7-491c-9a98-18c49056f346,2020-12-03,2020-12-04,5931.44,0.0409031229899617,0,6171.454861111124,5633.68,240.01486111112445,6171.454861111124
0dbb6c60-e319-4d70-f84a-80c6be9a436d,87890231-7aa7-491c-9a98-18c49056f346,2020-12-04,2020-12-05,6219.4,0.0343008067789957,0,6226.443638888897,5931.44,7.043638888897476,6226.443638888897
0dbb6c60-e319-4d70-f84a-80c6be9a436d,87890231-7aa7-491c-9a98-18c49056f346,2020-12-05,2020-12-06,6011.77,0.0304270805140727,0,6096.041316666679,6219.4,84.27131666667901,6096.041316666679
0dbb6c60-e319-4d70-f84a-80c6be9a436d,87890231-7aa7-491c-9a98-18c49056f346,2020-12-06,2020-12-07,5768.66,0.0391494762272851,0,6160.724244444453,6011.77,392.0642444444529,6160.724244444453
0dbb6c60-e319-4d70-f84a-80c6be9a436d,87890231-7aa7-491c-9a98-18c49056f346,2020-12-07,2020-12-08,6147.99,0.0428979842217931,0,6105.728811111123,5768.66,42.26118888887686,6105.728811111123
0dbb6c60-e319-4d70-f84a-80c6be9a436d,87890231-7aa7-491c-9a98-18c49056f346,2020-12-08,2020-12-09,6262.59,0.0479450832202825,0,6265.109466666675,6147.99,2.519466666674816,6265.109466666675
0dbb6c60-e319-4d70-f84a-80c6be9a436d,87890231-7aa7-491c-9a98-18c49056f346,2020-12-09,2020-12-10,5823.38,0.0480641679442286,0,6244.282233333345,6262.59,420.90223333334507,6244.282233333345
0dbb6c60-e319-4d70-f84a-80c6be9a436d,87890231-7aa7-491c-9a98-18c49056f346,2020-12-10,2020-12-11,6116.69,0.0346903847180787,0,6145.758172222231,5823.38,29.068172222231624,6145.758172222231
0dbb6c60-e319-4d70-f84a-80c6be9a436d,87890231-7aa7-491c-9a98-18c49056f346,2020-12-11,2020-12-12,6250.18,0.0413842092014234,0,6218.800733333346,6116.69,31.379266666654075,6218.800733333346
0dbb6c60-e319-4d70-f84a-80c6be9a436d,87890231-7aa7-491c-9a98-18c49056f346,2020-12-12,2020-12-13,6312.35,0.0327233553542902,0,6342.859166666678,6250.18,30.50916666667763,6342.859166666678
0dbb6c60-e319-4d70-f84a-80c6be9a436d,87890231-7aa7-491c-9a98-18c49056f346,2020-12-13,2020-12-14,6085.43,0.0585724860135577,0,6330.82601111112,6312.35,245.3960111111201,6330.82601111112
0dbb6c60-e319-4d70-f84a-80c6be9a436d,87890231-7aa7-491c-9a98-18c49056f346,2020-12-14,2020-12-15,6499.81,0.0390529581577166,0,6177.485383333345,6085.43,322.32461666665495,6177.485383333345
0dbb6c60-e319-4d70-f84a-80c6be9a436d,87890231-7aa7-491c-9a98-18c49056f346,2020-12-15,2020-12-16,5974.9,0.0555404972051042,0,6319.749716666675,6499.81,344.8497166666757,6319.749716666675
0dbb6c60-e319-4d70-f84a-80c6be9a436d,87890231-7aa7-491c-9a98-18c49056f346,2020-12-16,2020-12-17,5668.63,0.0494754575078948,0,6289.25426666668,5974.9,620.6242666666794,6289.25426666668
0dbb6c60-e319-4d70-f84a-80c6be9a436d,87890231-7aa7-491c-9a98-18c49056f346,2020-12-17,2020-12-18,5883.01,0.0352994539296317,0,6173.236488888905,5668.63,290.2264888889049,6173.236488888905
0dbb6c60-e319-4d70-f84a-80c6be9a436d,87890231-7aa7-491c-9a98-18c49056f346,2020-12-18,2020-12-19,6312.2,0.036829325889342,0,6282.777877777789,5883.01,29.42212222221042,6282.777877777789
0dbb6c60-e319-4d70-f84a-80c6be9a436d,87890231-7aa7-491c-9a98-18c49056f346,2020-12-19,2020-12-20,5675.14,0.037508532600435,0,6357.950205555564,6312.2,682.8102055555637,6357.950205555564
0dbb6c60-e319-4d70-f84a-80c6be9a436d,87890231-7aa7-491c-9a98-18c49056f346,2020-12-20,2020-12-21,5299.18,0.0406213821677741,0,6244.43041111112,5675.14,945.2504111111192,6244.43041111112
0dbb6c60-e319-4d70-f84a-80c6be9a436d,87890231-7aa7-491c-9a98-18c49056f346,2020-12-21,2020-12-22,6058.81,0.0538506584513035,0,6195.157550000011,5299.18,136.3475500000104,6195.157550000011
0dbb6c60-e319-4d70-f84a-80c6be9a436d,87890231-7aa7-491c-9a98-18c49056f346,2020-12-22,2020-12-23,5784.64,0.0467382308637454,0,6183.777661111121,6058.81,399.1376611111209,6183.777661111121
0dbb6c60-e319-4d70-f84a-80c6be9a436d,87890231-7aa7-491c-9a98-18c49056f346,2020-12-23,2020-12-24,6610.62,0.0526006947162708,0,6178.657488888904,5784.64,431.9625111110963,6178.657488888904
0dbb6c60-e319-4d70-f84a-80c6be9a436d,87890231-7aa7-491c-9a98-18c49056f346,2020-12-24,2020-12-25,5980.25,0.0336605512422654,0,6147.048783333348,6610.62,166.79878333334818,6147.048783333348
0dbb6c60-e319-4d70-f84a-80c6be9a436d,87890231-7aa7-491c-9a98-18c49056f346,2020-12-25,2020-12-26,6270.52,0.0330881600514912,0,6269.502666666673,5980.25,1.0173333333277697,6269.502666666673
0dbb6c60-e319-4d70-f84a-80c6be9a436d,87890231-7aa7-491c-9a98-18c49056f346,2020-12-26,2020-12-27,5745.03,0.0487349144937674,0,6247.995838888903,6270.52,502.9658388889029,6247.995838888903
0dbb6c60-e319-4d70-f84a-80c6be9a436d,87890231-7aa7-491c-9a98-18c49056f346,2020-12-27,2020-12-28,6058.2,0.0444036290030429,0,6140.092133333344,5745.03,81.89213333334374,6140.092133333344
0dbb6c60-e319-4d70-f84a-80c6be9a436d,87890231-7aa7-491c-9a98-18c49056f346,2020-12-28,2020-12-29,5984.34,0.0510911022800448,0,6196.015138888904,6058.2,211.67513888890332,6196.015138888904
0dbb6c60-e319-4d70-f84a-80c6be9a436d,87890231-7aa7-491c-9a98-18c49056f346,2020-12-29,2020-12-30,6286.42,0.0563944306981103,0,6287.514305555567,5984.34,1.094305555567189,6287.514305555567
0dbb6c60-e319-4d70-f84a-80c6be9a436d,87890231-7aa7-491c-9a98-18c49056f346,2020-12-30,2020-12-31,5917.03,0.0380682660007637,0,6192.918100000012,6286.42,275.88810000001195,6192.918100000012
118bc7a8-fa6f-4f24-dbfb-a501408cf7ef,acc35770-82ba-4b5f-65e5-17c372a7539a,2020-08-23,2020-08-24,279.82,0.0669933573242978,0,289.4852777777779,302.63,9.66527777777793,289.4852777777779
118bc7a8-fa6f-4f24-dbfb-a501408cf7ef,acc35770-82ba-4b5f-65e5-17c372a7539a,2020-08-24,2020-08-25,277.21,0.2744356143381243,1,0.0,279.82,277.21,279.82
118bc7a8-fa6f-4f24-dbfb-a501408cf7ef,acc35770-82ba-4b5f-65e5-17c372a7539a,2020-08-25,2020-08-26,294.03,0.0504590825862674,0,291.61281666666696,277.21,2.417183333333014,291.61281666666696
118bc7a8-fa6f-4f24-dbfb-a501408cf7ef,acc35770-82ba-4b5f-65e5-17c372a7539a,2020-08-26,2020-08-27,278.57,0.0421645175495144,0,290.30293888888883,294.03,11.73293888888884,290.30293888888883
118bc7a8-fa6f-4f24-dbfb-a501408cf7ef,acc35770-82ba-4b5f-65e5-17c372a7539a,2020-08-27,2020-08-28,293.1,0.1516965435313268,1,0.0,278.57,293.1,278.57
118bc7a8-fa6f-4f24-dbfb-a501408cf7ef,acc35770-82ba-4b5f-65e5-17c372a7539a,2020-08-28,2020-08-29,293.03,0.0520484462929755,0,288.9921111111111,293.1,4.037888888888858,288.9921111111111
118bc7a8-fa6f-4f24-dbfb-a501408cf7ef,acc35770-82ba-4b5f-65e5-17c372a7539a,2020-08-29,2020-08-30,287.59,0.0851372957979903,0,286.42333333333335,293.03,1.1666666666666288,286.42333333333335
118bc7a8-fa6f-4f24-dbfb-a501408cf7ef,acc35770-82ba-4b5f-65e5-17c372a7539a,2020-08-30,2020-08-31,292.57,0.0696246211962394,0,290.9701277777779,287.59,1.599872222222075,290.9701277777779
118bc7a8-fa6f-4f24-dbfb-a501408cf7ef,acc35770-82ba-4b5f-65e5-17c372a7539a,2020-08-31,2020-09-01,297.68,0.207357655168907,1,0.0,292.57,297.68,292.57
118bc7a8-fa6f-4f24-dbfb-a501408cf7ef,acc35770-82ba-4b5f-65e5-17c372a7539a,2020-09-01,2020-09-02,286.85,0.2312706489152309,1,0.0,297.68,286.85,297.68
118bc7a8-fa6f-4f24-dbfb-a501408cf7ef,acc35770-82ba-4b5f-65e5-17c372a7539a,2020-09-02,2020-09-03,281.41,0.1299733519944446,0,288.37321111111135,286.85,6.96321111111132,288.37321111111135
118bc7a8-fa6f-4f24-dbfb-a501408cf7ef,acc35770-82ba-4b5f-65e5-17c372a7539a,2020-09-03,2020-09-04,300.2,0.2087766842916252,1,0.0,281.41,300.2,281.41
118bc7a8-fa6f-4f24-dbfb-a501408cf7ef,acc35770-82ba-4b5f-65e5-17c372a7539a,2020-09-04,2020-09-05,291.97,0.1368878551076345,0,292.1673444444447,300.2,0.1973444444446954,292.1673444444447
118bc7a8-fa6f-4f24-dbfb-a501408cf7ef,acc35770-82ba-4b5f-65e5-17c372a7539a,2020-09-05,2020-09-06,294.47,0.1101362879179319,0,297.83108888888904,291.97,3.3610888888890145,297.83108888888904
118bc7a8-fa6f-4f24-dbfb-a501408cf7ef,acc35770-82ba-4b5f-65e5-17c372a7539a,2020-09-06,2020-09-07,296.31,0.1061182646150063,0,293.09000555555576,294.47,3.2199944444442394,293.09000555555576
118bc7a8-fa6f-4f24-dbfb-a501408cf7ef,acc35770-82ba-4b5f-65e5-17c372a7539a,2020-09-07,2020-09-08,289.85,0.3826250416598625,1,0.0,296.31,289.85,296.31
118bc7a8-fa6f-4f24-dbfb-a501408cf7ef,acc35770-82ba-4b5f-65e5-17c372a7539a,2020-09-08,2020-09-09,282.7,0.1480548238084046,0,291.79451666666694,289.85,9.094516666666948,291.79451666666694
118bc7a8-fa6f-4f24-dbfb-a501408cf7ef,acc35770-82ba-4b5f-65e5-17c372a7539a,2020-09-09,2020-09-10,278.77,0.1034733945453724,0,288.4623111111113,282.7,9.692311111111335,288.4623111111113
118bc7a8-fa6f-4f24-dbfb-a501408cf7ef,acc35770-82ba-4b5f-65e5-17c372a7539a,2020-09-10,2020-09-11,286.13,0.1656305248344909,1,0.0,278.77,286.13,278.77
118bc7a8-fa6f-4f24-dbfb-a501408cf7ef,acc35770-82ba-4b5f-65e5-17c372a7539a,2020-09-11,2020-09-12,294.29,0.1035165303264052,0,292.2455111111113,286.13,2.0444888888887363,292.2455111111113
118bc7a8-fa6f-4f24-dbfb-a501408cf7ef,acc35770-82ba-4b5f-65e5-17c372a7539a,2020-09-12,2020-09-13,0.0,0.0684809543044182,0,290.5360222222224,294.29,290.5360222222224,290.5360222222224
118bc7a8-fa6f-4f24-dbfb-a501408cf7ef,acc35770-82ba-4b5f-65e5-17c372a7539a,2020-09-15,2020-09-16,271.43,0.1115305065769526,0,297.6884388888888,292.05,26.258438888888804,297.6884388888888
118bc7a8-fa6f-4f24-dbfb-a501408cf7ef,acc35770-82ba-4b5f-65e5-17c372a7539a,2020-09-16,2020-09-17,280.14,0.0764108529585534,0,292.29758888888904,271.43,12.157588888889052,292.29758888888904
118bc7a8-fa6f-4f24-dbfb-a501408cf7ef,acc35770-82ba-4b5f-65e5-17c372a7539a,2020-09-17,2020-09-18,296.39,0.0848719788292583,0,288.47611111111127,280.14,7.913888888888721,288.47611111111127
118bc7a8-fa6f-4f24-dbfb-a501408cf7ef,acc35770-82ba-4b5f-65e5-17c372a7539a,2020-09-18,2020-09-19,274.8,0.0823764638404933,0,291.95224444444455,296.39,17.152244444444534,291.95224444444455
118bc7a8-fa6f-4f24-dbfb-a501408cf7ef,acc35770-82ba-4b5f-65e5-17c372a7539a,2020-09-19,2020-09-20,288.4,0.0860561657509002,0,287.2297444444445,274.8,1.1702555555554568,287.2297444444445
118bc7a8-fa6f-4f24-dbfb-a501408cf7ef,acc35770-82ba-4b5f-65e5-17c372a7539a,2020-09-20,2020-09-21,286.99,0.0699091870554119,0,292.7121166666668,288.4,5.722116666666807,292.7121166666668
118bc7a8-fa6f-4f24-dbfb-a501408cf7ef,acc35770-82ba-4b5f-65e5-17c372a7539a,2020-09-21,2020-09-22,284.5,0.2026521642674419,1,0.0,286.99,284.5,286.99
118bc7a8-fa6f-4f24-dbfb-a501408cf7ef,acc35770-82ba-4b5f-65e5-17c372a7539a,2020-09-22,2020-09-23,295.88,0.17596797910595,1,0.0,284.5,295.88,284.5
118bc7a8-fa6f-4f24-dbfb-a501408cf7ef,acc35770-82ba-4b5f-65e5-17c372a7539a,2020-09-23,2020-09-24,289.14,0.101569756185686,0,294.58284444444456,295.88,5.442844444444575,294.58284444444456
118bc7a8-fa6f-4f24-dbfb-a501408cf7ef,acc35770-82ba-4b5f-65e5-17c372a7539a,2020-09-24,2020-09-25,269.14,0.1586211240756908,1,0.0,289.14,269.14,289.14
118bc7a8-fa6f-4f24-dbfb-a501408cf7ef,acc35770-82ba-4b5f-65e5-17c372a7539a,2020-09-25,2020-09-26,293.09,0.0704874654529974,0,291.1365388888892,269.14,1.953461111110812,291.1365388888892
118bc7a8-fa6f-4f24-dbfb-a501408cf7ef,acc35770-82ba-4b5f-65e5-17c372a7539a,2020-09-26,2020-09-27,278.34,0.0574762263682157,0,293.14473333333365,293.09,14.804733333333672,293.14473333333365
118bc7a8-fa6f-4f24-dbfb-a501408cf7ef,acc35770-82ba-4b5f-65e5-17c372a7539a,2020-09-27,2020-09-28,266.55,0.0548608623407702,0,287.37470000000013,278.34,20.82470000000012,287.37470000000013
118bc7a8-fa6f-4f24-dbfb-a501408cf7ef,acc35770-82ba-4b5f-65e5-17c372a7539a,2020-09-28,2020-09-29,0.0,0.1917929072605347,1,0.0,266.55,0.0,266.55
118bc7a8-fa6f-4f24-dbfb-a501408cf7ef,acc35770-82ba-4b5f-65e5-17c372a7539a,2020-09-29,2020-09-30,268.68,0.0149467211478014,0,285.72229999999985,0.0,17.04229999999984,285.72229999999985
118bc7a8-fa6f-4f24-dbfb-a501408cf7ef,acc35770-82ba-4b5f-65e5-17c372a7539a,2020-09-30,2020-10-01,279.95,0.1179154034485577,0,290.87458888888887,268.68,10.924588888888875,290.87458888888887
118bc7a8-fa6f-4f24-dbfb-a501408cf7ef,acc35770-82ba-4b5f-65e5-17c372a7539a,2020-10-01,2020-10-02,289.03,0.1132169271733979,0,289.9368277777777,279.95,0.9068277777777212,289.9368277777777
118bc7a8-fa6f-4f24-dbfb-a501408cf7ef,acc35770-82ba-4b5f-65e5-17c372a7539a,2020-10-02,2020-10-03,283.64,0.0928645368412644,0,290.5049166666665,289.03,6.864916666666488,290.5049166666665
118bc7a8-fa6f-4f24-dbfb-a501408cf7ef,acc35770-82ba-4b5f-65e5-17c372a7539a,2020-10-03,2020-10-04,275.8,0.1146124687327105,0,293.16179444444475,283.64,17.36179444444474,293.16179444444475
118bc7a8-fa6f-4f24-dbfb-a501408cf7ef,acc35770-82ba-4b5f-65e5-17c372a7539a,2020-10-04,2020-10-05,270.61,0.0855967492104652,0,285.8530611111114,275.8,15.243061111111388,285.8530611111114
118bc7a8-fa6f-4f24-dbfb-a501408cf7ef,acc35770-82ba-4b5f-65e5-17c372a7539a,2020-10-05,2020-10-06,273.66,0.2157266090365638,1,0.0,270.61,273.66,270.61
118bc7a8-fa6f-4f24-dbfb-a501408cf7ef,acc35770-82ba-4b5f-65e5-17c372a7539a,2020-10-06,2020-10-07,269.21,0.1080208042572088,0,284.3034888888892,273.66,15.093488888889226,284.3034888888892
118bc7a8-fa6f-4f24-dbfb-a501408cf7ef,acc35770-82ba-4b5f-65e5-17c372a7539a,2020-10-07,2020-10-08,282.18,0.0754304030738768,0,285.2707972222222,269.21,3.090797222222193,285.2707972222222
118bc7a8-fa6f-4f24-dbfb-a501408cf7ef,acc35770-82ba-4b5f-65e5-17c372a7539a,2020-10-08,2020-10-09,276.19,0.1428179445637681,0,290.66170000000005,282.18,14.471700000000055,290.66170000000005
118bc7a8-fa6f-4f24-dbfb-a501408cf7ef,acc35770-82ba-4b5f-65e5-17c372a7539a,2020-10-09,2020-10-10,264.78,0.1044362970883434,0,290.87537777777777,276.19,26.0953777777778,290.87537777777777
118bc7a8-fa6f-4f24-dbfb-a501408cf7ef,acc35770-82ba-4b5f-65e5-17c372a7539a,2020-10-10,2020-10-11,279.46,0.0776728322073386,0,284.42312222222233,264.78,4.963122222222353,284.42312222222233
118bc7a8-fa6f-4f24-dbfb-a501408cf7ef,acc35770-82ba-4b5f-65e5-17c372a7539a,2020-10-11,2020-10-12,274.41,0.0683882809481084,0,288.7799777777776,279.46,14.369977777777592,288.7799777777776
118bc7a8-fa6f-4f24-dbfb-a501408cf7ef,acc35770-82ba-4b5f-65e5-17c372a7539a,2020-10-12,2020-10-13,287.05,0.2302044671788851,1,0.0,274.41,287.05,274.41
118bc7a8-fa6f-4f24-dbfb-a501408cf7ef,acc35770-82ba-4b5f-65e5-17c372a7539a,2020-10-13,2020-10-14,288.24,0.1129759873242526,0,293.3819111111114,287.05,5.141911111111369,293.3819111111114
118bc7a8-fa6f-4f24-dbfb-a501408cf7ef,acc35770-82ba-4b5f-65e5-17c372a7539a,2020-10-14,2020-10-15,302.55,0.1766942387859807,1,0.0,288.24,302.55,288.24
118bc7a8-fa6f-4f24-dbfb-a501408cf7ef,acc35770-82ba-4b5f-65e5-17c372a7539a,2020-10-15,2020-10-16,292.07,0.1328276001287067,0,294.08765000000017,302.55,2.017650000000174,294.08765000000017
118bc7a8-fa6f-4f24-dbfb-a501408cf7ef,acc35770-82ba-4b5f-65e5-17c372a7539a,2020-10-16,2020-10-17,267.64,0.1298081287269114,0,288.791488888889,292.07,21.15148888888899,288.791488888889
118bc7a8-fa6f-4f24-dbfb-a501408cf7ef,acc35770-82ba-4b5f-65e5-17c372a7539a,2020-10-17,2020-10-18,253.37,0.0673619222625115,0,283.62895555555565,267.64,30.258955555555644,283.62895555555565
118bc7a8-fa6f-4f24-dbfb-a501408cf7ef,acc35770-82ba-4b5f-65e5-17c372a7539a,2020-10-18,2020-10-19,261.65,0.095301474014694,0,286.38582777777805,253.37,24.73582777777807,286.38582777777805
118bc7a8-fa6f-4f24-dbfb-a501408cf7ef,acc35770-82ba-4b5f-65e5-17c372a7539a,2020-10-19,2020-10-20,275.14,0.1894569427929134,1,0.0,261.65,275.14,261.65
118bc7a8-fa6f-4f24-dbfb-a501408cf7ef,acc35770-82ba-4b5f-65e5-17c372a7539a,2020-10-20,2020-10-21,260.19,0.13654918436381,0,291.6081916666667,275.14,31.4181916666667,291.6081916666667
118bc7a8-fa6f-4f24-dbfb-a501408cf7ef,acc35770-82ba-4b5f-65e5-17c372a7539a,2020-10-21,2020-10-22,273.27,0.1302550733328583,0,291.06010833333346,260.19,17.790108333333478,291.06010833333346
118bc7a8-fa6f-4f24-dbfb-a501408cf7ef,acc35770-82ba-4b5f-65e5-17c372a7539a,2020-10-22,2020-10-23,282.11,0.092067817286706,0,288.8170333333334,273.27,6.707033333333413,288.8170333333334
118bc7a8-fa6f-4f24-dbfb-a501408cf7ef,acc35770-82ba-4b5f-65e5-17c372a7539a,2020-10-23,2020-10-24,273.68,0.0923511745076845,0,292.8954833333335,282.11,19.21548333333351,292.8954833333335
118bc7a8-fa6f-4f24-dbfb-a501408cf7ef,acc35770-82ba-4b5f-65e5-17c372a7539a,2020-10-24,2020-10-25,285.28,0.1276995736689215,0,287.5297499999997,273.68,2.2497499999997785,287.5297499999997
118bc7a8-fa6f-4f24-dbfb-a501408cf7ef,acc35770-82ba-4b5f-65e5-17c372a7539a,2020-10-25,2020-10-26,272.74,0.0877465156247523,0,288.6207166666667,285.28,15.880716666666672,288.6207166666667
118bc7a8-fa6f-4f24-dbfb-a501408cf7ef,acc35770-82ba-4b5f-65e5-17c372a7539a,2020-10-26,2020-10-27,270.49,0.3447437955306913,1,0.0,272.74,270.49,272.74
118bc7a8-fa6f-4f24-dbfb-a501408cf7ef,acc35770-82ba-4b5f-65e5-17c372a7539a,2020-10-27,2020-10-28,305.87,0.1419502794644814,0,288.4056611111113,270.49,17.464338888888676,288.4056611111113
118bc7a8-fa6f-4f24-dbfb-a501408cf7ef,acc35770-82ba-4b5f-65e5-17c372a7539a,2020-10-28,2020-10-29,280.2,0.0906142166430643,0,293.9076055555557,305.87,13.707605555555688,293.9076055555557
118bc7a8-fa6f-4f24-dbfb-a501408cf7ef,acc35770-82ba-4b5f-65e5-17c372a7539a,2020-10-29,2020-10-30,282.07,0.1261084361610669,0,287.8267055555557,280.2,5.756705555555698,287.8267055555557
118bc7a8-fa6f-4f24-dbfb-a501408cf7ef,acc35770-82ba-4b5f-65e5-17c372a7539a,2020-10-30,2020-10-31,292.41,0.1353448112103971,0,291.07420000000025,282.07,1.3357999999997787,291.07420000000025
118bc7a8-fa6f-4f24-dbfb-a501408cf7ef,acc35770-82ba-4b5f-65e5-17c372a7539a,2020-10-31,2020-11-01,292.72,0.0745604667802565,0,293.0047611111111,292.41,0.284761111111095,293.0047611111111
118bc7a8-fa6f-4f24-dbfb-a501408cf7ef,acc35770-82ba-4b5f-65e5-17c372a7539a,2020-11-01,2020-11-02,274.91,0.11003641185312,0,290.36290000000025,292.72,15.452900000000229,290.36290000000025
118bc7a8-fa6f-4f24-dbfb-a501408cf7ef,acc35770-82ba-4b5f-65e5-17c372a7539a,2020-11-02,2020-11-03,294.84,0.2748805576432175,1,0.0,274.91,294.84,274.91
118bc7a8-fa6f-4f24-dbfb-a501408cf7ef,acc35770-82ba-4b5f-65e5-17c372a7539a,2020-11-03,2020-11-04,273.44,0.1176142591797292,0,295.0105944444449,294.84,21.570594444444907,295.0105944444449
118bc7a8-fa6f-4f24-dbfb-a501408cf7ef,acc35770-82ba-4b5f-65e5-17c372a7539a,2020-11-04,2020-11-05,294.04,0.1912591695175825,1,0.0,273.44,294.04,273.44
118bc7a8-fa6f-4f24-dbfb-a501408cf7ef,acc35770-82ba-4b5f-65e5-17c372a7539a,2020-11-05,2020-11-06,262.59,0.1068714504522453,0,291.8612222222224,294.04,29.271222222222438,291.8612222222224
118bc7a8-fa6f-4f24-dbfb-a501408cf7ef,acc35770-82ba-4b5f-65e5-17c372a7539a,2020-11-06,2020-11-07,274.88,0.100440783893293,0,283.5512277777778,262.59,8.671227777777801,283.5512277777778
118bc7a8-fa6f-4f24-dbfb-a501408cf7ef,acc35770-82ba-4b5f-65e5-17c372a7539a,2020-11-07,2020-11-08,282.08,0.0816903693278768,0,292.40485555555586,274.88,10.324855555555873,292.40485555555586
118bc7a8-fa6f-4f24-dbfb-a501408cf7ef,acc35770-82ba-4b5f-65e5-17c372a7539a,2020-11-08,2020-11-09,283.85,0.0926326634919907,0,294.0444444444447,282.08,10.194444444444684,294.0444444444447
118bc7a8-fa6f-4f24-dbfb-a501408cf7ef,acc35770-82ba-4b5f-65e5-17c372a7539a,2020-11-09,2020-11-10,267.1,0.2671694487198316,1,0.0,283.85,267.1,283.85
118bc7a8-fa6f-4f24-dbfb-a501408cf7ef,acc35770-82ba-4b5f-65e5-17c372a7539a,2020-11-10,2020-11-11,256.4,0.1962603811708643,1,0.0,267.1,256.4,267.1
118bc7a8-fa6f-4f24-dbfb-a501408cf7ef,acc35770-82ba-4b5f-65e5-17c372a7539a,2020-11-11,2020-11-12,284.73,0.161313100256555,1,0.0,256.4,284.73,256.4
118bc7a8-fa6f-4f24-dbfb-a501408cf7ef,acc35770-82ba-4b5f-65e5-17c372a7539a,2020-11-12,2020-11-13,275.22,0.1125715681189082,0,291.40990555555555,284.73,16.189905555555526,291.40990555555555
118bc7a8-fa6f-4f24-dbfb-a501408cf7ef,acc35770-82ba-4b5f-65e5-17c372a7539a,2020-11-13,2020-11-14,0.0,0.1036106579777691,0,286.41968888888914,275.22,286.41968888888914,286.41968888888914
118bc7a8-fa6f-4f24-dbfb-a501408cf7ef,acc35770-82ba-4b5f-65e5-17c372a7539a,2020-11-14,2020-11-15,301.67,0.0093348334016885,0,281.94558333333333,0.0,19.724416666666684,281.94558333333333
118bc7a8-fa6f-4f24-dbfb-a501408cf7ef,acc35770-82ba-4b5f-65e5-17c372a7539a,2020-11-15,2020-11-16,273.51,0.1016380475464411,0,294.55240555555525,301.67,21.042405555555263,294.55240555555525
118bc7a8-fa6f-4f24-dbfb-a501408cf7ef,acc35770-82ba-4b5f-65e5-17c372a7539a,2020-11-16,2020-11-17,270.29,0.3269404169177187,1,0.0,273.51,270.29,273.51
118bc7a8-fa6f-4f24-dbfb-a501408cf7ef,acc35770-82ba-4b5f-65e5-17c372a7539a,2020-11-17,2020-11-18,253.33,0.1631769018555844,1,0.0,270.29,253.33,270.29
118bc7a8-fa6f-4f24-dbfb-a501408cf7ef,acc35770-82ba-4b5f-65e5-17c372a7539a,2020-11-18,2020-11-19,262.41,0.0990952978332924,0,272.16256666666663,253.33,9.75256666666661,272.16256666666663
118bc7a8-fa6f-4f24-dbfb-a501408cf7ef,acc35770-82ba-4b5f-65e5-17c372a7539a,2020-11-19,2020-11-20,289.22,0.102019351575898,0,277.21507222222243,262.41,12.004927777777596,277.21507222222243
118bc7a8-fa6f-4f24-dbfb-a501408cf7ef,acc35770-82ba-4b5f-65e5-17c372a7539a,2020-11-20,2020-11-21,266.79,0.0840062282962235,0,288.0421555555556,289.22,21.25215555555559,288.0421555555556
118bc7a8-fa6f-4f24-dbfb-a501408cf7ef,acc35770-82ba-4b5f-65e5-17c372a7539a,2020-11-21,2020-11-22,285.3,0.0990278958968272,0,284.4969833333335,266.79,0.8030166666665082,284.4969833333335
118bc7a8-fa6f-4f24-dbfb-a501408cf7ef,acc35770-82ba-4b5f-65e5-17c372a7539a,2020-11-22,2020-11-23,259.0,0.0862833058714414,0,292.8281388888889,285.3,33.82813888888887,292.8281388888889
118bc7a8-fa6f-4f24-dbfb-a501408cf7ef,acc35770-82ba-4b5f-65e5-17c372a7539a,2020-11-23,2020-11-24,264.37,0.2681919506447938,1,0.0,259.0,264.37,259.0
118bc7a8-fa6f-4f24-dbfb-a501408cf7ef,acc35770-82ba-4b5f-65e5-17c372a7539a,2020-11-24,2020-11-25,263.86,0.1146419682160104,0,279.3820388888888,264.37,15.522038888888744,279.3820388888888
118bc7a8-fa6f-4f24-dbfb-a501408cf7ef,acc35770-82ba-4b5f-65e5-17c372a7539a,2020-11-25,2020-11-26,282.4,0.0946473466253441,0,278.9907055555554,263.86,3.4092944444445834,278.9907055555554
118bc7a8-fa6f-4f24-dbfb-a501408cf7ef,acc35770-82ba-4b5f-65e5-17c372a7539a,2020-11-26,2020-11-27,272.67,0.0938137863442026,0,285.82022222222224,282.4,13.150222222222226,285.82022222222224
118bc7a8-fa6f-4f24-dbfb-a501408cf7ef,acc35770-82ba-4b5f-65e5-17c372a7539a,2020-11-27,2020-11-28,260.51,0.1026766651818132,0,285.9344611111113,272.67,25.424461111111327,285.9344611111113
118bc7a8-fa6f-4f24-dbfb-a501408cf7ef,acc35770-82ba-4b5f-65e5-17c372a7539a,2020-11-28,2020-11-29,285.22,0.073005750847189,0,278.3482111111111,260.51,6.871788888888943,278.3482111111111
118bc7a8-fa6f-4f24-dbfb-a501408cf7ef,acc35770-82ba-4b5f-65e5-17c372a7539a,2020-11-29,2020-11-30,281.91,0.1212768110886288,0,291.29029999999983,285.22,9.380299999999806,291.29029999999983
118bc7a8-fa6f-4f24-dbfb-a501408cf7ef,acc35770-82ba-4b5f-65e5-17c372a7539a,2020-11-30,2020-12-01,279.57,0.2165879766407849,1,0.0,281.91,279.57,281.91
118bc7a8-fa6f-4f24-dbfb-a501408cf7ef,acc35770-82ba-4b5f-65e5-17c372a7539a,2020-12-01,2020-12-02,278.75,0.1631549430922223,1,0.0,279.57,278.75,279.57
118bc7a8-fa6f-4f24-dbfb-a501408cf7ef,acc35770-82ba-4b5f-65e5-17c372a7539a,2020-12-02,2020-12-03,263.02,0.1292707042191158,0,287.97332222222235,278.75,24.95332222222237,287.97332222222235
118bc7a8-fa6f-4f24-dbfb-a501408cf7ef,acc35770-82ba-4b5f-65e5-17c372a7539a,2020-12-03,2020-12-04,292.13,0.104975880118159,0,282.75546666666673,263.02,9.37453333333326,282.75546666666673
118bc7a8-fa6f-4f24-dbfb-a501408cf7ef,acc35770-82ba-4b5f-65e5-17c372a7539a,2020-12-04,2020-12-05,272.75,0.0711177072014302,0,287.66277222222215,292.13,14.912772222222143,287.66277222222215
118bc7a8-fa6f-4f24-dbfb-a501408cf7ef,acc35770-82ba-4b5f-65e5-17c372a7539a,2020-12-05,2020-12-06,277.65,0.1207616908482108,0,284.2715111111109,272.75,6.621511111110976,284.2715111111109
118bc7a8-fa6f-4f24-dbfb-a501408cf7ef,acc35770-82ba-4b5f-65e5-17c372a7539a,2020-12-06,2020-12-07,279.06,0.0622614229227047,0,289.2304222222223,277.65,10.170422222222273,289.2304222222223
118bc7a8-fa6f-4f24-dbfb-a501408cf7ef,acc35770-82ba-4b5f-65e5-17c372a7539a,2020-12-07,2020-12-08,260.97,0.2292390128864608,1,0.0,279.06,260.97,279.06
118bc7a8-fa6f-4f24-dbfb-a501408cf7ef,acc35770-82ba-4b5f-65e5-17c372a7539a,2020-12-08,2020-12-09,300.61,0.1878783653857896,1,0.0,260.97,300.61,260.97
118bc7a8-fa6f-4f24-dbfb-a501408cf7ef,acc35770-82ba-4b5f-65e5-17c372a7539a,2020-12-09,2020-12-10,272.87,0.1303595416054775,0,289.0687944444445,300.61,16.198794444444502,289.0687944444445
118bc7a8-fa6f-4f24-dbfb-a501408cf7ef,acc35770-82ba-4b5f-65e5-17c372a7539a,2020-12-10,2020-12-11,273.51,0.1244729887567901,0,280.44352777777766,272.87,6.93352777777767,280.44352777777766
118bc7a8-fa6f-4f24-dbfb-a501408cf7ef,acc35770-82ba-4b5f-65e5-17c372a7539a,2020-12-11,2020-12-12,267.31,0.0660200659068911,0,287.7118777777779,273.51,20.401877777777884,287.7118777777779
118bc7a8-fa6f-4f24-dbfb-a501408cf7ef,acc35770-82ba-4b5f-65e5-17c372a7539a,2020-12-12,2020-12-13,288.84,0.0788339048895153,0,281.97057222222213,267.31,6.869427777777844,281.97057222222213
118bc7a8-fa6f-4f24-dbfb-a501408cf7ef,acc35770-82ba-4b5f-65e5-17c372a7539a,2020-12-13,2020-12-14,289.27,0.0803990594336241,0,287.9017444444444,288.84,1.3682555555556064,287.9017444444444
118bc7a8-fa6f-4f24-dbfb-a501408cf7ef,acc35770-82ba-4b5f-65e5-17c372a7539a,2020-12-14,2020-12-15,274.51,0.2140774230619607,1,0.0,289.27,274.51,289.27
118bc7a8-fa6f-4f24-dbfb-a501408cf7ef,acc35770-82ba-4b5f-65e5-17c372a7539a,2020-12-15,2020-12-16,252.94,0.1277063988453468,0,281.7465833333335,274.51,28.80658333333349,281.7465833333335
118bc7a8-fa6f-4f24-dbfb-a501408cf7ef,acc35770-82ba-4b5f-65e5-17c372a7539a,2020-12-16,2020-12-17,269.77,0.1287955658915234,0,285.80630000000014,252.94,16.036300000000153,285.80630000000014
118bc7a8-fa6f-4f24-dbfb-a501408cf7ef,acc35770-82ba-4b5f-65e5-17c372a7539a,2020-12-17,2020-12-18,270.94,0.1214486081464652,0,280.0521222222221,269.77,9.112122222222126,280.0521222222221
118bc7a8-fa6f-4f24-dbfb-a501408cf7ef,acc35770-82ba-4b5f-65e5-17c372a7539a,2020-12-18,2020-12-19,265.58,0.0785291842556232,0,281.82444444444445,270.94,16.24444444444447,281.82444444444445
118bc7a8-fa6f-4f24-dbfb-a501408cf7ef,acc35770-82ba-4b5f-65e5-17c372a7539a,2020-12-19,2020-12-20,258.45,0.0680957483552891,0,278.7154611111111,265.58,20.265461111111108,278.7154611111111
118bc7a8-fa6f-4f24-dbfb-a501408cf7ef,acc35770-82ba-4b5f-65e5-17c372a7539a,2020-12-20,2020-12-21,251.02,0.1168542759598428,0,281.9503333333335,258.45,30.930333333333493,281.9503333333335
118bc7a8-fa6f-4f24-dbfb-a501408cf7ef,acc35770-82ba-4b5f-65e5-17c372a7539a,2020-12-21,2020-12-22,0.0,0.2130000401624038,1,0.0,251.02,0.0,251.02
118bc7a8-fa6f-4f24-dbfb-a501408cf7ef,acc35770-82ba-4b5f-65e5-17c372a7539a,2020-12-22,2020-12-23,281.19,0.0032334707281927,0,273.02038333333337,0.0,8.169616666666627,273.02038333333337
118bc7a8-fa6f-4f24-dbfb-a501408cf7ef,acc35770-82ba-4b5f-65e5-17c372a7539a,2020-12-23,2020-12-24,271.25,0.0890583324403379,0,277.30359444444434,281.19,6.053594444444343,277.30359444444434
118bc7a8-fa6f-4f24-dbfb-a501408cf7ef,acc35770-82ba-4b5f-65e5-17c372a7539a,2020-12-24,2020-12-25,261.96,0.1133529431484134,0,280.5886388888887,271.25,18.628638888888705,280.5886388888887
118bc7a8-fa6f-4f24-dbfb-a501408cf7ef,acc35770-82ba-4b5f-65e5-17c372a7539a,2020-12-25,2020-12-26,275.36,0.0810207786021752,0,272.52683333333334,261.96,2.8331666666666706,272.52683333333334
118bc7a8-fa6f-4f24-dbfb-a501408cf7ef,acc35770-82ba-4b5f-65e5-17c372a7539a,2020-12-26,2020-12-27,273.05,0.0741479612804969,0,279.0825000000002,275.36,6.032500000000198,279.0825000000002
118bc7a8-fa6f-4f24-dbfb-a501408cf7ef,acc35770-82ba-4b5f-65e5-17c372a7539a,2020-12-27,2020-12-28,0.0,0.0885107813521513,0,279.73607222222216,273.05,279.73607222222216,279.73607222222216
118bc7a8-fa6f-4f24-dbfb-a501408cf7ef,acc35770-82ba-4b5f-65e5-17c372a7539a,2020-12-28,2020-12-29,275.25,0.0155579943166954,0,264.68401666666665,0.0,10.56598333333335,264.68401666666665
118bc7a8-fa6f-4f24-dbfb-a501408cf7ef,acc35770-82ba-4b5f-65e5-17c372a7539a,2020-12-29,2020-12-30,276.77,0.1198077930254679,0,255.46512222222225,275.25,21.30487777777776,255.46512222222225
118bc7a8-fa6f-4f24-dbfb-a501408cf7ef,acc35770-82ba-4b5f-65e5-17c372a7539a,2020-12-30,2020-12-31,279.03,0.1101785392043844,0,288.2473277777778,276.77,9.217327777777824,288.2473277777778
192fdbb9-067e-4752-1511-538047fae576,fd03d0d4-e46a-488c-fa66-6d525011cbb7,2020-08-23,2020-08-24,142.61,0.0118768774764573,0,135.81620555555554,129.59,6.793794444444472,135.81620555555554
192fdbb9-067e-4752-1511-538047fae576,fd03d0d4-e46a-488c-fa66-6d525011cbb7,2020-08-24,2020-08-25,134.78,0.0133086201196654,0,133.58901666666662,142.61,1.190983333333378,133.58901666666662
192fdbb9-067e-4752-1511-538047fae576,fd03d0d4-e46a-488c-fa66-6d525011cbb7,2020-08-25,2020-08-26,129.35,0.0092804085139151,0,133.6598277777778,134.78,4.309827777777798,133.6598277777778
192fdbb9-067e-4752-1511-538047fae576,fd03d0d4-e46a-488c-fa66-6d525011cbb7,2020-08-26,2020-08-27,134.93,0.0065324986702327,0,135.2004277777778,129.35,0.2704277777777975,135.2004277777778
192fdbb9-067e-4752-1511-538047fae576,fd03d0d4-e46a-488c-fa66-6d525011cbb7,2020-08-27,2020-08-28,144.39,0.0080113701385132,0,133.45115555555552,134.93,10.93884444444447,133.45115555555552
192fdbb9-067e-4752-1511-538047fae576,fd03d0d4-e46a-488c-fa66-6d525011cbb7,2020-08-28,2020-08-29,153.25,0.0114390033584267,0,133.12934444444437,144.39,20.12065555555563,133.12934444444437
192fdbb9-067e-4752-1511-538047fae576,fd03d0d4-e46a-488c-fa66-6d525011cbb7,2020-08-29,2020-08-30,137.03,0.0141824794897519,0,133.14782222222215,153.25,3.882177777777855,133.14782222222215
192fdbb9-067e-4752-1511-538047fae576,fd03d0d4-e46a-488c-fa66-6d525011cbb7,2020-08-30,2020-08-31,140.8,0.0062197219669448,0,129.83383333333336,137.03,10.966166666666652,129.83383333333336
192fdbb9-067e-4752-1511-538047fae576,fd03d0d4-e46a-488c-fa66-6d525011cbb7,2020-08-31,2020-09-01,136.69,0.0193365659495191,0,135.07382777777778,140.8,1.616172222222218,135.07382777777778
192fdbb9-067e-4752-1511-538047fae576,fd03d0d4-e46a-488c-fa66-6d525011cbb7,2020-09-01,2020-09-02,138.86,0.021635356154864,0,132.6921833333334,136.69,6.167816666666624,132.6921833333334
192fdbb9-067e-4752-1511-538047fae576,fd03d0d4-e46a-488c-fa66-6d525011cbb7,2020-09-02,2020-09-03,131.12,0.0135865104389979,0,134.09497777777773,138.86,2.974977777777724,134.09497777777773
192fdbb9-067e-4752-1511-538047fae576,fd03d0d4-e46a-488c-fa66-6d525011cbb7,2020-09-03,2020-09-04,147.59,0.0084769139545918,0,134.2129222222222,131.12,13.3770777777778,134.2129222222222
192fdbb9-067e-4752-1511-538047fae576,fd03d0d4-e46a-488c-fa66-6d525011cbb7,2020-09-04,2020-09-05,134.17,0.0073360571933174,0,134.04236111111115,147.59,0.1276388888888391,134.04236111111115
192fdbb9-067e-4752-1511-538047fae576,fd03d0d4-e46a-488c-fa66-6d525011cbb7,2020-09-05,2020-09-06,129.92,0.0151754561152935,0,132.5347888888889,134.17,2.61478888888891,132.5347888888889
192fdbb9-067e-4752-1511-538047fae576,fd03d0d4-e46a-488c-fa66-6d525011cbb7,2020-09-06,2020-09-07,132.06,0.0100484623197016,0,135.05965000000012,129.92,2.9996500000001163,135.05965000000012
192fdbb9-067e-4752-1511-538047fae576,fd03d0d4-e46a-488c-fa66-6d525011cbb7,2020-09-07,2020-09-08,141.86,0.0070049473491607,0,134.97480000000004,132.06,6.885199999999969,134.97480000000004
192fdbb9-067e-4752-1511-538047fae576,fd03d0d4-e46a-488c-fa66-6d525011cbb7,2020-09-08,2020-09-09,132.49,0.0080553610882112,0,134.74036666666663,141.86,2.250366666666622,134.74036666666663
192fdbb9-067e-4752-1511-538047fae576,fd03d0d4-e46a-488c-fa66-6d525011cbb7,2020-09-09,2020-09-10,147.99,0.0108476822893015,0,132.33614444444453,132.49,15.65385555555548,132.33614444444453
192fdbb9-067e-4752-1511-538047fae576,fd03d0d4-e46a-488c-fa66-6d525011cbb7,2020-09-10,2020-09-11,141.62,0.019392724741849,0,135.96517777777763,147.99,5.65482222222235,135.96517777777763
192fdbb9-067e-4752-1511-538047fae576,fd03d0d4-e46a-488c-fa66-6d525011cbb7,2020-09-11,2020-09-12,143.18,0.0143123132546442,0,131.3991555555556,141.62,11.780844444444398,131.3991555555556
192fdbb9-067e-4752-1511-538047fae576,fd03d0d4-e46a-488c-fa66-6d525011cbb7,2020-09-12,2020-09-13,134.29,0.0150038089332738,0,132.04436666666658,143.18,2.245633333333416,132.04436666666658
192fdbb9-067e-4752-1511-538047fae576,fd03d0d4-e46a-488c-fa66-6d525011cbb7,2020-09-13,2020-09-14,132.92,0.0139340426441045,0,131.22430555555553,134.29,1.695694444444456,131.22430555555553
192fdbb9-067e-4752-1511-538047fae576,fd03d0d4-e46a-488c-fa66-6d525011cbb7,2020-09-14,2020-09-15,137.32,0.016927127439023,0,134.46091666666663,132.92,2.859083333333359,134.46091666666663
192fdbb9-067e-4752-1511-538047fae576,fd03d0d4-e46a-488c-fa66-6d525011cbb7,2020-09-15,2020-09-16,129.18,0.009586699093985,0,134.9272833333334,137.32,5.7472833333334,134.9272833333334
192fdbb9-067e-4752-1511-538047fae576,fd03d0d4-e46a-488c-fa66-6d525011cbb7,2020-09-16,2020-09-17,140.34,0.0087924421165458,0,133.69856666666664,129.18,6.641433333333367,133.69856666666664
192fdbb9-067e-4752-1511-538047fae576,fd03d0d4-e46a-488c-fa66-6d525011cbb7,2020-09-17,2020-09-18,143.48,0.0232697995620295,0,135.67525555555548,140.34,7.804744444444509,135.67525555555548
192fdbb9-067e-4752-1511-538047fae576,fd03d0d4-e46a-488c-fa66-6d525011cbb7,2020-09-18,2020-09-19,132.38,0.0239186723131121,0,133.0513499999999,143.48,0.6713499999999044,133.0513499999999
192fdbb9-067e-4752-1511-538047fae576,fd03d0d4-e46a-488c-fa66-6d525011cbb7,2020-09-19,2020-09-20,141.83,0.0078388507479623,0,133.9168333333334,132.38,7.913166666666626,133.9168333333334
192fdbb9-067e-4752-1511-538047fae576,fd03d0d4-e46a-488c-fa66-6d525011cbb7,2020-09-20,2020-09-21,138.77,0.0129024887919474,0,135.00472222222223,141.83,3.765277777777783,135.00472222222223
192fdbb9-067e-4752-1511-538047fae576,fd03d0d4-e46a-488c-fa66-6d525011cbb7,2020-09-21,2020-09-22,144.86,0.0137020032186992,0,133.2797722222222,138.77,11.580227777777822,133.2797722222222
192fdbb9-067e-4752-1511-538047fae576,fd03d0d4-e46a-488c-fa66-6d525011cbb7,2020-09-22,2020-09-23,148.72,0.0133085849768858,0,133.19127777777774,144.86,15.528722222222257,133.19127777777774
192fdbb9-067e-4752-1511-538047fae576,fd03d0d4-e46a-488c-fa66-6d525011cbb7,2020-09-23,2020-09-24,142.43,0.0149927363235075,0,131.37145555555546,148.72,11.05854444444455,131.37145555555546
192fdbb9-067e-4752-1511-538047fae576,fd03d0d4-e46a-488c-fa66-6d525011cbb7,2020-09-24,2020-09-25,136.58,0.0154319776962448,0,131.8141611111111,142.43,4.765838888888908,131.8141611111111
192fdbb9-067e-4752-1511-538047fae576,fd03d0d4-e46a-488c-fa66-6d525011cbb7,2020-09-25,2020-09-26,145.46,0.0182617304422555,0,132.5899388888889,136.58,12.870061111111111,132.5899388888889
192fdbb9-067e-4752-1511-538047fae576,fd03d0d4-e46a-488c-fa66-6d525011cbb7,2020-09-26,2020-09-27,137.27,0.0273596256298041,0,134.97693333333325,145.46,2.2930666666667605,134.97693333333325
192fdbb9-067e-4752-1511-538047fae576,fd03d0d4-e46a-488c-fa66-6d525011cbb7,2020-09-27,2020-09-28,135.13,0.0268810975975949,0,132.38832777777782,137.27,2.741672222222178,132.38832777777782
192fdbb9-067e-4752-1511-538047fae576,fd03d0d4-e46a-488c-fa66-6d525011cbb7,2020-09-28,2020-09-29,132.81,0.0196193162212934,0,133.54134444444443,135.13,0.7313444444444315,133.54134444444443
192fdbb9-067e-4752-1511-538047fae576,fd03d0d4-e46a-488c-fa66-6d525011cbb7,2020-09-29,2020-09-30,137.59,0.0326375701822892,0,135.11664444444438,132.81,2.473355555555628,135.11664444444438
192fdbb9-067e-4752-1511-538047fae576,fd03d0d4-e46a-488c-fa66-6d525011cbb7,2020-09-30,2020-10-01,143.96,0.020324501209385,0,135.6788111111111,137.59,8.28118888888892,135.6788111111111
192fdbb9-067e-4752-1511-538047fae576,fd03d0d4-e46a-488c-fa66-6d525011cbb7,2020-10-01,2020-10-02,130.02,0.0396652853882401,0,134.11559444444447,143.96,4.095594444444458,134.11559444444447
192fdbb9-067e-4752-1511-538047fae576,fd03d0d4-e46a-488c-fa66-6d525011cbb7,2020-10-02,2020-10-03,128.66,0.0437352255823495,0,132.3227888888889,130.02,3.662788888888912,132.3227888888889
192fdbb9-067e-4752-1511-538047fae576,fd03d0d4-e46a-488c-fa66-6d525011cbb7,2020-10-03,2020-10-04,128.78,0.0319016272216742,0,137.29524444444448,128.66,8.515244444444477,137.29524444444448
192fdbb9-067e-4752-1511-538047fae576,fd03d0d4-e46a-488c-fa66-6d525011cbb7,2020-10-04,2020-10-05,144.05,0.0372241554504408,0,138.14686666666665,128.78,5.903133333333386,138.14686666666665
192fdbb9-067e-4752-1511-538047fae576,fd03d0d4-e46a-488c-fa66-6d525011cbb7,2020-10-05,2020-10-06,139.62,0.0239026712670582,0,134.57418888888893,144.05,5.045811111111078,134.57418888888893
192fdbb9-067e-4752-1511-538047fae576,fd03d0d4-e46a-488c-fa66-6d525011cbb7,2020-10-06,2020-10-07,147.34,0.0375074780820055,0,132.40402222222218,139.62,14.935977777777822,132.40402222222218
192fdbb9-067e-4752-1511-538047fae576,fd03d0d4-e46a-488c-fa66-6d525011cbb7,2020-10-07,2020-10-08,133.35,0.0429204491389467,0,134.22765555555554,147.34,0.877655555555549,134.22765555555554
192fdbb9-067e-4752-1511-538047fae576,fd03d0d4-e46a-488c-fa66-6d525011cbb7,2020-10-08,2020-10-09,128.74,0.0294448021653825,0,131.6910111111112,133.35,2.9510111111112,131.6910111111112
192fdbb9-067e-4752-1511-538047fae576,fd03d0d4-e46a-488c-fa66-6d525011cbb7,2020-10-09,2020-10-10,147.93,0.0292620127739377,0,135.77336111111106,128.74,12.15663888888895,135.77336111111106
192fdbb9-067e-4752-1511-538047fae576,fd03d0d4-e46a-488c-fa66-6d525011cbb7,2020-10-10,2020-10-11,131.9,0.0471513673668516,0,136.2735777777777,147.93,4.373577777777683,136.2735777777777
192fdbb9-067e-4752-1511-538047fae576,fd03d0d4-e46a-488c-fa66-6d525011cbb7,2020-10-11,2020-10-12,141.54,0.0448916737217676,0,131.50005555555552,131.9,10.039944444444473,131.50005555555552
192fdbb9-067e-4752-1511-538047fae576,fd03d0d4-e46a-488c-fa66-6d525011cbb7,2020-10-12,2020-10-13,128.0,0.0243323034539591,0,135.6066944444444,141.54,7.6066944444444,135.6066944444444
192fdbb9-067e-4752-1511-538047fae576,fd03d0d4-e46a-488c-fa66-6d525011cbb7,2020-10-13,2020-10-14,138.07,0.033965322119271,0,132.40719444444449,128.0,5.662805555555508,132.40719444444449
192fdbb9-067e-4752-1511-538047fae576,fd03d0d4-e46a-488c-fa66-6d525011cbb7,2020-10-14,2020-10-15,135.71,0.0375481563181733,0,136.0463222222222,138.07,0.3363222222221793,136.0463222222222
192fdbb9-067e-4752-1511-538047fae576,fd03d0d4-e46a-488c-fa66-6d525011cbb7,2020-10-15,2020-10-16,127.42,0.0445483922734066,0,135.0620166666666,135.71,7.642016666666606,135.0620166666666
192fdbb9-067e-4752-1511-538047fae576,fd03d0d4-e46a-488c-fa66-6d525011cbb7,2020-10-16,2020-10-17,150.39,0.0501758839323724,0,135.2557722222221,127.42,15.13422777777788,135.2557722222221
192fdbb9-067e-4752-1511-538047fae576,fd03d0d4-e46a-488c-fa66-6d525011cbb7,2020-10-17,2020-10-18,130.87,0.0419797935150993,0,135.72512222222224,150.39,4.855122222222235,135.72512222222224
192fdbb9-067e-4752-1511-538047fae576,fd03d0d4-e46a-488c-fa66-6d525011cbb7,2020-10-18,2020-10-19,130.56,0.0532861457347449,0,133.3321055555556,130.87,2.772105555555612,133.3321055555556
192fdbb9-067e-4752-1511-538047fae576,fd03d0d4-e46a-488c-fa66-6d525011cbb7,2020-10-19,2020-10-20,132.4,0.0342793815027594,0,135.06716111111118,130.56,2.66716111111117,135.06716111111118
192fdbb9-067e-4752-1511-538047fae576,fd03d0d4-e46a-488c-fa66-6d525011cbb7,2020-10-20,2020-10-21,0.0,0.0342286851337852,0,136.66332777777774,132.4,136.66332777777774,136.66332777777774
192fdbb9-067e-4752-1511-538047fae576,fd03d0d4-e46a-488c-fa66-6d525011cbb7,2020-10-21,2020-10-22,134.58,0.0,0,136.90313888888892,0.0,2.3231388888889057,136.90313888888892
192fdbb9-067e-4752-1511-538047fae576,fd03d0d4-e46a-488c-fa66-6d525011cbb7,2020-10-22,2020-10-23,132.39,0.0403129257008243,0,137.53716666666662,134.58,5.147166666666635,137.53716666666662
192fdbb9-067e-4752-1511-538047fae576,fd03d0d4-e46a-488c-fa66-6d525011cbb7,2020-10-23,2020-10-24,143.75,0.0387977539508719,0,135.25319999999994,132.39,8.496800000000064,135.25319999999994
192fdbb9-067e-4752-1511-538047fae576,fd03d0d4-e46a-488c-fa66-6d525011cbb7,2020-10-24,2020-10-25,138.96,0.0409199490768619,0,136.1643944444444,143.75,2.7956055555555963,136.1643944444444
192fdbb9-067e-4752-1511-538047fae576,fd03d0d4-e46a-488c-fa66-6d525011cbb7,2020-10-25,2020-10-26,128.38,0.0468657287993956,0,133.32656111111103,138.96,4.946561111111038,133.32656111111103
192fdbb9-067e-4752-1511-538047fae576,fd03d0d4-e46a-488c-fa66-6d525011cbb7,2020-10-26,2020-10-27,132.38,0.0354584856000095,0,133.61376111111107,128.38,1.233761111111079,133.61376111111107
192fdbb9-067e-4752-1511-538047fae576,fd03d0d4-e46a-488c-fa66-6d525011cbb7,2020-10-27,2020-10-28,152.34,0.033700941969685,0,135.62960555555554,132.38,16.71039444444446,135.62960555555554
192fdbb9-067e-4752-1511-538047fae576,fd03d0d4-e46a-488c-fa66-6d525011cbb7,2020-10-28,2020-10-29,130.68,0.0517702586436598,0,137.22558888888886,152.34,6.545588888888858,137.22558888888886
192fdbb9-067e-4752-1511-538047fae576,fd03d0d4-e46a-488c-fa66-6d525011cbb7,2020-10-29,2020-10-30,142.52,0.0431920279752047,0,131.1221166666666,130.68,11.397883333333397,131.1221166666666
192fdbb9-067e-4752-1511-538047fae576,fd03d0d4-e46a-488c-fa66-6d525011cbb7,2020-10-30,2020-10-31,132.19,0.0441238035421368,0,134.45417222222218,142.52,2.264172222222186,134.45417222222218
192fdbb9-067e-4752-1511-538047fae576,fd03d0d4-e46a-488c-fa66-6d525011cbb7,2020-10-31,2020-11-01,130.07,0.0361966969035605,0,133.31382222222214,132.19,3.2438222222221498,133.31382222222214
192fdbb9-067e-4752-1511-538047fae576,fd03d0d4-e46a-488c-fa66-6d525011cbb7,2020-11-01,2020-11-02,133.1,0.0455360254017651,0,134.9539166666667,130.07,1.8539166666666915,134.9539166666667
192fdbb9-067e-4752-1511-538047fae576,fd03d0d4-e46a-488c-fa66-6d525011cbb7,2020-11-02,2020-11-03,147.19,0.0413917007163715,0,135.48023888888886,133.1,11.709761111111137,135.48023888888886
192fdbb9-067e-4752-1511-538047fae576,fd03d0d4-e46a-488c-fa66-6d525011cbb7,2020-11-03,2020-11-04,127.08,0.0491339797631961,0,135.76084444444436,147.19,8.68084444444436,135.76084444444436
192fdbb9-067e-4752-1511-538047fae576,fd03d0d4-e46a-488c-fa66-6d525011cbb7,2020-11-04,2020-11-05,141.31,0.0541633819089626,0,131.8155611111111,127.08,9.494438888888908,131.8155611111111
192fdbb9-067e-4752-1511-538047fae576,fd03d0d4-e46a-488c-fa66-6d525011cbb7,2020-11-05,2020-11-06,145.34,0.0494364203049609,0,136.5417944444444,141.31,8.798205555555597,136.5417944444444
192fdbb9-067e-4752-1511-538047fae576,fd03d0d4-e46a-488c-fa66-6d525011cbb7,2020-11-06,2020-11-07,133.02,0.0428601279355324,0,133.3257499999998,145.34,0.3057499999997901,133.3257499999998
192fdbb9-067e-4752-1511-538047fae576,fd03d0d4-e46a-488c-fa66-6d525011cbb7,2020-11-07,2020-11-08,143.73,0.0428610188729876,0,131.57071666666667,133.02,12.15928333333332,131.57071666666667
192fdbb9-067e-4752-1511-538047fae576,fd03d0d4-e46a-488c-fa66-6d525011cbb7,2020-11-08,2020-11-09,142.61,0.0473419912247629,0,135.3164222222221,143.73,7.2935777777779265,135.3164222222221
192fdbb9-067e-4752-1511-538047fae576,fd03d0d4-e46a-488c-fa66-6d525011cbb7,2020-11-09,2020-11-10,131.33,0.0441044266894084,0,131.98733888888887,142.61,0.6573388888888587,131.98733888888887
192fdbb9-067e-4752-1511-538047fae576,fd03d0d4-e46a-488c-fa66-6d525011cbb7,2020-11-10,2020-11-11,130.38,0.0593702901359992,0,133.4604666666667,131.33,3.0804666666666947,133.4604666666667
192fdbb9-067e-4752-1511-538047fae576,fd03d0d4-e46a-488c-fa66-6d525011cbb7,2020-11-11,2020-11-12,135.67,0.0500120078942747,0,135.7067388888888,130.38,0.0367388888888058,135.7067388888888
192fdbb9-067e-4752-1511-538047fae576,fd03d0d4-e46a-488c-fa66-6d525011cbb7,2020-11-12,2020-11-13,137.46,0.0466340502406898,0,135.80035,135.67,1.6596499999999992,135.80035
192fdbb9-067e-4752-1511-538047fae576,fd03d0d4-e46a-488c-fa66-6d525011cbb7,2020-11-13,2020-11-14,134.21,0.0514309378839267,0,136.15320000000003,137.46,1.9432000000000187,136.15320000000003
192fdbb9-067e-4752-1511-538047fae576,fd03d0d4-e46a-488c-fa66-6d525011cbb7,2020-11-14,2020-11-15,140.62,0.0391213913377387,0,135.28294999999994,134.21,5.337050000000062,135.28294999999994
192fdbb9-067e-4752-1511-538047fae576,fd03d0d4-e46a-488c-fa66-6d525011cbb7,2020-11-15,2020-11-16,131.51,0.038849572732576,0,137.636811111111,140.62,6.12681111111101,137.636811111111
192fdbb9-067e-4752-1511-538047fae576,fd03d0d4-e46a-488c-fa66-6d525011cbb7,2020-11-16,2020-11-17,130.6,0.0408403902527365,0,133.0394944444446,131.51,2.439494444444591,133.0394944444446
192fdbb9-067e-4752-1511-538047fae576,fd03d0d4-e46a-488c-fa66-6d525011cbb7,2020-11-17,2020-11-18,136.72,0.048965714720133,0,134.56917777777775,130.6,2.1508222222222457,134.56917777777775
192fdbb9-067e-4752-1511-538047fae576,fd03d0d4-e46a-488c-fa66-6d525011cbb7,2020-11-18,2020-11-19,138.25,0.0587469282353853,0,137.0067666666666,136.72,1.243233333333393,137.0067666666666
192fdbb9-067e-4752-1511-538047fae576,fd03d0d4-e46a-488c-fa66-6d525011cbb7,2020-11-19,2020-11-20,145.94,0.0517818911452609,0,133.90328333333326,138.25,12.036716666666734,133.90328333333326
192fdbb9-067e-4752-1511-538047fae576,fd03d0d4-e46a-488c-fa66-6d525011cbb7,2020-11-20,2020-11-21,139.81,0.040607180144368,0,135.01026111111102,145.94,4.799738888888982,135.01026111111102
192fdbb9-067e-4752-1511-538047fae576,fd03d0d4-e46a-488c-fa66-6d525011cbb7,2020-11-21,2020-11-22,141.6,0.0418611442153141,0,131.3418222222222,139.81,10.258177777777805,131.3418222222222
192fdbb9-067e-4752-1511-538047fae576,fd03d0d4-e46a-488c-fa66-6d525011cbb7,2020-11-22,2020-11-23,134.32,0.0528898970080106,0,134.6541277777778,141.6,0.3341277777778089,134.6541277777778
192fdbb9-067e-4752-1511-538047fae576,fd03d0d4-e46a-488c-fa66-6d525011cbb7,2020-11-23,2020-11-24,134.36,0.0436741217560227,0,132.4350222222222,134.32,1.9249777777778263,132.4350222222222
192fdbb9-067e-4752-1511-538047fae576,fd03d0d4-e46a-488c-fa66-6d525011cbb7,2020-11-24,2020-11-25,132.36,0.0455311824647596,0,135.617511111111,134.36,3.257511111110972,135.617511111111
192fdbb9-067e-4752-1511-538047fae576,fd03d0d4-e46a-488c-fa66-6d525011cbb7,2020-11-25,2020-11-26,137.88,0.0638457746766006,0,135.56833333333333,132.36,2.3116666666666674,135.56833333333333
192fdbb9-067e-4752-1511-538047fae576,fd03d0d4-e46a-488c-fa66-6d525011cbb7,2020-11-26,2020-11-27,137.62,0.0402611619104147,0,134.02619444444437,137.88,3.593805555555633,134.02619444444437
192fdbb9-067e-4752-1511-538047fae576,fd03d0d4-e46a-488c-fa66-6d525011cbb7,2020-11-27,2020-11-28,137.27,0.0455220436075963,0,134.0226555555555,137.62,3.247344444444508,134.0226555555555
192fdbb9-067e-4752-1511-538047fae576,fd03d0d4-e46a-488c-fa66-6d525011cbb7,2020-11-28,2020-11-29,135.22,0.0412360047930441,0,135.3006722222222,137.27,0.0806722222222049,135.3006722222222
192fdbb9-067e-4752-1511-538047fae576,fd03d0d4-e46a-488c-fa66-6d525011cbb7,2020-11-29,2020-11-30,136.3,0.049750694297117,0,133.89789444444452,135.22,2.4021055555554938,133.89789444444452
192fdbb9-067e-4752-1511-538047fae576,fd03d0d4-e46a-488c-fa66-6d525011cbb7,2020-11-30,2020-12-01,148.38,0.0476123755230714,0,133.58081666666666,136.3,14.799183333333332,133.58081666666666
192fdbb9-067e-4752-1511-538047fae576,fd03d0d4-e46a-488c-fa66-6d525011cbb7,2020-12-01,2020-12-02,138.46,0.0507450654568319,0,135.02103888888877,148.38,3.43896111111124,135.02103888888877
192fdbb9-067e-4752-1511-538047fae576,fd03d0d4-e46a-488c-fa66-6d525011cbb7,2020-12-02,2020-12-03,140.6,0.0564846192710518,0,131.3363944444444,138.46,9.263605555555586,131.3363944444444
192fdbb9-067e-4752-1511-538047fae576,fd03d0d4-e46a-488c-fa66-6d525011cbb7,2020-12-03,2020-12-04,139.79,0.0441969431075955,0,132.57781666666654,140.6,7.212183333333456,132.57781666666654
192fdbb9-067e-4752-1511-538047fae576,fd03d0d4-e46a-488c-fa66-6d525011cbb7,2020-12-04,2020-12-05,135.35,0.0481399794194787,0,131.9794111111111,139.79,3.3705888888889035,131.9794111111111
192fdbb9-067e-4752-1511-538047fae576,fd03d0d4-e46a-488c-fa66-6d525011cbb7,2020-12-05,2020-12-06,140.24,0.0488665165196086,0,134.27522222222223,135.35,5.964777777777783,134.27522222222223
192fdbb9-067e-4752-1511-538047fae576,fd03d0d4-e46a-488c-fa66-6d525011cbb7,2020-12-06,2020-12-07,136.65,0.0597020611306329,0,133.0861722222222,140.24,3.563827777777817,133.0861722222222
192fdbb9-067e-4752-1511-538047fae576,fd03d0d4-e46a-488c-fa66-6d525011cbb7,2020-12-07,2020-12-08,128.22,0.0450386726675073,0,132.69249999999994,136.65,4.47249999999994,132.69249999999994
192fdbb9-067e-4752-1511-538047fae576,fd03d0d4-e46a-488c-fa66-6d525011cbb7,2020-12-08,2020-12-09,132.57,0.0547897124004523,0,134.62036666666663,128.22,2.050366666666662,134.62036666666663
192fdbb9-067e-4752-1511-538047fae576,fd03d0d4-e46a-488c-fa66-6d525011cbb7,2020-12-09,2020-12-10,150.77,0.0638831537180583,0,135.28897222222216,132.57,15.481027777777854,135.28897222222216
192fdbb9-067e-4752-1511-538047fae576,fd03d0d4-e46a-488c-fa66-6d525011cbb7,2020-12-10,2020-12-11,144.65,0.0563963823156184,0,134.68595555555555,150.77,9.964044444444454,134.68595555555555
192fdbb9-067e-4752-1511-538047fae576,fd03d0d4-e46a-488c-fa66-6d525011cbb7,2020-12-11,2020-12-12,134.41,0.0497132877014341,0,130.59965555555556,144.65,3.810344444444439,130.59965555555556
192fdbb9-067e-4752-1511-538047fae576,fd03d0d4-e46a-488c-fa66-6d525011cbb7,2020-12-12,2020-12-13,141.1,0.0507607846642943,0,131.4095388888889,134.41,9.690461111111093,131.4095388888889
192fdbb9-067e-4752-1511-538047fae576,fd03d0d4-e46a-488c-fa66-6d525011cbb7,2020-12-13,2020-12-14,137.9,0.0540333652464969,0,135.64617222222222,141.1,2.2538277777777864,135.64617222222222
192fdbb9-067e-4752-1511-538047fae576,fd03d0d4-e46a-488c-fa66-6d525011cbb7,2020-12-14,2020-12-15,148.8,0.0480922887787485,0,133.16881666666663,137.9,15.631183333333382,133.16881666666663
192fdbb9-067e-4752-1511-538047fae576,fd03d0d4-e46a-488c-fa66-6d525011cbb7,2020-12-15,2020-12-16,135.48,0.0519862080529002,0,132.96054999999987,148.8,2.51945000000012,132.96054999999987
192fdbb9-067e-4752-1511-538047fae576,fd03d0d4-e46a-488c-fa66-6d525011cbb7,2020-12-16,2020-12-17,137.88,0.0598061248399991,0,131.7744555555555,135.48,6.10554444444449,131.7744555555555
192fdbb9-067e-4752-1511-538047fae576,fd03d0d4-e46a-488c-fa66-6d525011cbb7,2020-12-17,2020-12-18,131.0,0.0447339145679725,0,134.7547055555555,137.88,3.754705555555489,134.7547055555555
192fdbb9-067e-4752-1511-538047fae576,fd03d0d4-e46a-488c-fa66-6d525011cbb7,2020-12-18,2020-12-19,135.39,0.0480459262933683,0,133.37487222222228,131.0,2.015127777777707,133.37487222222228
192fdbb9-067e-4752-1511-538047fae576,fd03d0d4-e46a-488c-fa66-6d525011cbb7,2020-12-19,2020-12-20,118.83,0.0486554612614922,0,134.67921111111113,135.39,15.849211111111131,134.67921111111113
192fdbb9-067e-4752-1511-538047fae576,fd03d0d4-e46a-488c-fa66-6d525011cbb7,2020-12-20,2020-12-21,138.04,0.053982757497532,0,134.70927222222227,118.83,3.3307277777777244,134.70927222222227
192fdbb9-067e-4752-1511-538047fae576,fd03d0d4-e46a-488c-fa66-6d525011cbb7,2020-12-21,2020-12-22,143.25,0.0579090766134285,0,135.71394999999995,138.04,7.536050000000046,135.71394999999995
192fdbb9-067e-4752-1511-538047fae576,fd03d0d4-e46a-488c-fa66-6d525011cbb7,2020-12-22,2020-12-23,148.25,0.056275523894346,0,134.37579999999997,143.25,13.87420000000003,134.37579999999997
192fdbb9-067e-4752-1511-538047fae576,fd03d0d4-e46a-488c-fa66-6d525011cbb7,2020-12-23,2020-12-24,139.51,0.0547523370615384,0,133.50790555555557,148.25,6.002094444444424,133.50790555555557
192fdbb9-067e-4752-1511-538047fae576,fd03d0d4-e46a-488c-fa66-6d525011cbb7,2020-12-24,2020-12-25,133.71,0.0445429613415488,0,130.79092777777777,139.51,2.9190722222222405,130.79092777777777
192fdbb9-067e-4752-1511-538047fae576,fd03d0d4-e46a-488c-fa66-6d525011cbb7,2020-12-25,2020-12-26,130.67,0.0457680087672527,0,132.34026111111098,133.71,1.6702611111109888,132.34026111111098
192fdbb9-067e-4752-1511-538047fae576,fd03d0d4-e46a-488c-fa66-6d525011cbb7,2020-12-26,2020-12-27,132.92,0.0500095139796873,0,135.65637777777772,130.67,2.736377777777733,135.65637777777772
192fdbb9-067e-4752-1511-538047fae576,fd03d0d4-e46a-488c-fa66-6d525011cbb7,2020-12-27,2020-12-28,125.64,0.046496441371937,0,136.28535555555547,132.92,10.645355555555469,136.28535555555547
192fdbb9-067e-4752-1511-538047fae576,fd03d0d4-e46a-488c-fa66-6d525011cbb7,2020-12-28,2020-12-29,134.37,0.060276361846269,0,135.55945555555547,125.64,1.189455555555469,135.55945555555547
192fdbb9-067e-4752-1511-538047fae576,fd03d0d4-e46a-488c-fa66-6d525011cbb7,2020-12-29,2020-12-30,127.96,0.0458275694888355,0,135.81919444444443,134.37,7.859194444444441,135.81919444444443
192fdbb9-067e-4752-1511-538047fae576,fd03d0d4-e46a-488c-fa66-6d525011cbb7,2020-12-30,2020-12-31,132.01,0.0552816221238949,0,134.43635555555548,127.96,2.4263555555554888,134.43635555555548
1cdbdd70-7311-488b-8a1d-72db03041b8f,b2e8f27b-7726-44aa-95f1-515f5e7b74cf,2020-08-23,2020-08-24,1041.98,0.0530087988428363,0,1063.3939666666668,0.0,21.413966666666735,1063.3939666666668
1cdbdd70-7311-488b-8a1d-72db03041b8f,b2e8f27b-7726-44aa-95f1-515f5e7b74cf,2020-08-24,2020-08-25,930.96,0.0757308869507892,0,1049.1698861111113,1041.98,118.20988611111125,1049.1698861111113
1cdbdd70-7311-488b-8a1d-72db03041b8f,b2e8f27b-7726-44aa-95f1-515f5e7b74cf,2020-08-25,2020-08-26,1078.32,0.2310990691055005,1,0.0,930.96,1078.32,930.96
1cdbdd70-7311-488b-8a1d-72db03041b8f,b2e8f27b-7726-44aa-95f1-515f5e7b74cf,2020-08-26,2020-08-27,960.85,0.10039340939184,0,1033.2483111111114,1078.32,72.39831111111141,1033.2483111111114
1cdbdd70-7311-488b-8a1d-72db03041b8f,b2e8f27b-7726-44aa-95f1-515f5e7b74cf,2020-08-27,2020-08-28,1116.53,0.1929329202446756,1,0.0,960.85,1116.53,960.85
1cdbdd70-7311-488b-8a1d-72db03041b8f,b2e8f27b-7726-44aa-95f1-515f5e7b74cf,2020-08-28,2020-08-29,1118.85,0.1828690983865902,1,0.0,1116.53,1118.85,1116.53
1cdbdd70-7311-488b-8a1d-72db03041b8f,b2e8f27b-7726-44aa-95f1-515f5e7b74cf,2020-08-29,2020-08-30,1029.34,0.4025347046344125,1,0.0,1118.85,1029.34,1118.85
1cdbdd70-7311-488b-8a1d-72db03041b8f,b2e8f27b-7726-44aa-95f1-515f5e7b74cf,2020-08-30,2020-08-31,1081.31,0.2024900665510985,1,0.0,1029.34,1081.31,1029.34
1cdbdd70-7311-488b-8a1d-72db03041b8f,b2e8f27b-7726-44aa-95f1-515f5e7b74cf,2020-08-31,2020-09-01,1041.56,0.176691258700414,1,0.0,1081.31,1041.56,1081.31
1cdbdd70-7311-488b-8a1d-72db03041b8f,b2e8f27b-7726-44aa-95f1-515f5e7b74cf,2020-09-01,2020-09-02,1065.18,0.2620377884060804,1,0.0,1041.56,1065.18,1041.56
1cdbdd70-7311-488b-8a1d-72db03041b8f,b2e8f27b-7726-44aa-95f1-515f5e7b74cf,2020-09-02,2020-09-03,993.17,0.1903901822554859,1,0.0,1065.18,993.17,1065.18
1cdbdd70-7311-488b-8a1d-72db03041b8f,b2e8f27b-7726-44aa-95f1-515f5e7b74cf,2020-09-03,2020-09-04,1084.49,0.2421080981440465,1,0.0,993.17,1084.49,993.17
1cdbdd70-7311-488b-8a1d-72db03041b8f,b2e8f27b-7726-44aa-95f1-515f5e7b74cf,2020-09-04,2020-09-05,967.92,0.3233749491131484,1,0.0,1084.49,967.92,1084.49
1cdbdd70-7311-488b-8a1d-72db03041b8f,b2e8f27b-7726-44aa-95f1-515f5e7b74cf,2020-09-05,2020-09-06,958.32,0.1892575857198023,1,0.0,967.92,958.32,967.92
1cdbdd70-7311-488b-8a1d-72db03041b8f,b2e8f27b-7726-44aa-95f1-515f5e7b74cf,2020-09-06,2020-09-07,1043.2,0.1706342463382456,1,0.0,958.32,1043.2,958.32
1cdbdd70-7311-488b-8a1d-72db03041b8f,b2e8f27b-7726-44aa-95f1-515f5e7b74cf,2020-09-07,2020-09-08,1038.0,0.2139478877605536,1,0.0,1043.2,1038.0,1043.2
1cdbdd70-7311-488b-8a1d-72db03041b8f,b2e8f27b-7726-44aa-95f1-515f5e7b74cf,2020-09-08,2020-09-09,1062.84,0.266099152522966,1,0.0,1038.0,1062.84,1038.0
1cdbdd70-7311-488b-8a1d-72db03041b8f,b2e8f27b-7726-44aa-95f1-515f5e7b74cf,2020-09-09,2020-09-10,1014.43,0.1734610523853116,1,0.0,1062.84,1014.43,1062.84
1cdbdd70-7311-488b-8a1d-72db03041b8f,b2e8f27b-7726-44aa-95f1-515f5e7b74cf,2020-09-10,2020-09-11,1150.91,0.1856668710770726,1,0.0,1014.43,1150.91,1014.43
1cdbdd70-7311-488b-8a1d-72db03041b8f,b2e8f27b-7726-44aa-95f1-515f5e7b74cf,2020-09-11,2020-09-12,1055.25,0.230684204494506,1,0.0,1150.91,1055.25,1150.91
1cdbdd70-7311-488b-8a1d-72db03041b8f,b2e8f27b-7726-44aa-95f1-515f5e7b74cf,2020-09-12,2020-09-13,1058.51,0.1895241998313441,1,0.0,1055.25,1058.51,1055.25
1cdbdd70-7311-488b-8a1d-72db03041b8f,b2e8f27b-7726-44aa-95f1-515f5e7b74cf,2020-09-13,2020-09-14,1056.07,0.2578714100310607,1,0.0,1058.51,1056.07,1058.51
1cdbdd70-7311-488b-8a1d-72db03041b8f,b2e8f27b-7726-44aa-95f1-515f5e7b74cf,2020-09-14,2020-09-15,1098.9,0.2863349923043267,1,0.0,1056.07,1098.9,1056.07
1cdbdd70-7311-488b-8a1d-72db03041b8f,b2e8f27b-7726-44aa-95f1-515f5e7b74cf,2020-09-15,2020-09-16,1075.13,0.2202538705647376,1,0.0,1098.9,1075.13,1098.9
1cdbdd70-7311-488b-8a1d-72db03041b8f,b2e8f27b-7726-44aa-95f1-515f5e7b74cf,2020-09-16,2020-09-17,1067.4,0.324815346771361,1,0.0,1075.13,1067.4,1075.13
1cdbdd70-7311-488b-8a1d-72db03041b8f,b2e8f27b-7726-44aa-95f1-515f5e7b74cf,2020-09-17,2020-09-18,1082.64,0.2396149420129935,1,0.0,1067.4,1082.64,1067.4
1cdbdd70-7311-488b-8a1d-72db03041b8f,b2e8f27b-7726-44aa-95f1-515f5e7b74cf,2020-09-18,2020-09-19,952.04,0.2545828732416731,1,0.0,1082.64,952.04,1082.64
1cdbdd70-7311-488b-8a1d-72db03041b8f,b2e8f27b-7726-44aa-95f1-515f5e7b74cf,2020-09-19,2020-09-20,953.35,0.2390421631886141,1,0.0,952.04,953.35,952.04
1cdbdd70-7311-488b-8a1d-72db03041b8f,b2e8f27b-7726-44aa-95f1-515f5e7b74cf,2020-09-20,2020-09-21,0.0,0.2816737416042686,1,0.0,953.35,0.0,953.35
1cdbdd70-7311-488b-8a1d-72db03041b8f,b2e8f27b-7726-44aa-95f1-515f5e7b74cf,2020-09-21,2020-09-22,1031.13,0.0319652630301424,0,1048.8192055555558,0.0,17.689205555555645,1048.8192055555558
1cdbdd70-7311-488b-8a1d-72db03041b8f,b2e8f27b-7726-44aa-95f1-515f5e7b74cf,2020-09-22,2020-09-23,1071.45,0.1221641126563389,0,1071.069366666666,1031.13,0.3806333333341172,1071.069366666666
1cdbdd70-7311-488b-8a1d-72db03041b8f,b2e8f27b-7726-44aa-95f1-515f5e7b74cf,2020-09-23,2020-09-24,1041.35,0.1732870420488249,1,0.0,1071.45,1041.35,1071.45
1cdbdd70-7311-488b-8a1d-72db03041b8f,b2e8f27b-7726-44aa-95f1-515f5e7b74cf,2020-09-24,2020-09-25,1070.47,0.2114741740315968,1,0.0,1041.35,1070.47,1041.35
1cdbdd70-7311-488b-8a1d-72db03041b8f,b2e8f27b-7726-44aa-95f1-515f5e7b74cf,2020-09-25,2020-09-26,0.0,0.2322891955329756,1,0.0,1070.47,0.0,1070.47
1cdbdd70-7311-488b-8a1d-72db03041b8f,b2e8f27b-7726-44aa-95f1-515f5e7b74cf,2020-09-26,2020-09-27,1038.17,0.041261874045749,0,1024.8470055555551,0.0,13.32299444444493,1024.8470055555551
1cdbdd70-7311-488b-8a1d-72db03041b8f,b2e8f27b-7726-44aa-95f1-515f5e7b74cf,2020-09-27,2020-09-28,970.88,0.1131495632637713,0,1005.2476277777772,1038.17,34.367627777777216,1005.2476277777772
1cdbdd70-7311-488b-8a1d-72db03041b8f,b2e8f27b-7726-44aa-95f1-515f5e7b74cf,2020-09-28,2020-09-29,1057.96,0.1658431394723644,1,0.0,970.88,1057.96,970.88
1cdbdd70-7311-488b-8a1d-72db03041b8f,b2e8f27b-7726-44aa-95f1-515f5e7b74cf,2020-09-29,2020-09-30,944.21,0.2749210873213433,1,0.0,1057.96,944.21,1057.96
1cdbdd70-7311-488b-8a1d-72db03041b8f,b2e8f27b-7726-44aa-95f1-515f5e7b74cf,2020-09-30,2020-10-01,1054.88,0.2082751878485259,1,0.0,944.21,1054.88,944.21
1cdbdd70-7311-488b-8a1d-72db03041b8f,b2e8f27b-7726-44aa-95f1-515f5e7b74cf,2020-10-01,2020-10-02,962.78,0.2905080294426255,1,0.0,1054.88,962.78,1054.88
1cdbdd70-7311-488b-8a1d-72db03041b8f,b2e8f27b-7726-44aa-95f1-515f5e7b74cf,2020-10-02,2020-10-03,1015.99,0.2803947169741536,1,0.0,962.78,1015.99,962.78
1cdbdd70-7311-488b-8a1d-72db03041b8f,b2e8f27b-7726-44aa-95f1-515f5e7b74cf,2020-10-03,2020-10-04,1082.53,0.2342348018345492,1,0.0,1015.99,1082.53,1015.99
1cdbdd70-7311-488b-8a1d-72db03041b8f,b2e8f27b-7726-44aa-95f1-515f5e7b74cf,2020-10-04,2020-10-05,1046.49,0.3200895793765773,1,0.0,1082.53,1046.49,1082.53
1cdbdd70-7311-488b-8a1d-72db03041b8f,b2e8f27b-7726-44aa-95f1-515f5e7b74cf,2020-10-05,2020-10-06,952.48,0.1719716829397058,1,0.0,1046.49,952.48,1046.49
1cdbdd70-7311-488b-8a1d-72db03041b8f,b2e8f27b-7726-44aa-95f1-515f5e7b74cf,2020-10-06,2020-10-07,999.5,0.168828203221955,1,0.0,952.48,999.5,952.48
1cdbdd70-7311-488b-8a1d-72db03041b8f,b2e8f27b-7726-44aa-95f1-515f5e7b74cf,2020-10-07,2020-10-08,958.47,0.1955130480637863,1,0.0,999.5,958.47,999.5
1cdbdd70-7311-488b-8a1d-72db03041b8f,b2e8f27b-7726-44aa-95f1-515f5e7b74cf,2020-10-08,2020-10-09,948.8,0.2335311752248776,1,0.0,958.47,948.8,958.47
1cdbdd70-7311-488b-8a1d-72db03041b8f,b2e8f27b-7726-44aa-95f1-515f5e7b74cf,2020-10-09,2020-10-10,1038.32,0.1498630656935953,0,1051.9928055555547,948.8,13.67280555555476,1051.9928055555547
1cdbdd70-7311-488b-8a1d-72db03041b8f,b2e8f27b-7726-44aa-95f1-515f5e7b74cf,2020-10-10,2020-10-11,1061.06,0.3821894293771475,1,0.0,1038.32,1061.06,1038.32
1cdbdd70-7311-488b-8a1d-72db03041b8f,b2e8f27b-7726-44aa-95f1-515f5e7b74cf,2020-10-11,2020-10-12,1054.25,0.3906420584470521,1,0.0,1061.06,1054.25,1061.06
1cdbdd70-7311-488b-8a1d-72db03041b8f,b2e8f27b-7726-44aa-95f1-515f5e7b74cf,2020-10-12,2020-10-13,0.0,0.2754442108168939,1,0.0,1054.25,0.0,1054.25
1cdbdd70-7311-488b-8a1d-72db03041b8f,b2e8f27b-7726-44aa-95f1-515f5e7b74cf,2020-10-13,2020-10-14,1029.73,0.0538604468686817,0,1044.2577666666657,0.0,14.527766666665684,1044.2577666666657
1cdbdd70-7311-488b-8a1d-72db03041b8f,b2e8f27b-7726-44aa-95f1-515f5e7b74cf,2020-10-14,2020-10-15,1015.91,0.2123384908194934,1,0.0,1029.73,1015.91,1029.73
1cdbdd70-7311-488b-8a1d-72db03041b8f,b2e8f27b-7726-44aa-95f1-515f5e7b74cf,2020-10-15,2020-10-16,975.66,0.2848716034633133,1,0.0,1015.91,975.66,1015.91
1cdbdd70-7311-488b-8a1d-72db03041b8f,b2e8f27b-7726-44aa-95f1-515f5e7b74cf,2020-10-16,2020-10-17,1006.59,0.2085254314697285,1,0.0,975.66,1006.59,975.66
1cdbdd70-7311-488b-8a1d-72db03041b8f,b2e8f27b-7726-44aa-95f1-515f5e7b74cf,2020-10-17,2020-10-18,962.78,0.2501350796763599,1,0.0,1006.59,962.78,1006.59
1cdbdd70-7311-488b-8a1d-72db03041b8f,b2e8f27b-7726-44aa-95f1-515f5e7b74cf,2020-10-18,2020-10-19,985.56,0.276523233374138,1,0.0,962.78,985.56,962.78
1cdbdd70-7311-488b-8a1d-72db03041b8f,b2e8f27b-7726-44aa-95f1-515f5e7b74cf,2020-10-19,2020-10-20,1032.24,0.255393642916793,1,0.0,985.56,1032.24,985.56
1cdbdd70-7311-488b-8a1d-72db03041b8f,b2e8f27b-7726-44aa-95f1-515f5e7b74cf,2020-10-20,2020-10-21,1021.2,0.3151246349267673,1,0.0,1032.24,1021.2,1032.24
1cdbdd70-7311-488b-8a1d-72db03041b8f,b2e8f27b-7726-44aa-95f1-515f5e7b74cf,2020-10-21,2020-10-22,1196.84,0.3855960986060046,1,0.0,1021.2,1196.84,1021.2
1cdbdd70-7311-488b-8a1d-72db03041b8f,b2e8f27b-7726-44aa-95f1-515f5e7b74cf,2020-10-22,2020-10-23,959.59,0.3342174308425108,1,0.0,1196.84,959.59,1196.84
1cdbdd70-7311-488b-8a1d-72db03041b8f,b2e8f27b-7726-44aa-95f1-515f5e7b74cf,2020-10-23,2020-10-24,1019.57,0.2314337072089342,1,0.0,959.59,1019.57,959.59
1cdbdd70-7311-488b-8a1d-72db03041b8f,b2e8f27b-7726-44aa-95f1-515f5e7b74cf,2020-10-24,2020-10-25,955.08,0.3605699588549541,1,0.0,1019.57,955.08,1019.57
1cdbdd70-7311-488b-8a1d-72db03041b8f,b2e8f27b-7726-44aa-95f1-515f5e7b74cf,2020-10-25,2020-10-26,1005.46,0.1452231239750452,0,1071.4228833333327,955.08,65.96288333333268,1071.4228833333327
1cdbdd70-7311-488b-8a1d-72db03041b8f,b2e8f27b-7726-44aa-95f1-515f5e7b74cf,2020-10-26,2020-10-27,1007.11,0.1641344302335163,1,0.0,1005.46,1007.11,1005.46
1cdbdd70-7311-488b-8a1d-72db03041b8f,b2e8f27b-7726-44aa-95f1-515f5e7b74cf,2020-10-27,2020-10-28,1068.54,0.3165282443963284,1,0.0,1007.11,1068.54,1007.11
1cdbdd70-7311-488b-8a1d-72db03041b8f,b2e8f27b-7726-44aa-95f1-515f5e7b74cf,2020-10-28,2020-10-29,1001.19,0.2856183094315019,1,0.0,1068.54,1001.19,1068.54
1cdbdd70-7311-488b-8a1d-72db03041b8f,b2e8f27b-7726-44aa-95f1-515f5e7b74cf,2020-10-29,2020-10-30,0.0,0.279910468079987,1,0.0,1001.19,0.0,1001.19
1cdbdd70-7311-488b-8a1d-72db03041b8f,b2e8f27b-7726-44aa-95f1-515f5e7b74cf,2020-10-30,2020-10-31,1001.41,0.0243731347918953,0,1039.6647444444448,0.0,38.25474444444478,1039.6647444444448
1cdbdd70-7311-488b-8a1d-72db03041b8f,b2e8f27b-7726-44aa-95f1-515f5e7b74cf,2020-10-31,2020-11-01,953.61,0.1383939069980533,0,1059.4117611111103,1001.41,105.80176111111052,1059.4117611111103
1cdbdd70-7311-488b-8a1d-72db03041b8f,b2e8f27b-7726-44aa-95f1-515f5e7b74cf,2020-11-01,2020-11-02,989.64,0.1940839247410034,1,0.0,953.61,989.64,953.61
1cdbdd70-7311-488b-8a1d-72db03041b8f,b2e8f27b-7726-44aa-95f1-515f5e7b74cf,2020-11-02,2020-11-03,1002.74,0.2231368553203229,1,0.0,989.64,1002.74,989.64
1cdbdd70-7311-488b-8a1d-72db03041b8f,b2e8f27b-7726-44aa-95f1-515f5e7b74cf,2020-11-03,2020-11-04,1025.49,0.1778300727817992,1,0.0,1002.74,1025.49,1002.74
1cdbdd70-7311-488b-8a1d-72db03041b8f,b2e8f27b-7726-44aa-95f1-515f5e7b74cf,2020-11-04,2020-11-05,1050.31,0.2924454346051631,1,0.0,1025.49,1050.31,1025.49
1cdbdd70-7311-488b-8a1d-72db03041b8f,b2e8f27b-7726-44aa-95f1-515f5e7b74cf,2020-11-05,2020-11-06,1009.11,0.237095654638843,1,0.0,1050.31,1009.11,1050.31
1cdbdd70-7311-488b-8a1d-72db03041b8f,b2e8f27b-7726-44aa-95f1-515f5e7b74cf,2020-11-06,2020-11-07,1007.88,0.1922464345777106,1,0.0,1009.11,1007.88,1009.11
1cdbdd70-7311-488b-8a1d-72db03041b8f,b2e8f27b-7726-44aa-95f1-515f5e7b74cf,2020-11-07,2020-11-08,936.21,0.2209935589214473,1,0.0,1007.88,936.21,1007.88
1cdbdd70-7311-488b-8a1d-72db03041b8f,b2e8f27b-7726-44aa-95f1-515f5e7b74cf,2020-11-08,2020-11-09,1047.9,0.245942305692131,1,0.0,936.21,1047.9,936.21
1cdbdd70-7311-488b-8a1d-72db03041b8f,b2e8f27b-7726-44aa-95f1-515f5e7b74cf,2020-11-09,2020-11-10,984.81,0.2536355716819496,1,0.0,1047.9,984.81,1047.9
1cdbdd70-7311-488b-8a1d-72db03041b8f,b2e8f27b-7726-44aa-95f1-515f5e7b74cf,2020-11-10,2020-11-11,1058.15,0.1494851371596315,0,1083.1560277777774,984.81,25.006027777777263,1083.1560277777774
1cdbdd70-7311-488b-8a1d-72db03041b8f,b2e8f27b-7726-44aa-95f1-515f5e7b74cf,2020-11-11,2020-11-12,1088.37,0.3000114449370087,1,0.0,1058.15,1088.37,1058.15
1cdbdd70-7311-488b-8a1d-72db03041b8f,b2e8f27b-7726-44aa-95f1-515f5e7b74cf,2020-11-12,2020-11-13,1009.21,0.3517702741315621,1,0.0,1088.37,1009.21,1088.37
1cdbdd70-7311-488b-8a1d-72db03041b8f,b2e8f27b-7726-44aa-95f1-515f5e7b74cf,2020-11-13,2020-11-14,967.63,0.1854171666271264,1,0.0,1009.21,967.63,1009.21
1cdbdd70-7311-488b-8a1d-72db03041b8f,b2e8f27b-7726-44aa-95f1-515f5e7b74cf,2020-11-14,2020-11-15,1017.29,0.278596606189478,1,0.0,967.63,1017.29,967.63
1cdbdd70-7311-488b-8a1d-72db03041b8f,b2e8f27b-7726-44aa-95f1-515f5e7b74cf,2020-11-15,2020-11-16,1035.75,0.251837641844099,1,0.0,1017.29,1035.75,1017.29
1cdbdd70-7311-488b-8a1d-72db03041b8f,b2e8f27b-7726-44aa-95f1-515f5e7b74cf,2020-11-16,2020-11-17,1001.63,0.2754854504492819,1,0.0,1035.75,1001.63,1035.75
1cdbdd70-7311-488b-8a1d-72db03041b8f,b2e8f27b-7726-44aa-95f1-515f5e7b74cf,2020-11-17,2020-11-18,988.99,0.3215900227051778,1,0.0,1001.63,988.99,1001.63
1cdbdd70-7311-488b-8a1d-72db03041b8f,b2e8f27b-7726-44aa-95f1-515f5e7b74cf,2020-11-18,2020-11-19,1046.07,0.2234136594774176,1,0.0,988.99,1046.07,988.99
1cdbdd70-7311-488b-8a1d-72db03041b8f,b2e8f27b-7726-44aa-95f1-515f5e7b74cf,2020-11-19,2020-11-20,1042.36,0.2819066746766024,1,0.0,1046.07,1042.36,1046.07
1cdbdd70-7311-488b-8a1d-72db03041b8f,b2e8f27b-7726-44aa-95f1-515f5e7b74cf,2020-11-20,2020-11-21,999.04,0.1697602299164983,1,0.0,1042.36,999.04,1042.36
1cdbdd70-7311-488b-8a1d-72db03041b8f,b2e8f27b-7726-44aa-95f1-515f5e7b74cf,2020-11-21,2020-11-22,935.57,0.2090004500879092,1,0.0,999.04,935.57,999.04
1cdbdd70-7311-488b-8a1d-72db03041b8f,b2e8f27b-7726-44aa-95f1-515f5e7b74cf,2020-11-22,2020-11-23,1039.43,0.2374679663114654,1,0.0,935.57,1039.43,935.57
1cdbdd70-7311-488b-8a1d-72db03041b8f,b2e8f27b-7726-44aa-95f1-515f5e7b74cf,2020-11-23,2020-11-24,977.51,0.2397331377415649,1,0.0,1039.43,977.51,1039.43
1cdbdd70-7311-488b-8a1d-72db03041b8f,b2e8f27b-7726-44aa-95f1-515f5e7b74cf,2020-11-24,2020-11-25,1026.45,0.2503761952152928,1,0.0,977.51,1026.45,977.51
1cdbdd70-7311-488b-8a1d-72db03041b8f,b2e8f27b-7726-44aa-95f1-515f5e7b74cf,2020-11-25,2020-11-26,1022.98,0.2235653891964343,1,0.0,1026.45,1022.98,1026.45
1cdbdd70-7311-488b-8a1d-72db03041b8f,b2e8f27b-7726-44aa-95f1-515f5e7b74cf,2020-11-26,2020-11-27,923.57,0.2488424722456844,1,0.0,1022.98,923.57,1022.98
1cdbdd70-7311-488b-8a1d-72db03041b8f,b2e8f27b-7726-44aa-95f1-515f5e7b74cf,2020-11-27,2020-11-28,1018.96,0.1713560058474095,1,0.0,923.57,1018.96,923.57
1cdbdd70-7311-488b-8a1d-72db03041b8f,b2e8f27b-7726-44aa-95f1-515f5e7b74cf,2020-11-28,2020-11-29,1041.06,0.2142851982269189,1,0.0,1018.96,1041.06,1018.96
1cdbdd70-7311-488b-8a1d-72db03041b8f,b2e8f27b-7726-44aa-95f1-515f5e7b74cf,2020-11-29,2020-11-30,1047.26,0.1899932705220397,1,0.0,1041.06,1047.26,1041.06
1cdbdd70-7311-488b-8a1d-72db03041b8f,b2e8f27b-7726-44aa-95f1-515f5e7b74cf,2020-11-30,2020-12-01,1020.19,0.2513106883665155,1,0.0,1047.26,1020.19,1047.26
1cdbdd70-7311-488b-8a1d-72db03041b8f,b2e8f27b-7726-44aa-95f1-515f5e7b74cf,2020-12-01,2020-12-02,918.58,0.2613341067097576,1,0.0,1020.19,918.58,1020.19
1cdbdd70-7311-488b-8a1d-72db03041b8f,b2e8f27b-7726-44aa-95f1-515f5e7b74cf,2020-12-02,2020-12-03,1080.69,0.2198545634680422,1,0.0,918.58,1080.69,918.58
1cdbdd70-7311-488b-8a1d-72db03041b8f,b2e8f27b-7726-44aa-95f1-515f5e7b74cf,2020-12-03,2020-12-04,1034.71,0.1997972202593283,1,0.0,1080.69,1034.71,1080.69
1cdbdd70-7311-488b-8a1d-72db03041b8f,b2e8f27b-7726-44aa-95f1-515f5e7b74cf,2020-12-04,2020-12-05,954.31,0.1977563061104504,1,0.0,1034.71,954.31,1034.71
1cdbdd70-7311-488b-8a1d-72db03041b8f,b2e8f27b-7726-44aa-95f1-515f5e7b74cf,2020-12-05,2020-12-06,974.18,0.269820348378784,1,0.0,954.31,974.18,954.31
1cdbdd70-7311-488b-8a1d-72db03041b8f,b2e8f27b-7726-44aa-95f1-515f5e7b74cf,2020-12-06,2020-12-07,1024.94,0.1250036396526634,0,1057.9843166666658,974.18,33.044316666665736,1057.9843166666658
1cdbdd70-7311-488b-8a1d-72db03041b8f,b2e8f27b-7726-44aa-95f1-515f5e7b74cf,2020-12-07,2020-12-08,1048.02,0.2680094022666595,1,0.0,1024.94,1048.02,1024.94
1cdbdd70-7311-488b-8a1d-72db03041b8f,b2e8f27b-7726-44aa-95f1-515f5e7b74cf,2020-12-08,2020-12-09,988.44,0.18938779577108,1,0.0,1048.02,988.44,1048.02
1cdbdd70-7311-488b-8a1d-72db03041b8f,b2e8f27b-7726-44aa-95f1-515f5e7b74cf,2020-12-09,2020-12-10,1055.38,0.2321387373065015,1,0.0,988.44,1055.38,988.44
1cdbdd70-7311-488b-8a1d-72db03041b8f,b2e8f27b-7726-44aa-95f1-515f5e7b74cf,2020-12-10,2020-12-11,925.75,0.2255461196641964,1,0.0,1055.38,925.75,1055.38
1cdbdd70-7311-488b-8a1d-72db03041b8f,b2e8f27b-7726-44aa-95f1-515f5e7b74cf,2020-12-11,2020-12-12,0.0,0.1847730218008636,1,0.0,925.75,0.0,925.75
1cdbdd70-7311-488b-8a1d-72db03041b8f,b2e8f27b-7726-44aa-95f1-515f5e7b74cf,2020-12-12,2020-12-13,913.04,0.0477288155021345,0,1017.421055555555,0.0,104.381055555555,1017.421055555555
1cdbdd70-7311-488b-8a1d-72db03041b8f,b2e8f27b-7726-44aa-95f1-515f5e7b74cf,2020-12-13,2020-12-14,967.78,0.1774843801663236,1,0.0,913.04,967.78,913.04
1cdbdd70-7311-488b-8a1d-72db03041b8f,b2e8f27b-7726-44aa-95f1-515f5e7b74cf,2020-12-14,2020-12-15,1091.35,0.135413467079652,0,1042.673738888889,967.78,48.67626111111099,1042.673738888889
1cdbdd70-7311-488b-8a1d-72db03041b8f,b2e8f27b-7726-44aa-95f1-515f5e7b74cf,2020-12-15,2020-12-16,1121.64,0.204905006584801,1,0.0,1091.35,1121.64,1091.35
1cdbdd70-7311-488b-8a1d-72db03041b8f,b2e8f27b-7726-44aa-95f1-515f5e7b74cf,2020-12-16,2020-12-17,1023.81,0.305650203674385,1,0.0,1121.64,1023.81,1121.64
1cdbdd70-7311-488b-8a1d-72db03041b8f,b2e8f27b-7726-44aa-95f1-515f5e7b74cf,2020-12-17,2020-12-18,979.99,0.282965949738661,1,0.0,1023.81,979.99,1023.81
1cdbdd70-7311-488b-8a1d-72db03041b8f,b2e8f27b-7726-44aa-95f1-515f5e7b74cf,2020-12-18,2020-12-19,1000.54,0.2180570643433557,1,0.0,979.99,1000.54,979.99
1cdbdd70-7311-488b-8a1d-72db03041b8f,b2e8f27b-7726-44aa-95f1-515f5e7b74cf,2020-12-19,2020-12-20,1035.83,0.1757124611031895,1,0.0,1000.54,1035.83,1000.54
1cdbdd70-7311-488b-8a1d-72db03041b8f,b2e8f27b-7726-44aa-95f1-515f5e7b74cf,2020-12-20,2020-12-21,935.48,0.2669991868071847,1,0.0,1035.83,935.48,1035.83
1cdbdd70-7311-488b-8a1d-72db03041b8f,b2e8f27b-7726-44aa-95f1-515f5e7b74cf,2020-12-21,2020-12-22,982.91,0.1941960957989194,1,0.0,935.48,982.91,935.48
1cdbdd70-7311-488b-8a1d-72db03041b8f,b2e8f27b-7726-44aa-95f1-515f5e7b74cf,2020-12-22,2020-12-23,1086.61,0.1803652938862852,1,0.0,982.91,1086.61,982.91
1cdbdd70-7311-488b-8a1d-72db03041b8f,b2e8f27b-7726-44aa-95f1-515f5e7b74cf,2020-12-23,2020-12-24,959.8,0.3689873462971144,1,0.0,1086.61,959.8,1086.61
1cdbdd70-7311-488b-8a1d-72db03041b8f,b2e8f27b-7726-44aa-95f1-515f5e7b74cf,2020-12-24,2020-12-25,974.1,0.2401521644862256,1,0.0,959.8,974.1,959.8
1cdbdd70-7311-488b-8a1d-72db03041b8f,b2e8f27b-7726-44aa-95f1-515f5e7b74cf,2020-12-25,2020-12-26,1011.89,0.2652949429464327,1,0.0,974.1,1011.89,974.1
1cdbdd70-7311-488b-8a1d-72db03041b8f,b2e8f27b-7726-44aa-95f1-515f5e7b74cf,2020-12-26,2020-12-27,1025.59,0.189285798549236,1,0.0,1011.89,1025.59,1011.89
1cdbdd70-7311-488b-8a1d-72db03041b8f,b2e8f27b-7726-44aa-95f1-515f5e7b74cf,2020-12-27,2020-12-28,980.03,0.2978181728112375,1,0.0,1025.59,980.03,1025.59
1cdbdd70-7311-488b-8a1d-72db03041b8f,b2e8f27b-7726-44aa-95f1-515f5e7b74cf,2020-12-28,2020-12-29,1015.0,0.160405087151632,1,0.0,980.03,1015.0,980.03
1cdbdd70-7311-488b-8a1d-72db03041b8f,b2e8f27b-7726-44aa-95f1-515f5e7b74cf,2020-12-29,2020-12-30,1042.28,0.2785401169729397,1,0.0,1015.0,1042.28,1015.0
1cdbdd70-7311-488b-8a1d-72db03041b8f,b2e8f27b-7726-44aa-95f1-515f5e7b74cf,2020-12-30,2020-12-31,1115.24,0.1959719239286405,1,0.0,1042.28,1115.24,1042.28
1d598bb4-d5d6-4c0c-039f-613eb1642d92,acc35770-82ba-4b5f-65e5-17c372a7539a,2020-08-23,2020-08-24,239.8,0.0455815975585313,0,233.06737222222225,230.19,6.732627777777765,233.06737222222225
1d598bb4-d5d6-4c0c-039f-613eb1642d92,acc35770-82ba-4b5f-65e5-17c372a7539a,2020-08-24,2020-08-25,212.13,0.1313940659809652,0,234.0233333333333,239.8,21.893333333333345,234.0233333333333
1d598bb4-d5d6-4c0c-039f-613eb1642d92,acc35770-82ba-4b5f-65e5-17c372a7539a,2020-08-25,2020-08-26,248.7,0.0885074700307384,0,237.381275,212.13,11.318724999999972,237.381275
1d598bb4-d5d6-4c0c-039f-613eb1642d92,acc35770-82ba-4b5f-65e5-17c372a7539a,2020-08-26,2020-08-27,0.0,0.0902481482855633,0,234.60644999999997,248.7,234.60644999999997,234.60644999999997
1d598bb4-d5d6-4c0c-039f-613eb1642d92,acc35770-82ba-4b5f-65e5-17c372a7539a,2020-08-27,2020-08-28,227.4,0.002672927227901,0,236.1620583333333,0.0,8.7620583333333,236.1620583333333
1d598bb4-d5d6-4c0c-039f-613eb1642d92,acc35770-82ba-4b5f-65e5-17c372a7539a,2020-08-28,2020-08-29,237.5,0.0484674055685694,0,232.79335555555545,227.4,4.706644444444578,232.79335555555545
1d598bb4-d5d6-4c0c-039f-613eb1642d92,acc35770-82ba-4b5f-65e5-17c372a7539a,2020-08-29,2020-08-30,247.66,0.0392238046389712,0,230.2059055555554,237.5,17.454094444444593,230.2059055555554
1d598bb4-d5d6-4c0c-039f-613eb1642d92,acc35770-82ba-4b5f-65e5-17c372a7539a,2020-08-30,2020-08-31,218.84,0.0352930802210346,0,234.11868611111112,247.66,15.278686111111114,234.11868611111112
1d598bb4-d5d6-4c0c-039f-613eb1642d92,acc35770-82ba-4b5f-65e5-17c372a7539a,2020-08-31,2020-09-01,206.82,0.1342609336772793,0,233.451988888889,218.84,26.631988888889,233.451988888889
1d598bb4-d5d6-4c0c-039f-613eb1642d92,acc35770-82ba-4b5f-65e5-17c372a7539a,2020-09-01,2020-09-02,230.66,0.0999479860810169,0,231.6928138888888,206.82,1.0328138888888247,231.6928138888888
1d598bb4-d5d6-4c0c-039f-613eb1642d92,acc35770-82ba-4b5f-65e5-17c372a7539a,2020-09-02,2020-09-03,210.72,0.0449903323214706,0,229.25180555555548,230.66,18.53180555555548,229.25180555555548
1d598bb4-d5d6-4c0c-039f-613eb1642d92,acc35770-82ba-4b5f-65e5-17c372a7539a,2020-09-03,2020-09-04,216.57,0.0996763674159306,0,234.41898055555535,210.72,17.848980555555386,234.41898055555535
1d598bb4-d5d6-4c0c-039f-613eb1642d92,acc35770-82ba-4b5f-65e5-17c372a7539a,2020-09-04,2020-09-05,252.36,0.0980525727146926,0,231.202052777778,216.57,21.157947222221992,231.202052777778
1d598bb4-d5d6-4c0c-039f-613eb1642d92,acc35770-82ba-4b5f-65e5-17c372a7539a,2020-09-05,2020-09-06,215.29,0.069439287842433,0,233.39152222222225,252.36,18.10152222222223,233.39152222222225
1d598bb4-d5d6-4c0c-039f-613eb1642d92,acc35770-82ba-4b5f-65e5-17c372a7539a,2020-09-06,2020-09-07,212.78,0.0692146859697833,0,238.2602805555556,215.29,25.480280555555595,238.2602805555556
1d598bb4-d5d6-4c0c-039f-613eb1642d92,acc35770-82ba-4b5f-65e5-17c372a7539a,2020-09-07,2020-09-08,235.39,0.3113689449027106,1,0.0,212.78,235.39,212.78
1d598bb4-d5d6-4c0c-039f-613eb1642d92,acc35770-82ba-4b5f-65e5-17c372a7539a,2020-09-08,2020-09-09,235.79,0.1139794846795709,0,231.5172,235.39,4.272800000000018,231.5172
1d598bb4-d5d6-4c0c-039f-613eb1642d92,acc35770-82ba-4b5f-65e5-17c372a7539a,2020-09-09,2020-09-10,243.16,0.1145551455161605,0,229.99265555555567,235.79,13.167344444444325,229.99265555555567
1d598bb4-d5d6-4c0c-039f-613eb1642d92,acc35770-82ba-4b5f-65e5-17c372a7539a,2020-09-10,2020-09-11,210.79,0.0627610130136868,0,234.0765833333333,243.16,23.28658333333331,234.0765833333333
1d598bb4-d5d6-4c0c-039f-613eb1642d92,acc35770-82ba-4b5f-65e5-17c372a7539a,2020-09-11,2020-09-12,223.03,0.0614581610638376,0,231.59146944444456,210.79,8.561469444444555,231.59146944444456
1d598bb4-d5d6-4c0c-039f-613eb1642d92,acc35770-82ba-4b5f-65e5-17c372a7539a,2020-09-12,2020-09-13,234.15,0.1023345477194503,0,228.92116666666652,223.03,5.228833333333455,228.92116666666652
1d598bb4-d5d6-4c0c-039f-613eb1642d92,acc35770-82ba-4b5f-65e5-17c372a7539a,2020-09-13,2020-09-14,221.45,0.0975708360074638,0,230.10516111111116,234.15,8.655161111111141,230.10516111111116
1d598bb4-d5d6-4c0c-039f-613eb1642d92,acc35770-82ba-4b5f-65e5-17c372a7539a,2020-09-14,2020-09-15,242.28,0.1726846194601564,1,0.0,221.45,242.28,221.45
1d598bb4-d5d6-4c0c-039f-613eb1642d92,acc35770-82ba-4b5f-65e5-17c372a7539a,2020-09-15,2020-09-16,220.93,0.1338001214523657,0,230.84385555555548,242.28,9.913855555555472,230.84385555555548
1d598bb4-d5d6-4c0c-039f-613eb1642d92,acc35770-82ba-4b5f-65e5-17c372a7539a,2020-09-16,2020-09-17,222.53,0.1299309244565667,0,230.78721666666675,220.93,8.25721666666675,230.78721666666675
1d598bb4-d5d6-4c0c-039f-613eb1642d92,acc35770-82ba-4b5f-65e5-17c372a7539a,2020-09-17,2020-09-18,221.98,0.159186878059605,1,0.0,222.53,221.98,222.53
1d598bb4-d5d6-4c0c-039f-613eb1642d92,acc35770-82ba-4b5f-65e5-17c372a7539a,2020-09-18,2020-09-19,239.25,0.1332330067158484,0,231.3043250000001,221.98,7.945674999999937,231.3043250000001
1d598bb4-d5d6-4c0c-039f-613eb1642d92,acc35770-82ba-4b5f-65e5-17c372a7539a,2020-09-19,2020-09-20,229.98,0.0916776967851882,0,229.48896666666667,239.25,0.4910333333333199,229.48896666666667
1d598bb4-d5d6-4c0c-039f-613eb1642d92,acc35770-82ba-4b5f-65e5-17c372a7539a,2020-09-20,2020-09-21,221.3,0.0875842488007539,0,227.8126805555557,229.98,6.512680555555647,227.8126805555557
1d598bb4-d5d6-4c0c-039f-613eb1642d92,acc35770-82ba-4b5f-65e5-17c372a7539a,2020-09-21,2020-09-22,216.44,0.2219063582389807,1,0.0,221.3,216.44,221.3
1d598bb4-d5d6-4c0c-039f-613eb1642d92,acc35770-82ba-4b5f-65e5-17c372a7539a,2020-09-22,2020-09-23,226.62,0.1590160407178501,1,0.0,216.44,226.62,216.44
1d598bb4-d5d6-4c0c-039f-613eb1642d92,acc35770-82ba-4b5f-65e5-17c372a7539a,2020-09-23,2020-09-24,229.4,0.1126075465226393,0,230.1655777777777,226.62,0.7655777777777075,230.1655777777777
1d598bb4-d5d6-4c0c-039f-613eb1642d92,acc35770-82ba-4b5f-65e5-17c372a7539a,2020-09-24,2020-09-25,227.69,0.1099906384031506,0,230.57083333333344,229.4,2.8808333333334417,230.57083333333344
1d598bb4-d5d6-4c0c-039f-613eb1642d92,acc35770-82ba-4b5f-65e5-17c372a7539a,2020-09-25,2020-09-26,225.0,0.1303644021140009,0,230.347927777778,227.69,5.347927777778011,230.347927777778
1d598bb4-d5d6-4c0c-039f-613eb1642d92,acc35770-82ba-4b5f-65e5-17c372a7539a,2020-09-26,2020-09-27,228.11,0.053354997579236,0,228.00858333333343,225.0,0.1014166666665801,228.00858333333343
1d598bb4-d5d6-4c0c-039f-613eb1642d92,acc35770-82ba-4b5f-65e5-17c372a7539a,2020-09-27,2020-09-28,0.0,0.1111149625584446,0,228.81413333333344,228.11,228.81413333333344,228.81413333333344
1d598bb4-d5d6-4c0c-039f-613eb1642d92,acc35770-82ba-4b5f-65e5-17c372a7539a,2020-09-28,2020-09-29,226.49,0.0506570019241129,0,232.2806722222222,0.0,5.7906722222221845,232.2806722222222
1d598bb4-d5d6-4c0c-039f-613eb1642d92,acc35770-82ba-4b5f-65e5-17c372a7539a,2020-09-29,2020-09-30,222.78,0.132225816418566,0,230.5029277777777,226.49,7.722927777777699,230.5029277777777
1d598bb4-d5d6-4c0c-039f-613eb1642d92,acc35770-82ba-4b5f-65e5-17c372a7539a,2020-09-30,2020-10-01,212.9,0.1018708766037245,0,232.66348333333315,222.78,19.76348333333314,232.66348333333315
1d598bb4-d5d6-4c0c-039f-613eb1642d92,acc35770-82ba-4b5f-65e5-17c372a7539a,2020-10-01,2020-10-02,224.64,0.099369612669367,0,230.55325833333345,212.9,5.913258333333431,230.55325833333345
1d598bb4-d5d6-4c0c-039f-613eb1642d92,acc35770-82ba-4b5f-65e5-17c372a7539a,2020-10-02,2020-10-03,224.39,0.0975807052422271,0,230.30661111111107,224.64,5.916611111111081,230.30661111111107
1d598bb4-d5d6-4c0c-039f-613eb1642d92,acc35770-82ba-4b5f-65e5-17c372a7539a,2020-10-03,2020-10-04,210.06,0.0450793540600654,0,231.4386416666668,224.39,21.378641666666795,231.4386416666668
1d598bb4-d5d6-4c0c-039f-613eb1642d92,acc35770-82ba-4b5f-65e5-17c372a7539a,2020-10-04,2020-10-05,234.41,0.0821022441676216,0,229.0295250000001,210.06,5.380474999999905,229.0295250000001
1d598bb4-d5d6-4c0c-039f-613eb1642d92,acc35770-82ba-4b5f-65e5-17c372a7539a,2020-10-05,2020-10-06,218.77,0.1162160662167059,0,234.28766666666672,234.41,15.517666666666711,234.28766666666672
1d598bb4-d5d6-4c0c-039f-613eb1642d92,acc35770-82ba-4b5f-65e5-17c372a7539a,2020-10-06,2020-10-07,224.15,0.1685490809212208,1,0.0,218.77,224.15,218.77
1d598bb4-d5d6-4c0c-039f-613eb1642d92,acc35770-82ba-4b5f-65e5-17c372a7539a,2020-10-07,2020-10-08,215.32,0.1526994953099598,1,0.0,224.15,215.32,224.15
1d598bb4-d5d6-4c0c-039f-613eb1642d92,acc35770-82ba-4b5f-65e5-17c372a7539a,2020-10-08,2020-10-09,221.6,0.0632562847097763,0,229.80207222222225,215.32,8.202072222222256,229.80207222222225
1d598bb4-d5d6-4c0c-039f-613eb1642d92,acc35770-82ba-4b5f-65e5-17c372a7539a,2020-10-09,2020-10-10,248.68,0.1013110649495109,0,231.7917277777779,221.6,16.8882722222221,231.7917277777779
1d598bb4-d5d6-4c0c-039f-613eb1642d92,acc35770-82ba-4b5f-65e5-17c372a7539a,2020-10-10,2020-10-11,228.67,0.0666987995204768,0,233.56274444444443,248.68,4.892744444444446,233.56274444444443
1d598bb4-d5d6-4c0c-039f-613eb1642d92,acc35770-82ba-4b5f-65e5-17c372a7539a,2020-10-11,2020-10-12,220.42,0.1123570839590033,0,232.79815555555572,228.67,12.378155555555765,232.79815555555572
1d598bb4-d5d6-4c0c-039f-613eb1642d92,acc35770-82ba-4b5f-65e5-17c372a7539a,2020-10-12,2020-10-13,210.22,0.1788990115244147,1,0.0,220.42,210.22,220.42
1d598bb4-d5d6-4c0c-039f-613eb1642d92,acc35770-82ba-4b5f-65e5-17c372a7539a,2020-10-13,2020-10-14,218.92,0.1701570224783366,1,0.0,210.22,218.92,210.22
1d598bb4-d5d6-4c0c-039f-613eb1642d92,acc35770-82ba-4b5f-65e5-17c372a7539a,2020-10-14,2020-10-15,217.59,0.113480916402832,0,230.3196638888888,218.92,12.729663888888808,230.3196638888888
1d598bb4-d5d6-4c0c-039f-613eb1642d92,acc35770-82ba-4b5f-65e5-17c372a7539a,2020-10-15,2020-10-16,227.21,0.1275232952285147,0,230.3314500000001,217.59,3.1214500000000958,230.3314500000001
1d598bb4-d5d6-4c0c-039f-613eb1642d92,acc35770-82ba-4b5f-65e5-17c372a7539a,2020-10-16,2020-10-17,215.38,0.0798528345518042,0,230.8300388888889,227.21,15.450038888888912,230.8300388888889
1d598bb4-d5d6-4c0c-039f-613eb1642d92,acc35770-82ba-4b5f-65e5-17c372a7539a,2020-10-17,2020-10-18,231.02,0.0654445075355141,0,231.36355277777784,215.38,0.3435527777778304,231.36355277777784
1d598bb4-d5d6-4c0c-039f-613eb1642d92,acc35770-82ba-4b5f-65e5-17c372a7539a,2020-10-18,2020-10-19,220.05,0.0705177789599451,0,227.13550277777784,231.02,7.085502777777805,227.13550277777784
1d598bb4-d5d6-4c0c-039f-613eb1642d92,acc35770-82ba-4b5f-65e5-17c372a7539a,2020-10-19,2020-10-20,207.02,0.1546965725793378,1,0.0,220.05,207.02,220.05
1d598bb4-d5d6-4c0c-039f-613eb1642d92,acc35770-82ba-4b5f-65e5-17c372a7539a,2020-10-20,2020-10-21,234.43,0.1596312858115912,1,0.0,207.02,234.43,207.02
1d598bb4-d5d6-4c0c-039f-613eb1642d92,acc35770-82ba-4b5f-65e5-17c372a7539a,2020-10-21,2020-10-22,217.97,0.1218134924813639,0,230.29761666666664,234.43,12.327616666666644,230.29761666666664
1d598bb4-d5d6-4c0c-039f-613eb1642d92,acc35770-82ba-4b5f-65e5-17c372a7539a,2020-10-22,2020-10-23,0.0,0.0992930458805393,0,231.8827861111112,217.97,231.8827861111112,231.8827861111112
1d598bb4-d5d6-4c0c-039f-613eb1642d92,acc35770-82ba-4b5f-65e5-17c372a7539a,2020-10-23,2020-10-24,221.43,0.0154187038884511,0,230.9775138888889,0.0,9.547513888888917,230.9775138888889
1d598bb4-d5d6-4c0c-039f-613eb1642d92,acc35770-82ba-4b5f-65e5-17c372a7539a,2020-10-24,2020-10-25,226.3,0.0493046185997756,0,227.7827777777775,221.43,1.4827777777774998,227.7827777777775
1d598bb4-d5d6-4c0c-039f-613eb1642d92,acc35770-82ba-4b5f-65e5-17c372a7539a,2020-10-25,2020-10-26,216.11,0.0791378695574955,0,229.66941111111112,226.3,13.559411111111103,229.66941111111112
1d598bb4-d5d6-4c0c-039f-613eb1642d92,acc35770-82ba-4b5f-65e5-17c372a7539a,2020-10-26,2020-10-27,228.97,0.1893155689882422,1,0.0,216.11,228.97,216.11
1d598bb4-d5d6-4c0c-039f-613eb1642d92,acc35770-82ba-4b5f-65e5-17c372a7539a,2020-10-27,2020-10-28,211.72,0.1387135926363472,0,231.2100583333332,228.97,19.490058333333195,231.2100583333332
1d598bb4-d5d6-4c0c-039f-613eb1642d92,acc35770-82ba-4b5f-65e5-17c372a7539a,2020-10-28,2020-10-29,234.79,0.0769688829738949,0,229.76409999999996,211.72,5.025900000000064,229.76409999999996
1d598bb4-d5d6-4c0c-039f-613eb1642d92,acc35770-82ba-4b5f-65e5-17c372a7539a,2020-10-29,2020-10-30,204.44,0.0580308178499699,0,229.896211111111,234.79,25.456211111111003,229.896211111111
1d598bb4-d5d6-4c0c-039f-613eb1642d92,acc35770-82ba-4b5f-65e5-17c372a7539a,2020-10-30,2020-10-31,0.0,0.0797531343751976,0,230.88192777777755,204.44,230.88192777777755,230.88192777777755
1d598bb4-d5d6-4c0c-039f-613eb1642d92,acc35770-82ba-4b5f-65e5-17c372a7539a,2020-10-31,2020-11-01,233.37,0.0122792862863688,0,229.94243333333333,0.0,3.4275666666666496,229.94243333333333
1d598bb4-d5d6-4c0c-039f-613eb1642d92,acc35770-82ba-4b5f-65e5-17c372a7539a,2020-11-01,2020-11-02,215.12,0.0666781478827764,0,231.51220555555565,233.37,16.39220555555565,231.51220555555565
1d598bb4-d5d6-4c0c-039f-613eb1642d92,acc35770-82ba-4b5f-65e5-17c372a7539a,2020-11-02,2020-11-03,216.83,0.1256156497488967,0,229.54759444444448,215.12,12.717594444444444,229.54759444444448
1d598bb4-d5d6-4c0c-039f-613eb1642d92,acc35770-82ba-4b5f-65e5-17c372a7539a,2020-11-03,2020-11-04,204.64,0.1357761076716273,0,232.3786083333333,216.83,27.738608333333303,232.3786083333333
1d598bb4-d5d6-4c0c-039f-613eb1642d92,acc35770-82ba-4b5f-65e5-17c372a7539a,2020-11-04,2020-11-05,231.77,0.1093596764282099,0,227.6286472222222,204.64,4.141352777777797,227.6286472222222
1d598bb4-d5d6-4c0c-039f-613eb1642d92,acc35770-82ba-4b5f-65e5-17c372a7539a,2020-11-05,2020-11-06,220.18,0.0914483718845596,0,229.77408888888888,231.77,9.594088888888876,229.77408888888888
1d598bb4-d5d6-4c0c-039f-613eb1642d92,acc35770-82ba-4b5f-65e5-17c372a7539a,2020-11-06,2020-11-07,228.93,0.1047180533928464,0,228.4191694444444,220.18,0.5108305555556001,228.4191694444444
1d598bb4-d5d6-4c0c-039f-613eb1642d92,acc35770-82ba-4b5f-65e5-17c372a7539a,2020-11-07,2020-11-08,224.67,0.0891338541899959,0,235.66788611111105,228.93,10.997886111111058,235.66788611111105
1d598bb4-d5d6-4c0c-039f-613eb1642d92,acc35770-82ba-4b5f-65e5-17c372a7539a,2020-11-08,2020-11-09,202.19,0.0839567607930593,0,229.33395555555563,224.67,27.143955555555635,229.33395555555563
1d598bb4-d5d6-4c0c-039f-613eb1642d92,acc35770-82ba-4b5f-65e5-17c372a7539a,2020-11-09,2020-11-10,0.0,0.1772310817735146,1,0.0,202.19,0.0,202.19
1d598bb4-d5d6-4c0c-039f-613eb1642d92,acc35770-82ba-4b5f-65e5-17c372a7539a,2020-11-10,2020-11-11,213.89,0.015796457997298,0,229.0598833333332,0.0,15.169883333333187,229.0598833333332
1d598bb4-d5d6-4c0c-039f-613eb1642d92,acc35770-82ba-4b5f-65e5-17c372a7539a,2020-11-11,2020-11-12,240.96,0.1315276717851105,0,226.5737388888888,213.89,14.386261111111253,226.5737388888888
1d598bb4-d5d6-4c0c-039f-613eb1642d92,acc35770-82ba-4b5f-65e5-17c372a7539a,2020-11-12,2020-11-13,216.9,0.1035039709878564,0,231.6381,240.96,14.738099999999974,231.6381
1d598bb4-d5d6-4c0c-039f-613eb1642d92,acc35770-82ba-4b5f-65e5-17c372a7539a,2020-11-13,2020-11-14,239.95,0.0809314056048613,0,233.00411944444429,216.9,6.945880555555704,233.00411944444429
1d598bb4-d5d6-4c0c-039f-613eb1642d92,acc35770-82ba-4b5f-65e5-17c372a7539a,2020-11-14,2020-11-15,205.45,0.0693433604925021,0,232.0591055555556,239.95,26.6091055555556,232.0591055555556
1d598bb4-d5d6-4c0c-039f-613eb1642d92,acc35770-82ba-4b5f-65e5-17c372a7539a,2020-11-15,2020-11-16,227.08,0.059526880424954,0,230.5675361111111,205.45,3.4875361111110976,230.5675361111111
1d598bb4-d5d6-4c0c-039f-613eb1642d92,acc35770-82ba-4b5f-65e5-17c372a7539a,2020-11-16,2020-11-17,227.41,0.1925190648015569,1,0.0,227.08,227.41,227.08
1d598bb4-d5d6-4c0c-039f-613eb1642d92,acc35770-82ba-4b5f-65e5-17c372a7539a,2020-11-17,2020-11-18,205.93,0.1375623344177541,0,235.95669166666656,227.41,30.02669166666655,235.95669166666656
1d598bb4-d5d6-4c0c-039f-613eb1642d92,acc35770-82ba-4b5f-65e5-17c372a7539a,2020-11-18,2020-11-19,200.28,0.1142684222986965,0,231.43070277777787,205.93,31.150702777777862,231.43070277777787
1d598bb4-d5d6-4c0c-039f-613eb1642d92,acc35770-82ba-4b5f-65e5-17c372a7539a,2020-11-19,2020-11-20,236.44,0.128606948055362,0,228.2427361111112,200.28,8.197263888888784,228.2427361111112
1d598bb4-d5d6-4c0c-039f-613eb1642d92,acc35770-82ba-4b5f-65e5-17c372a7539a,2020-11-20,2020-11-21,209.98,0.0816910079389202,0,229.5941111111109,236.44,19.6141111111109,229.5941111111109
1d598bb4-d5d6-4c0c-039f-613eb1642d92,acc35770-82ba-4b5f-65e5-17c372a7539a,2020-11-21,2020-11-22,233.38,0.1154978093254785,0,230.7783166666667,209.98,2.601683333333284,230.7783166666667
1d598bb4-d5d6-4c0c-039f-613eb1642d92,acc35770-82ba-4b5f-65e5-17c372a7539a,2020-11-22,2020-11-23,211.82,0.0625748451624388,0,230.92656666666664,233.38,19.106566666666623,230.92656666666664
1d598bb4-d5d6-4c0c-039f-613eb1642d92,acc35770-82ba-4b5f-65e5-17c372a7539a,2020-11-23,2020-11-24,231.38,0.1517821306710922,1,0.0,211.82,231.38,211.82
1d598bb4-d5d6-4c0c-039f-613eb1642d92,acc35770-82ba-4b5f-65e5-17c372a7539a,2020-11-24,2020-11-25,217.72,0.1285702942267885,0,232.05585555555547,231.38,14.335855555555469,232.05585555555547
1d598bb4-d5d6-4c0c-039f-613eb1642d92,acc35770-82ba-4b5f-65e5-17c372a7539a,2020-11-25,2020-11-26,229.26,0.1083941811402242,0,230.94886944444437,217.72,1.6888694444443502,230.94886944444437
1d598bb4-d5d6-4c0c-039f-613eb1642d92,acc35770-82ba-4b5f-65e5-17c372a7539a,2020-11-26,2020-11-27,227.36,0.0835025403531796,0,232.46755833333324,229.26,5.10755833333323,232.46755833333324
1d598bb4-d5d6-4c0c-039f-613eb1642d92,acc35770-82ba-4b5f-65e5-17c372a7539a,2020-11-27,2020-11-28,235.97,0.0697159964056967,0,231.19314999999992,227.36,4.776850000000081,231.19314999999992
1d598bb4-d5d6-4c0c-039f-613eb1642d92,acc35770-82ba-4b5f-65e5-17c372a7539a,2020-11-28,2020-11-29,235.16,0.0834426385663783,0,231.04092500000007,235.97,4.119074999999924,231.04092500000007
1d598bb4-d5d6-4c0c-039f-613eb1642d92,acc35770-82ba-4b5f-65e5-17c372a7539a,2020-11-29,2020-11-30,0.0,0.0533614433011687,0,229.5793694444447,235.16,229.5793694444447,229.5793694444447
1d598bb4-d5d6-4c0c-039f-613eb1642d92,acc35770-82ba-4b5f-65e5-17c372a7539a,2020-11-30,2020-12-01,215.83,0.0443635700648586,0,233.56971666666664,0.0,17.739716666666624,233.56971666666664
1d598bb4-d5d6-4c0c-039f-613eb1642d92,acc35770-82ba-4b5f-65e5-17c372a7539a,2020-12-01,2020-12-02,200.47,0.1038600167237324,0,228.6502611111109,215.83,28.18026111111089,228.6502611111109
1d598bb4-d5d6-4c0c-039f-613eb1642d92,acc35770-82ba-4b5f-65e5-17c372a7539a,2020-12-02,2020-12-03,217.11,0.0872551719620278,0,229.2571916666668,200.47,12.147191666666744,229.2571916666668
1d598bb4-d5d6-4c0c-039f-613eb1642d92,acc35770-82ba-4b5f-65e5-17c372a7539a,2020-12-03,2020-12-04,216.02,0.1005755946464627,0,230.09822222222212,217.11,14.078222222222138,230.09822222222212
1d598bb4-d5d6-4c0c-039f-613eb1642d92,acc35770-82ba-4b5f-65e5-17c372a7539a,2020-12-04,2020-12-05,236.18,0.0570521708171655,0,232.1822861111112,216.02,3.997713888888825,232.1822861111112
1d598bb4-d5d6-4c0c-039f-613eb1642d92,acc35770-82ba-4b5f-65e5-17c372a7539a,2020-12-05,2020-12-06,234.03,0.0942311263868839,0,231.2495,236.18,2.7804999999999893,231.2495
1d598bb4-d5d6-4c0c-039f-613eb1642d92,acc35770-82ba-4b5f-65e5-17c372a7539a,2020-12-06,2020-12-07,220.06,0.0719350708733441,0,231.42011944444448,234.03,11.36011944444448,231.42011944444448
1d598bb4-d5d6-4c0c-039f-613eb1642d92,acc35770-82ba-4b5f-65e5-17c372a7539a,2020-12-07,2020-12-08,225.03,0.092844544764611,0,234.43025555555548,220.06,9.400255555555477,234.43025555555548
1d598bb4-d5d6-4c0c-039f-613eb1642d92,acc35770-82ba-4b5f-65e5-17c372a7539a,2020-12-08,2020-12-09,238.99,0.1512222275087656,1,0.0,225.03,238.99,225.03
1d598bb4-d5d6-4c0c-039f-613eb1642d92,acc35770-82ba-4b5f-65e5-17c372a7539a,2020-12-09,2020-12-10,210.79,0.0885656035178629,0,232.92585,238.99,22.135849999999976,232.92585
1d598bb4-d5d6-4c0c-039f-613eb1642d92,acc35770-82ba-4b5f-65e5-17c372a7539a,2020-12-10,2020-12-11,221.33,0.0893392466151216,0,232.1171805555556,210.79,10.787180555555608,232.1171805555556
1d598bb4-d5d6-4c0c-039f-613eb1642d92,acc35770-82ba-4b5f-65e5-17c372a7539a,2020-12-11,2020-12-12,210.33,0.0595961872926344,0,231.3303638888889,221.33,21.0003638888889,231.3303638888889
1d598bb4-d5d6-4c0c-039f-613eb1642d92,acc35770-82ba-4b5f-65e5-17c372a7539a,2020-12-12,2020-12-13,226.49,0.0876763760736719,0,231.2006694444445,210.33,4.710669444444505,231.2006694444445
1d598bb4-d5d6-4c0c-039f-613eb1642d92,acc35770-82ba-4b5f-65e5-17c372a7539a,2020-12-13,2020-12-14,212.84,0.0611848343083162,0,229.26798333333343,226.49,16.42798333333343,229.26798333333343
1d598bb4-d5d6-4c0c-039f-613eb1642d92,acc35770-82ba-4b5f-65e5-17c372a7539a,2020-12-14,2020-12-15,199.65,0.1168344152125933,0,232.01985555555564,212.84,32.36985555555563,232.01985555555564
1d598bb4-d5d6-4c0c-039f-613eb1642d92,acc35770-82ba-4b5f-65e5-17c372a7539a,2020-12-15,2020-12-16,231.66,0.112853589757307,0,230.43906388888888,199.65,1.220936111111115,230.43906388888888
1d598bb4-d5d6-4c0c-039f-613eb1642d92,acc35770-82ba-4b5f-65e5-17c372a7539a,2020-12-16,2020-12-17,217.23,0.1006699809247546,0,228.8248722222221,231.66,11.594872222222108,228.8248722222221
1d598bb4-d5d6-4c0c-039f-613eb1642d92,acc35770-82ba-4b5f-65e5-17c372a7539a,2020-12-17,2020-12-18,0.0,0.0996860159587619,0,230.55094166666663,217.23,230.55094166666663,230.55094166666663
1d598bb4-d5d6-4c0c-039f-613eb1642d92,acc35770-82ba-4b5f-65e5-17c372a7539a,2020-12-18,2020-12-19,231.94,0.0154187038884511,0,233.02459166666677,0.0,1.0845916666667392,233.02459166666677
1d598bb4-d5d6-4c0c-039f-613eb1642d92,acc35770-82ba-4b5f-65e5-17c372a7539a,2020-12-19,2020-12-20,221.3,0.0618126152981601,0,230.27306666666672,231.94,8.97306666666671,230.27306666666672
1d598bb4-d5d6-4c0c-039f-613eb1642d92,acc35770-82ba-4b5f-65e5-17c372a7539a,2020-12-20,2020-12-21,202.41,0.0769340218837693,0,230.77349166666667,221.3,28.363491666666675,230.77349166666667
1d598bb4-d5d6-4c0c-039f-613eb1642d92,acc35770-82ba-4b5f-65e5-17c372a7539a,2020-12-21,2020-12-22,222.36,0.1456150504656392,0,228.18308055555573,202.41,5.82308055555572,228.18308055555573
1d598bb4-d5d6-4c0c-039f-613eb1642d92,acc35770-82ba-4b5f-65e5-17c372a7539a,2020-12-22,2020-12-23,213.49,0.1377847182885904,0,228.1945166666665,222.36,14.704516666666509,228.1945166666665
1d598bb4-d5d6-4c0c-039f-613eb1642d92,acc35770-82ba-4b5f-65e5-17c372a7539a,2020-12-23,2020-12-24,243.99,0.0646384982492653,0,231.3027444444445,213.49,12.68725555555551,231.3027444444445
1d598bb4-d5d6-4c0c-039f-613eb1642d92,acc35770-82ba-4b5f-65e5-17c372a7539a,2020-12-24,2020-12-25,223.79,0.0586002043973091,0,232.7768833333334,243.99,8.986883333333395,232.7768833333334
1d598bb4-d5d6-4c0c-039f-613eb1642d92,acc35770-82ba-4b5f-65e5-17c372a7539a,2020-12-25,2020-12-26,234.26,0.0834955777635611,0,238.70161944444413,223.79,4.441619444444143,238.70161944444413
1d598bb4-d5d6-4c0c-039f-613eb1642d92,acc35770-82ba-4b5f-65e5-17c372a7539a,2020-12-26,2020-12-27,220.3,0.0663888071762432,0,231.77917777777785,234.26,11.479177777777808,231.77917777777785
1d598bb4-d5d6-4c0c-039f-613eb1642d92,acc35770-82ba-4b5f-65e5-17c372a7539a,2020-12-27,2020-12-28,233.24,0.078912497056152,0,229.02873055555577,220.3,4.211269444444241,229.02873055555577
1d598bb4-d5d6-4c0c-039f-613eb1642d92,acc35770-82ba-4b5f-65e5-17c372a7539a,2020-12-28,2020-12-29,224.55,0.1268039990207548,0,234.36334166666663,233.24,9.813341666666616,234.36334166666663
1d598bb4-d5d6-4c0c-039f-613eb1642d92,acc35770-82ba-4b5f-65e5-17c372a7539a,2020-12-29,2020-12-30,0.0,0.1356405267607377,0,230.9146500000001,224.55,230.9146500000001,230.9146500000001
1d598bb4-d5d6-4c0c-039f-613eb1642d92,acc35770-82ba-4b5f-65e5-17c372a7539a,2020-12-30,2020-12-31,230.31,0.0220752932014626,0,232.0175222222223,0.0,1.707522222222309,232.0175222222223
1f7c64cb-2bc6-4a50-a3c8-72b26deff83d,b2e8f27b-7726-44aa-95f1-515f5e7b74cf,2020-08-23,2020-08-24,94.27,0.2930807999829874,1,0.0,98.29,94.27,98.29
1f7c64cb-2bc6-4a50-a3c8-72b26deff83d,b2e8f27b-7726-44aa-95f1-515f5e7b74cf,2020-08-24,2020-08-25,99.99,0.3450461112061433,1,0.0,94.27,99.99,94.27
1f7c64cb-2bc6-4a50-a3c8-72b26deff83d,b2e8f27b-7726-44aa-95f1-515f5e7b74cf,2020-08-25,2020-08-26,93.79,0.256221330924868,1,0.0,99.99,93.79,99.99
1f7c64cb-2bc6-4a50-a3c8-72b26deff83d,b2e8f27b-7726-44aa-95f1-515f5e7b74cf,2020-08-26,2020-08-27,105.05,0.1686969423320523,1,0.0,93.79,105.05,93.79
1f7c64cb-2bc6-4a50-a3c8-72b26deff83d,b2e8f27b-7726-44aa-95f1-515f5e7b74cf,2020-08-27,2020-08-28,105.61,0.2772612104027197,1,0.0,105.05,105.61,105.05
1f7c64cb-2bc6-4a50-a3c8-72b26deff83d,b2e8f27b-7726-44aa-95f1-515f5e7b74cf,2020-08-28,2020-08-29,95.14,0.1759626731006896,1,0.0,105.61,95.14,105.61
1f7c64cb-2bc6-4a50-a3c8-72b26deff83d,b2e8f27b-7726-44aa-95f1-515f5e7b74cf,2020-08-29,2020-08-30,96.44,0.2469753981428025,1,0.0,95.14,96.44,95.14
1f7c64cb-2bc6-4a50-a3c8-72b26deff83d,b2e8f27b-7726-44aa-95f1-515f5e7b74cf,2020-08-30,2020-08-31,97.79,0.1914457889463617,1,0.0,96.44,97.79,96.44
1f7c64cb-2bc6-4a50-a3c8-72b26deff83d,b2e8f27b-7726-44aa-95f1-515f5e7b74cf,2020-08-31,2020-09-01,99.65,0.2372757796909462,1,0.0,97.79,99.65,97.79
1f7c64cb-2bc6-4a50-a3c8-72b26deff83d,b2e8f27b-7726-44aa-95f1-515f5e7b74cf,2020-09-01,2020-09-02,101.02,0.2765075158256258,1,0.0,99.65,101.02,99.65
1f7c64cb-2bc6-4a50-a3c8-72b26deff83d,b2e8f27b-7726-44aa-95f1-515f5e7b74cf,2020-09-02,2020-09-03,101.99,0.4051127814635904,1,0.0,101.02,101.99,101.02
1f7c64cb-2bc6-4a50-a3c8-72b26deff83d,b2e8f27b-7726-44aa-95f1-515f5e7b74cf,2020-09-03,2020-09-04,101.79,0.2262815891454688,1,0.0,101.99,101.79,101.99
1f7c64cb-2bc6-4a50-a3c8-72b26deff83d,b2e8f27b-7726-44aa-95f1-515f5e7b74cf,2020-09-04,2020-09-05,107.54,0.3047595734105147,1,0.0,101.79,107.54,101.79
1f7c64cb-2bc6-4a50-a3c8-72b26deff83d,b2e8f27b-7726-44aa-95f1-515f5e7b74cf,2020-09-05,2020-09-06,99.73,0.1598519017111762,1,0.0,107.54,99.73,107.54
1f7c64cb-2bc6-4a50-a3c8-72b26deff83d,b2e8f27b-7726-44aa-95f1-515f5e7b74cf,2020-09-06,2020-09-07,93.09,0.2587722688572871,1,0.0,99.73,93.09,99.73
1f7c64cb-2bc6-4a50-a3c8-72b26deff83d,b2e8f27b-7726-44aa-95f1-515f5e7b74cf,2020-09-07,2020-09-08,91.6,0.3734295578842013,1,0.0,93.09,91.6,93.09
1f7c64cb-2bc6-4a50-a3c8-72b26deff83d,b2e8f27b-7726-44aa-95f1-515f5e7b74cf,2020-09-08,2020-09-09,107.66,0.3494681462249723,1,0.0,91.6,107.66,91.6
1f7c64cb-2bc6-4a50-a3c8-72b26deff83d,b2e8f27b-7726-44aa-95f1-515f5e7b74cf,2020-09-09,2020-09-10,101.68,0.3052793075055631,1,0.0,107.66,101.68,107.66
1f7c64cb-2bc6-4a50-a3c8-72b26deff83d,b2e8f27b-7726-44aa-95f1-515f5e7b74cf,2020-09-10,2020-09-11,100.08,0.2487283419499909,1,0.0,101.68,100.08,101.68
1f7c64cb-2bc6-4a50-a3c8-72b26deff83d,b2e8f27b-7726-44aa-95f1-515f5e7b74cf,2020-09-11,2020-09-12,101.22,0.1863728200672713,1,0.0,100.08,101.22,100.08
1f7c64cb-2bc6-4a50-a3c8-72b26deff83d,b2e8f27b-7726-44aa-95f1-515f5e7b74cf,2020-09-12,2020-09-13,99.69,0.1789222562973355,1,0.0,101.22,99.69,101.22
1f7c64cb-2bc6-4a50-a3c8-72b26deff83d,b2e8f27b-7726-44aa-95f1-515f5e7b74cf,2020-09-13,2020-09-14,100.98,0.2457804907841039,1,0.0,99.69,100.98,99.69
1f7c64cb-2bc6-4a50-a3c8-72b26deff83d,b2e8f27b-7726-44aa-95f1-515f5e7b74cf,2020-09-14,2020-09-15,96.92,0.3101599998632117,1,0.0,100.98,96.92,100.98
1f7c64cb-2bc6-4a50-a3c8-72b26deff83d,b2e8f27b-7726-44aa-95f1-515f5e7b74cf,2020-09-15,2020-09-16,104.01,0.3073234174258558,1,0.0,96.92,104.01,96.92
1f7c64cb-2bc6-4a50-a3c8-72b26deff83d,b2e8f27b-7726-44aa-95f1-515f5e7b74cf,2020-09-16,2020-09-17,96.04,0.3004111966094415,1,0.0,104.01,96.04,104.01
1f7c64cb-2bc6-4a50-a3c8-72b26deff83d,b2e8f27b-7726-44aa-95f1-515f5e7b74cf,2020-09-17,2020-09-18,94.17,0.2780696855601,1,0.0,96.04,94.17,96.04
1f7c64cb-2bc6-4a50-a3c8-72b26deff83d,b2e8f27b-7726-44aa-95f1-515f5e7b74cf,2020-09-18,2020-09-19,90.46,0.2789553826977113,1,0.0,94.17,90.46,94.17
1f7c64cb-2bc6-4a50-a3c8-72b26deff83d,b2e8f27b-7726-44aa-95f1-515f5e7b74cf,2020-09-19,2020-09-20,97.2,0.3543609941078524,1,0.0,90.46,97.2,90.46
1f7c64cb-2bc6-4a50-a3c8-72b26deff83d,b2e8f27b-7726-44aa-95f1-515f5e7b74cf,2020-09-20,2020-09-21,104.72,0.3158726440559768,1,0.0,97.2,104.72,97.2
1f7c64cb-2bc6-4a50-a3c8-72b26deff83d,b2e8f27b-7726-44aa-95f1-515f5e7b74cf,2020-09-21,2020-09-22,95.99,0.2752046550138974,1,0.0,104.72,95.99,104.72
1f7c64cb-2bc6-4a50-a3c8-72b26deff83d,b2e8f27b-7726-44aa-95f1-515f5e7b74cf,2020-09-22,2020-09-23,91.6,0.3152527500205348,1,0.0,95.99,91.6,95.99
1f7c64cb-2bc6-4a50-a3c8-72b26deff83d,b2e8f27b-7726-44aa-95f1-515f5e7b74cf,2020-09-23,2020-09-24,99.47,0.3468837054398759,1,0.0,91.6,99.47,91.6
1f7c64cb-2bc6-4a50-a3c8-72b26deff83d,b2e8f27b-7726-44aa-95f1-515f5e7b74cf,2020-09-24,2020-09-25,94.85,0.366173747230058,1,0.0,99.47,94.85,99.47
1f7c64cb-2bc6-4a50-a3c8-72b26deff83d,b2e8f27b-7726-44aa-95f1-515f5e7b74cf,2020-09-25,2020-09-26,105.79,0.2355316484534093,1,0.0,94.85,105.79,94.85
1f7c64cb-2bc6-4a50-a3c8-72b26deff83d,b2e8f27b-7726-44aa-95f1-515f5e7b74cf,2020-09-26,2020-09-27,103.23,0.2511282369961827,1,0.0,105.79,103.23,105.79
1f7c64cb-2bc6-4a50-a3c8-72b26deff83d,b2e8f27b-7726-44aa-95f1-515f5e7b74cf,2020-09-27,2020-09-28,91.74,0.2632530683672482,1,0.0,103.23,91.74,103.23
1f7c64cb-2bc6-4a50-a3c8-72b26deff83d,b2e8f27b-7726-44aa-95f1-515f5e7b74cf,2020-09-28,2020-09-29,96.84,0.3509502972888952,1,0.0,91.74,96.84,91.74
1f7c64cb-2bc6-4a50-a3c8-72b26deff83d,b2e8f27b-7726-44aa-95f1-515f5e7b74cf,2020-09-29,2020-09-30,93.99,0.3407937151843013,1,0.0,96.84,93.99,96.84
1f7c64cb-2bc6-4a50-a3c8-72b26deff83d,b2e8f27b-7726-44aa-95f1-515f5e7b74cf,2020-09-30,2020-10-01,92.03,0.3989963105037026,1,0.0,93.99,92.03,93.99
1f7c64cb-2bc6-4a50-a3c8-72b26deff83d,b2e8f27b-7726-44aa-95f1-515f5e7b74cf,2020-10-01,2020-10-02,97.18,0.2683723245325244,1,0.0,92.03,97.18,92.03
1f7c64cb-2bc6-4a50-a3c8-72b26deff83d,b2e8f27b-7726-44aa-95f1-515f5e7b74cf,2020-10-02,2020-10-03,101.45,0.3298168836819566,1,0.0,97.18,101.45,97.18
1f7c64cb-2bc6-4a50-a3c8-72b26deff83d,b2e8f27b-7726-44aa-95f1-515f5e7b74cf,2020-10-03,2020-10-04,96.91,0.2691002075287069,1,0.0,101.45,96.91,101.45
1f7c64cb-2bc6-4a50-a3c8-72b26deff83d,b2e8f27b-7726-44aa-95f1-515f5e7b74cf,2020-10-04,2020-10-05,94.75,0.2393246737580986,1,0.0,96.91,94.75,96.91
1f7c64cb-2bc6-4a50-a3c8-72b26deff83d,b2e8f27b-7726-44aa-95f1-515f5e7b74cf,2020-10-05,2020-10-06,87.01,0.2786716517271067,1,0.0,94.75,87.01,94.75
1f7c64cb-2bc6-4a50-a3c8-72b26deff83d,b2e8f27b-7726-44aa-95f1-515f5e7b74cf,2020-10-06,2020-10-07,93.9,0.2950692472541144,1,0.0,87.01,93.9,87.01
1f7c64cb-2bc6-4a50-a3c8-72b26deff83d,b2e8f27b-7726-44aa-95f1-515f5e7b74cf,2020-10-07,2020-10-08,99.72,0.3609367728069033,1,0.0,93.9,99.72,93.9
1f7c64cb-2bc6-4a50-a3c8-72b26deff83d,b2e8f27b-7726-44aa-95f1-515f5e7b74cf,2020-10-08,2020-10-09,90.65,0.3330769099464523,1,0.0,99.72,90.65,99.72
1f7c64cb-2bc6-4a50-a3c8-72b26deff83d,b2e8f27b-7726-44aa-95f1-515f5e7b74cf,2020-10-09,2020-10-10,103.28,0.2717695206166086,1,0.0,90.65,103.28,90.65
1f7c64cb-2bc6-4a50-a3c8-72b26deff83d,b2e8f27b-7726-44aa-95f1-515f5e7b74cf,2020-10-10,2020-10-11,94.01,0.3066775743472322,1,0.0,103.28,94.01,103.28
1f7c64cb-2bc6-4a50-a3c8-72b26deff83d,b2e8f27b-7726-44aa-95f1-515f5e7b74cf,2020-10-11,2020-10-12,97.66,0.2537301062128206,1,0.0,94.01,97.66,94.01
1f7c64cb-2bc6-4a50-a3c8-72b26deff83d,b2e8f27b-7726-44aa-95f1-515f5e7b74cf,2020-10-12,2020-10-13,94.73,0.3939488271908521,1,0.0,97.66,94.73,97.66
1f7c64cb-2bc6-4a50-a3c8-72b26deff83d,b2e8f27b-7726-44aa-95f1-515f5e7b74cf,2020-10-13,2020-10-14,91.05,0.2906886874245446,1,0.0,94.73,91.05,94.73
1f7c64cb-2bc6-4a50-a3c8-72b26deff83d,b2e8f27b-7726-44aa-95f1-515f5e7b74cf,2020-10-14,2020-10-15,98.65,0.2987987402442602,1,0.0,91.05,98.65,91.05
1f7c64cb-2bc6-4a50-a3c8-72b26deff83d,b2e8f27b-7726-44aa-95f1-515f5e7b74cf,2020-10-15,2020-10-16,93.59,0.2929007339274729,1,0.0,98.65,93.59,98.65
1f7c64cb-2bc6-4a50-a3c8-72b26deff83d,b2e8f27b-7726-44aa-95f1-515f5e7b74cf,2020-10-16,2020-10-17,92.42,0.2380165980646731,1,0.0,93.59,92.42,93.59
1f7c64cb-2bc6-4a50-a3c8-72b26deff83d,b2e8f27b-7726-44aa-95f1-515f5e7b74cf,2020-10-17,2020-10-18,85.5,0.2891006927778523,1,0.0,92.42,85.5,92.42
1f7c64cb-2bc6-4a50-a3c8-72b26deff83d,b2e8f27b-7726-44aa-95f1-515f5e7b74cf,2020-10-18,2020-10-19,102.69,0.2507752703854381,1,0.0,85.5,102.69,85.5
1f7c64cb-2bc6-4a50-a3c8-72b26deff83d,b2e8f27b-7726-44aa-95f1-515f5e7b74cf,2020-10-19,2020-10-20,96.17,0.3350756396312265,1,0.0,102.69,96.17,102.69
1f7c64cb-2bc6-4a50-a3c8-72b26deff83d,b2e8f27b-7726-44aa-95f1-515f5e7b74cf,2020-10-20,2020-10-21,101.54,0.2492526219158086,1,0.0,96.17,101.54,96.17
1f7c64cb-2bc6-4a50-a3c8-72b26deff83d,b2e8f27b-7726-44aa-95f1-515f5e7b74cf,2020-10-21,2020-10-22,99.02,0.2900587915791475,1,0.0,101.54,99.02,101.54
1f7c64cb-2bc6-4a50-a3c8-72b26deff83d,b2e8f27b-7726-44aa-95f1-515f5e7b74cf,2020-10-22,2020-10-23,101.39,0.3337855917503629,1,0.0,99.02,101.39,99.02
1f7c64cb-2bc6-4a50-a3c8-72b26deff83d,b2e8f27b-7726-44aa-95f1-515f5e7b74cf,2020-10-23,2020-10-24,93.2,0.3125131544515546,1,0.0,101.39,93.2,101.39
1f7c64cb-2bc6-4a50-a3c8-72b26deff83d,b2e8f27b-7726-44aa-95f1-515f5e7b74cf,2020-10-24,2020-10-25,89.44,0.2159438813848301,1,0.0,93.2,89.44,93.2
1f7c64cb-2bc6-4a50-a3c8-72b26deff83d,b2e8f27b-7726-44aa-95f1-515f5e7b74cf,2020-10-25,2020-10-26,99.44,0.2238429131512291,1,0.0,89.44,99.44,89.44
1f7c64cb-2bc6-4a50-a3c8-72b26deff83d,b2e8f27b-7726-44aa-95f1-515f5e7b74cf,2020-10-26,2020-10-27,96.28,0.3385332075546066,1,0.0,99.44,96.28,99.44
1f7c64cb-2bc6-4a50-a3c8-72b26deff83d,b2e8f27b-7726-44aa-95f1-515f5e7b74cf,2020-10-27,2020-10-28,93.38,0.2956413168184211,1,0.0,96.28,93.38,96.28
1f7c64cb-2bc6-4a50-a3c8-72b26deff83d,b2e8f27b-7726-44aa-95f1-515f5e7b74cf,2020-10-28,2020-10-29,99.13,0.3588770971947574,1,0.0,93.38,99.13,93.38
1f7c64cb-2bc6-4a50-a3c8-72b26deff83d,b2e8f27b-7726-44aa-95f1-515f5e7b74cf,2020-10-29,2020-10-30,96.93,0.3477146108317638,1,0.0,99.13,96.93,99.13
1f7c64cb-2bc6-4a50-a3c8-72b26deff83d,b2e8f27b-7726-44aa-95f1-515f5e7b74cf,2020-10-30,2020-10-31,98.48,0.2567026247516798,1,0.0,96.93,98.48,96.93
1f7c64cb-2bc6-4a50-a3c8-72b26deff83d,b2e8f27b-7726-44aa-95f1-515f5e7b74cf,2020-10-31,2020-11-01,90.57,0.277479286344912,1,0.0,98.48,90.57,98.48
1f7c64cb-2bc6-4a50-a3c8-72b26deff83d,b2e8f27b-7726-44aa-95f1-515f5e7b74cf,2020-11-01,2020-11-02,100.02,0.3034808015506572,1,0.0,90.57,100.02,90.57
1f7c64cb-2bc6-4a50-a3c8-72b26deff83d,b2e8f27b-7726-44aa-95f1-515f5e7b74cf,2020-11-02,2020-11-03,95.17,0.3451298953632508,1,0.0,100.02,95.17,100.02
1f7c64cb-2bc6-4a50-a3c8-72b26deff83d,b2e8f27b-7726-44aa-95f1-515f5e7b74cf,2020-11-03,2020-11-04,100.42,0.3235670636276948,1,0.0,95.17,100.42,95.17
1f7c64cb-2bc6-4a50-a3c8-72b26deff83d,b2e8f27b-7726-44aa-95f1-515f5e7b74cf,2020-11-04,2020-11-05,99.77,0.3818058189828177,1,0.0,100.42,99.77,100.42
1f7c64cb-2bc6-4a50-a3c8-72b26deff83d,b2e8f27b-7726-44aa-95f1-515f5e7b74cf,2020-11-05,2020-11-06,98.31,0.2527704238355648,1,0.0,99.77,98.31,99.77
1f7c64cb-2bc6-4a50-a3c8-72b26deff83d,b2e8f27b-7726-44aa-95f1-515f5e7b74cf,2020-11-06,2020-11-07,94.4,0.2629450724406163,1,0.0,98.31,94.4,98.31
1f7c64cb-2bc6-4a50-a3c8-72b26deff83d,b2e8f27b-7726-44aa-95f1-515f5e7b74cf,2020-11-07,2020-11-08,98.29,0.2019955432401476,1,0.0,94.4,98.29,94.4
1f7c64cb-2bc6-4a50-a3c8-72b26deff83d,b2e8f27b-7726-44aa-95f1-515f5e7b74cf,2020-11-08,2020-11-09,100.22,0.2437294151787837,1,0.0,98.29,100.22,98.29
1f7c64cb-2bc6-4a50-a3c8-72b26deff83d,b2e8f27b-7726-44aa-95f1-515f5e7b74cf,2020-11-09,2020-11-10,97.66,0.3430652478428835,1,0.0,100.22,97.66,100.22
1f7c64cb-2bc6-4a50-a3c8-72b26deff83d,b2e8f27b-7726-44aa-95f1-515f5e7b74cf,2020-11-10,2020-11-11,95.64,0.2898263233938877,1,0.0,97.66,95.64,97.66
1f7c64cb-2bc6-4a50-a3c8-72b26deff83d,b2e8f27b-7726-44aa-95f1-515f5e7b74cf,2020-11-11,2020-11-12,98.05,0.3683133209742106,1,0.0,95.64,98.05,95.64
1f7c64cb-2bc6-4a50-a3c8-72b26deff83d,b2e8f27b-7726-44aa-95f1-515f5e7b74cf,2020-11-12,2020-11-13,92.1,0.2847646925962023,1,0.0,98.05,92.1,98.05
1f7c64cb-2bc6-4a50-a3c8-72b26deff83d,b2e8f27b-7726-44aa-95f1-515f5e7b74cf,2020-11-13,2020-11-14,101.93,0.2638027070491658,1,0.0,92.1,101.93,92.1
1f7c64cb-2bc6-4a50-a3c8-72b26deff83d,b2e8f27b-7726-44aa-95f1-515f5e7b74cf,2020-11-14,2020-11-15,86.82,0.2880336163634927,1,0.0,101.93,86.82,101.93
1f7c64cb-2bc6-4a50-a3c8-72b26deff83d,b2e8f27b-7726-44aa-95f1-515f5e7b74cf,2020-11-15,2020-11-16,94.54,0.2509560072476546,1,0.0,86.82,94.54,86.82
1f7c64cb-2bc6-4a50-a3c8-72b26deff83d,b2e8f27b-7726-44aa-95f1-515f5e7b74cf,2020-11-16,2020-11-17,92.42,0.279687903965716,1,0.0,94.54,92.42,94.54
1f7c64cb-2bc6-4a50-a3c8-72b26deff83d,b2e8f27b-7726-44aa-95f1-515f5e7b74cf,2020-11-17,2020-11-18,91.29,0.3536059908503187,1,0.0,92.42,91.29,92.42
1f7c64cb-2bc6-4a50-a3c8-72b26deff83d,b2e8f27b-7726-44aa-95f1-515f5e7b74cf,2020-11-18,2020-11-19,95.65,0.324489090804297,1,0.0,91.29,95.65,91.29
1f7c64cb-2bc6-4a50-a3c8-72b26deff83d,b2e8f27b-7726-44aa-95f1-515f5e7b74cf,2020-11-19,2020-11-20,88.99,0.2279442111965396,1,0.0,95.65,88.99,95.65
1f7c64cb-2bc6-4a50-a3c8-72b26deff83d,b2e8f27b-7726-44aa-95f1-515f5e7b74cf,2020-11-20,2020-11-21,104.77,0.2934440697131406,1,0.0,88.99,104.77,88.99
1f7c64cb-2bc6-4a50-a3c8-72b26deff83d,b2e8f27b-7726-44aa-95f1-515f5e7b74cf,2020-11-21,2020-11-22,87.88,0.2613283765472361,1,0.0,104.77,87.88,104.77
1f7c64cb-2bc6-4a50-a3c8-72b26deff83d,b2e8f27b-7726-44aa-95f1-515f5e7b74cf,2020-11-22,2020-11-23,89.61,0.1858756196042622,1,0.0,87.88,89.61,87.88
1f7c64cb-2bc6-4a50-a3c8-72b26deff83d,b2e8f27b-7726-44aa-95f1-515f5e7b74cf,2020-11-23,2020-11-24,89.13,0.3601633054183122,1,0.0,89.61,89.13,89.61
1f7c64cb-2bc6-4a50-a3c8-72b26deff83d,b2e8f27b-7726-44aa-95f1-515f5e7b74cf,2020-11-24,2020-11-25,94.8,0.2707931998167031,1,0.0,89.13,94.8,89.13
1f7c64cb-2bc6-4a50-a3c8-72b26deff83d,b2e8f27b-7726-44aa-95f1-515f5e7b74cf,2020-11-25,2020-11-26,98.69,0.3537384631775124,1,0.0,94.8,98.69,94.8
1f7c64cb-2bc6-4a50-a3c8-72b26deff83d,b2e8f27b-7726-44aa-95f1-515f5e7b74cf,2020-11-26,2020-11-27,96.25,0.2856866374598052,1,0.0,98.69,96.25,98.69
1f7c64cb-2bc6-4a50-a3c8-72b26deff83d,b2e8f27b-7726-44aa-95f1-515f5e7b74cf,2020-11-27,2020-11-28,100.86,0.2928658305628504,1,0.0,96.25,100.86,96.25
1f7c64cb-2bc6-4a50-a3c8-72b26deff83d,b2e8f27b-7726-44aa-95f1-515f5e7b74cf,2020-11-28,2020-11-29,89.85,0.2446782011475982,1,0.0,100.86,89.85,100.86
1f7c64cb-2bc6-4a50-a3c8-72b26deff83d,b2e8f27b-7726-44aa-95f1-515f5e7b74cf,2020-11-29,2020-11-30,0.0,0.2245325724222426,1,0.0,89.85,0.0,89.85
1f7c64cb-2bc6-4a50-a3c8-72b26deff83d,b2e8f27b-7726-44aa-95f1-515f5e7b74cf,2020-11-30,2020-12-01,92.14,0.0499213718104649,0,101.4134611111112,0.0,9.273461111111205,101.4134611111112
1f7c64cb-2bc6-4a50-a3c8-72b26deff83d,b2e8f27b-7726-44aa-95f1-515f5e7b74cf,2020-12-01,2020-12-02,94.57,0.2712433515419825,1,0.0,92.14,94.57,92.14
1f7c64cb-2bc6-4a50-a3c8-72b26deff83d,b2e8f27b-7726-44aa-95f1-515f5e7b74cf,2020-12-02,2020-12-03,98.77,0.2351528750906408,1,0.0,94.57,98.77,94.57
1f7c64cb-2bc6-4a50-a3c8-72b26deff83d,b2e8f27b-7726-44aa-95f1-515f5e7b74cf,2020-12-03,2020-12-04,85.82,0.2762155821991526,1,0.0,98.77,85.82,98.77
1f7c64cb-2bc6-4a50-a3c8-72b26deff83d,b2e8f27b-7726-44aa-95f1-515f5e7b74cf,2020-12-04,2020-12-05,103.12,0.2151046546381821,1,0.0,85.82,103.12,85.82
1f7c64cb-2bc6-4a50-a3c8-72b26deff83d,b2e8f27b-7726-44aa-95f1-515f5e7b74cf,2020-12-05,2020-12-06,92.62,0.2203334573588901,1,0.0,103.12,92.62,103.12
1f7c64cb-2bc6-4a50-a3c8-72b26deff83d,b2e8f27b-7726-44aa-95f1-515f5e7b74cf,2020-12-06,2020-12-07,86.05,0.1749130230641377,1,0.0,92.62,86.05,92.62
1f7c64cb-2bc6-4a50-a3c8-72b26deff83d,b2e8f27b-7726-44aa-95f1-515f5e7b74cf,2020-12-07,2020-12-08,90.03,0.1670401014941786,1,0.0,86.05,90.03,86.05
1f7c64cb-2bc6-4a50-a3c8-72b26deff83d,b2e8f27b-7726-44aa-95f1-515f5e7b74cf,2020-12-08,2020-12-09,93.63,0.2864541153747865,1,0.0,90.03,93.63,90.03
1f7c64cb-2bc6-4a50-a3c8-72b26deff83d,b2e8f27b-7726-44aa-95f1-515f5e7b74cf,2020-12-09,2020-12-10,89.94,0.3344920239238015,1,0.0,93.63,89.94,93.63
1f7c64cb-2bc6-4a50-a3c8-72b26deff83d,b2e8f27b-7726-44aa-95f1-515f5e7b74cf,2020-12-10,2020-12-11,84.0,0.2457966486873033,1,0.0,89.94,84.0,89.94
1f7c64cb-2bc6-4a50-a3c8-72b26deff83d,b2e8f27b-7726-44aa-95f1-515f5e7b74cf,2020-12-11,2020-12-12,93.47,0.2680245978198795,1,0.0,84.0,93.47,84.0
1f7c64cb-2bc6-4a50-a3c8-72b26deff83d,b2e8f27b-7726-44aa-95f1-515f5e7b74cf,2020-12-12,2020-12-13,89.68,0.2530268754523678,1,0.0,93.47,89.68,93.47
1f7c64cb-2bc6-4a50-a3c8-72b26deff83d,b2e8f27b-7726-44aa-95f1-515f5e7b74cf,2020-12-13,2020-12-14,96.0,0.2245817863394122,1,0.0,89.68,96.0,89.68
1f7c64cb-2bc6-4a50-a3c8-72b26deff83d,b2e8f27b-7726-44aa-95f1-515f5e7b74cf,2020-12-14,2020-12-15,88.05,0.3630575659847414,1,0.0,96.0,88.05,96.0
1f7c64cb-2bc6-4a50-a3c8-72b26deff83d,b2e8f27b-7726-44aa-95f1-515f5e7b74cf,2020-12-15,2020-12-16,103.96,0.2587011378512618,1,0.0,88.05,103.96,88.05
1f7c64cb-2bc6-4a50-a3c8-72b26deff83d,b2e8f27b-7726-44aa-95f1-515f5e7b74cf,2020-12-16,2020-12-17,95.21,0.3012146615171053,1,0.0,103.96,95.21,103.96
1f7c64cb-2bc6-4a50-a3c8-72b26deff83d,b2e8f27b-7726-44aa-95f1-515f5e7b74cf,2020-12-17,2020-12-18,93.68,0.2471894752298633,1,0.0,95.21,93.68,95.21
1f7c64cb-2bc6-4a50-a3c8-72b26deff83d,b2e8f27b-7726-44aa-95f1-515f5e7b74cf,2020-12-18,2020-12-19,95.65,0.2628291058666753,1,0.0,93.68,95.65,93.68
1f7c64cb-2bc6-4a50-a3c8-72b26deff83d,b2e8f27b-7726-44aa-95f1-515f5e7b74cf,2020-12-19,2020-12-20,84.61,0.2329302568703879,1,0.0,95.65,84.61,95.65
1f7c64cb-2bc6-4a50-a3c8-72b26deff83d,b2e8f27b-7726-44aa-95f1-515f5e7b74cf,2020-12-20,2020-12-21,90.36,0.2472697745533844,1,0.0,84.61,90.36,84.61
1f7c64cb-2bc6-4a50-a3c8-72b26deff83d,b2e8f27b-7726-44aa-95f1-515f5e7b74cf,2020-12-21,2020-12-22,101.23,0.3017570926116352,1,0.0,90.36,101.23,90.36
1f7c64cb-2bc6-4a50-a3c8-72b26deff83d,b2e8f27b-7726-44aa-95f1-515f5e7b74cf,2020-12-22,2020-12-23,91.09,0.2502195317046813,1,0.0,101.23,91.09,101.23
1f7c64cb-2bc6-4a50-a3c8-72b26deff83d,b2e8f27b-7726-44aa-95f1-515f5e7b74cf,2020-12-23,2020-12-24,92.23,0.2801960972448069,1,0.0,91.09,92.23,91.09
1f7c64cb-2bc6-4a50-a3c8-72b26deff83d,b2e8f27b-7726-44aa-95f1-515f5e7b74cf,2020-12-24,2020-12-25,90.35,0.2460716421567104,1,0.0,92.23,90.35,92.23
1f7c64cb-2bc6-4a50-a3c8-72b26deff83d,b2e8f27b-7726-44aa-95f1-515f5e7b74cf,2020-12-25,2020-12-26,99.47,0.2383350209369608,1,0.0,90.35,99.47,90.35
1f7c64cb-2bc6-4a50-a3c8-72b26deff83d,b2e8f27b-7726-44aa-95f1-515f5e7b74cf,2020-12-26,2020-12-27,91.29,0.2786795159999134,1,0.0,99.47,91.29,99.47
1f7c64cb-2bc6-4a50-a3c8-72b26deff83d,b2e8f27b-7726-44aa-95f1-515f5e7b74cf,2020-12-27,2020-12-28,86.77,0.2681383872937551,1,0.0,91.29,86.77,91.29
1f7c64cb-2bc6-4a50-a3c8-72b26deff83d,b2e8f27b-7726-44aa-95f1-515f5e7b74cf,2020-12-28,2020-12-29,0.0,0.2535597405945574,1,0.0,86.77,0.0,86.77
1f7c64cb-2bc6-4a50-a3c8-72b26deff83d,b2e8f27b-7726-44aa-95f1-515f5e7b74cf,2020-12-29,2020-12-30,86.17,0.0486438945417186,0,99.5701611111112,0.0,13.400161111111188,99.5701611111112
1f7c64cb-2bc6-4a50-a3c8-72b26deff83d,b2e8f27b-7726-44aa-95f1-515f5e7b74cf,2020-12-30,2020-12-31,91.82,0.2091208998599164,1,0.0,86.17,91.82,86.17
2886ca8b-c94c-4f26-e8f0-0c5866f1cea6,82d7852e-ca6d-4773-18e1-dd4a2cb51f7e,2020-09-11,2020-09-12,177.46,0.0784700051774482,0,243.9804222222224,192.86,66.52042222222241,243.9804222222224
2886ca8b-c94c-4f26-e8f0-0c5866f1cea6,82d7852e-ca6d-4773-18e1-dd4a2cb51f7e,2020-09-12,2020-09-13,171.51,0.1304240361056233,0,229.50967777777748,177.46,57.99967777777749,229.50967777777748
2886ca8b-c94c-4f26-e8f0-0c5866f1cea6,82d7852e-ca6d-4773-18e1-dd4a2cb51f7e,2020-09-13,2020-09-14,176.45,0.1200544212434113,0,227.04929999999973,171.51,50.599299999999744,227.04929999999973
2886ca8b-c94c-4f26-e8f0-0c5866f1cea6,82d7852e-ca6d-4773-18e1-dd4a2cb51f7e,2020-09-14,2020-09-15,181.24,0.073078783055306,0,223.3741666666666,176.45,42.1341666666666,223.3741666666666
2886ca8b-c94c-4f26-e8f0-0c5866f1cea6,82d7852e-ca6d-4773-18e1-dd4a2cb51f7e,2020-09-15,2020-09-16,197.9,0.0752166186583206,0,224.81977222222216,181.24,26.91977222222218,224.81977222222216
2886ca8b-c94c-4f26-e8f0-0c5866f1cea6,82d7852e-ca6d-4773-18e1-dd4a2cb51f7e,2020-09-16,2020-09-17,177.85,0.0704651242403853,0,227.1336944444443,197.9,49.28369444444431,227.1336944444443
2886ca8b-c94c-4f26-e8f0-0c5866f1cea6,82d7852e-ca6d-4773-18e1-dd4a2cb51f7e,2020-09-17,2020-09-18,190.1,0.0725415743795784,0,227.2337388888888,177.85,37.133738888888814,227.2337388888888
2886ca8b-c94c-4f26-e8f0-0c5866f1cea6,82d7852e-ca6d-4773-18e1-dd4a2cb51f7e,2020-09-18,2020-09-19,196.19,0.0822755472426207,0,215.0428944444444,190.1,18.852894444444416,215.0428944444444
2886ca8b-c94c-4f26-e8f0-0c5866f1cea6,82d7852e-ca6d-4773-18e1-dd4a2cb51f7e,2020-09-19,2020-09-20,178.31,0.0722318811446107,0,216.149638888889,196.19,37.839638888889,216.149638888889
2886ca8b-c94c-4f26-e8f0-0c5866f1cea6,82d7852e-ca6d-4773-18e1-dd4a2cb51f7e,2020-09-20,2020-09-21,198.28,0.0929259105292812,0,214.10897777777785,178.31,15.828977777777853,214.10897777777785
2886ca8b-c94c-4f26-e8f0-0c5866f1cea6,82d7852e-ca6d-4773-18e1-dd4a2cb51f7e,2020-09-21,2020-09-22,0.0,0.0615372080229233,0,216.12876111111112,198.28,216.12876111111112,216.12876111111112
2886ca8b-c94c-4f26-e8f0-0c5866f1cea6,82d7852e-ca6d-4773-18e1-dd4a2cb51f7e,2020-09-22,2020-09-23,176.37,0.0129842017341885,0,216.2502777777778,0.0,39.88027777777779,216.2502777777778
2886ca8b-c94c-4f26-e8f0-0c5866f1cea6,82d7852e-ca6d-4773-18e1-dd4a2cb51f7e,2020-09-23,2020-09-24,181.45,0.0889583235241516,0,205.27470555555567,176.37,23.82470555555568,205.27470555555567
2886ca8b-c94c-4f26-e8f0-0c5866f1cea6,82d7852e-ca6d-4773-18e1-dd4a2cb51f7e,2020-09-24,2020-09-25,177.8,0.0752884304959665,0,205.1734333333334,181.45,27.373433333333395,205.1734333333334
2886ca8b-c94c-4f26-e8f0-0c5866f1cea6,82d7852e-ca6d-4773-18e1-dd4a2cb51f7e,2020-09-25,2020-09-26,182.55,0.0785275135465091,0,204.58039444444452,177.8,22.03039444444454,204.58039444444452
2886ca8b-c94c-4f26-e8f0-0c5866f1cea6,82d7852e-ca6d-4773-18e1-dd4a2cb51f7e,2020-09-26,2020-09-27,188.55,0.0802532844427498,0,208.2912500000001,182.55,19.741250000000093,208.2912500000001
2886ca8b-c94c-4f26-e8f0-0c5866f1cea6,82d7852e-ca6d-4773-18e1-dd4a2cb51f7e,2020-09-27,2020-09-28,178.85,0.0837052980646599,0,205.7771944444445,188.55,26.927194444444467,205.7771944444445
2886ca8b-c94c-4f26-e8f0-0c5866f1cea6,82d7852e-ca6d-4773-18e1-dd4a2cb51f7e,2020-09-28,2020-09-29,188.14,0.0982935576186139,0,206.4270611111112,178.85,18.28706111111123,206.4270611111112
2886ca8b-c94c-4f26-e8f0-0c5866f1cea6,82d7852e-ca6d-4773-18e1-dd4a2cb51f7e,2020-09-29,2020-09-30,186.28,0.1062934027804331,0,204.08094722222208,188.14,17.800947222222078,204.08094722222208
2886ca8b-c94c-4f26-e8f0-0c5866f1cea6,82d7852e-ca6d-4773-18e1-dd4a2cb51f7e,2020-09-30,2020-10-01,175.02,0.0979399452244679,0,212.35034444444443,186.28,37.33034444444442,212.35034444444443
2886ca8b-c94c-4f26-e8f0-0c5866f1cea6,82d7852e-ca6d-4773-18e1-dd4a2cb51f7e,2020-10-01,2020-10-02,187.99,0.0751037725663835,0,212.56336666666655,175.02,24.573366666666573,212.56336666666655
2886ca8b-c94c-4f26-e8f0-0c5866f1cea6,82d7852e-ca6d-4773-18e1-dd4a2cb51f7e,2020-10-02,2020-10-03,194.63,0.0664811697220735,0,211.6697388888889,187.99,17.039738888888905,211.6697388888889
2886ca8b-c94c-4f26-e8f0-0c5866f1cea6,82d7852e-ca6d-4773-18e1-dd4a2cb51f7e,2020-10-03,2020-10-04,182.19,0.0905146151869771,0,216.14857222222216,194.63,33.95857222222219,216.14857222222216
2886ca8b-c94c-4f26-e8f0-0c5866f1cea6,82d7852e-ca6d-4773-18e1-dd4a2cb51f7e,2020-10-04,2020-10-05,191.23,0.0751809653289418,0,215.01324999999997,182.19,23.783249999999956,215.01324999999997
2886ca8b-c94c-4f26-e8f0-0c5866f1cea6,82d7852e-ca6d-4773-18e1-dd4a2cb51f7e,2020-10-05,2020-10-06,175.06,0.0680583001965284,0,212.60011111111103,191.23,37.54011111111106,212.60011111111103
2886ca8b-c94c-4f26-e8f0-0c5866f1cea6,82d7852e-ca6d-4773-18e1-dd4a2cb51f7e,2020-10-06,2020-10-07,0.0,0.1087773237641322,0,216.0364666666667,175.06,216.0364666666667,216.0364666666667
2886ca8b-c94c-4f26-e8f0-0c5866f1cea6,82d7852e-ca6d-4773-18e1-dd4a2cb51f7e,2020-10-07,2020-10-08,189.79,0.0311448752581126,0,212.9217833333333,0.0,23.13178333333332,212.9217833333333
2886ca8b-c94c-4f26-e8f0-0c5866f1cea6,82d7852e-ca6d-4773-18e1-dd4a2cb51f7e,2020-10-08,2020-10-09,190.67,0.0886692092184117,0,206.09445000000005,189.79,15.424450000000064,206.09445000000005
2886ca8b-c94c-4f26-e8f0-0c5866f1cea6,82d7852e-ca6d-4773-18e1-dd4a2cb51f7e,2020-10-09,2020-10-10,178.02,0.0634692746924385,0,211.8399555555557,190.67,33.81995555555565,211.8399555555557
2886ca8b-c94c-4f26-e8f0-0c5866f1cea6,82d7852e-ca6d-4773-18e1-dd4a2cb51f7e,2020-10-10,2020-10-11,190.55,0.0715015597855894,0,211.03652777777776,178.02,20.486527777777752,211.03652777777776
2886ca8b-c94c-4f26-e8f0-0c5866f1cea6,82d7852e-ca6d-4773-18e1-dd4a2cb51f7e,2020-10-11,2020-10-12,187.72,0.0909075414230899,0,205.1959833333334,190.55,17.475983333333403,205.1959833333334
2886ca8b-c94c-4f26-e8f0-0c5866f1cea6,82d7852e-ca6d-4773-18e1-dd4a2cb51f7e,2020-10-12,2020-10-13,190.76,0.0888105347625863,0,210.9024944444445,187.72,20.14249444444451,210.9024944444445
2886ca8b-c94c-4f26-e8f0-0c5866f1cea6,82d7852e-ca6d-4773-18e1-dd4a2cb51f7e,2020-10-13,2020-10-14,196.09,0.0875684590462716,0,209.18124444444445,190.76,13.091244444444442,209.18124444444445
2886ca8b-c94c-4f26-e8f0-0c5866f1cea6,82d7852e-ca6d-4773-18e1-dd4a2cb51f7e,2020-10-14,2020-10-15,179.26,0.0914732754152358,0,214.02631666666676,196.09,34.76631666666674,214.02631666666676
2886ca8b-c94c-4f26-e8f0-0c5866f1cea6,82d7852e-ca6d-4773-18e1-dd4a2cb51f7e,2020-10-15,2020-10-16,195.93,0.1134994612926002,0,217.0596277777777,179.26,21.129627777777728,217.0596277777777
2886ca8b-c94c-4f26-e8f0-0c5866f1cea6,82d7852e-ca6d-4773-18e1-dd4a2cb51f7e,2020-10-16,2020-10-17,190.68,0.0935700346517116,0,215.60801666666657,195.93,24.928016666666565,215.60801666666657
2886ca8b-c94c-4f26-e8f0-0c5866f1cea6,82d7852e-ca6d-4773-18e1-dd4a2cb51f7e,2020-10-17,2020-10-18,173.04,0.1008374940450612,0,216.66501111111117,190.68,43.62501111111115,216.66501111111117
2886ca8b-c94c-4f26-e8f0-0c5866f1cea6,82d7852e-ca6d-4773-18e1-dd4a2cb51f7e,2020-10-18,2020-10-19,199.23,0.0840811017514642,0,216.92276111111107,173.04,17.692761111111082,216.92276111111107
2886ca8b-c94c-4f26-e8f0-0c5866f1cea6,82d7852e-ca6d-4773-18e1-dd4a2cb51f7e,2020-10-19,2020-10-20,178.6,0.0828944994760065,0,216.5949111111112,199.23,37.99491111111118,216.5949111111112
2886ca8b-c94c-4f26-e8f0-0c5866f1cea6,82d7852e-ca6d-4773-18e1-dd4a2cb51f7e,2020-10-20,2020-10-21,185.22,0.1069021437496202,0,218.50217777777775,178.6,33.282177777777775,218.50217777777775
2886ca8b-c94c-4f26-e8f0-0c5866f1cea6,82d7852e-ca6d-4773-18e1-dd4a2cb51f7e,2020-10-21,2020-10-22,185.55,0.1020564427312584,0,215.8765944444444,185.22,30.3265944444444,215.8765944444444
2886ca8b-c94c-4f26-e8f0-0c5866f1cea6,82d7852e-ca6d-4773-18e1-dd4a2cb51f7e,2020-10-22,2020-10-23,174.67,0.1175200171693448,0,213.4177,185.55,38.74769999999998,213.4177
2886ca8b-c94c-4f26-e8f0-0c5866f1cea6,82d7852e-ca6d-4773-18e1-dd4a2cb51f7e,2020-10-23,2020-10-24,191.26,0.0725668946616931,0,215.59465555555545,174.67,24.334655555555457,215.59465555555545
2886ca8b-c94c-4f26-e8f0-0c5866f1cea6,82d7852e-ca6d-4773-18e1-dd4a2cb51f7e,2020-10-24,2020-10-25,179.12,0.1057504235286763,0,214.3387055555556,191.26,35.21870555555557,214.3387055555556
2886ca8b-c94c-4f26-e8f0-0c5866f1cea6,82d7852e-ca6d-4773-18e1-dd4a2cb51f7e,2020-10-25,2020-10-26,171.71,0.0861535760481432,0,215.3886611111112,179.12,43.67866111111118,215.3886611111112
2886ca8b-c94c-4f26-e8f0-0c5866f1cea6,82d7852e-ca6d-4773-18e1-dd4a2cb51f7e,2020-10-26,2020-10-27,175.6,0.0903914924417288,0,215.30861111111105,171.71,39.70861111111103,215.30861111111105
2886ca8b-c94c-4f26-e8f0-0c5866f1cea6,82d7852e-ca6d-4773-18e1-dd4a2cb51f7e,2020-10-27,2020-10-28,167.02,0.1087153468330872,0,209.54325,175.6,42.52324999999999,209.54325
2886ca8b-c94c-4f26-e8f0-0c5866f1cea6,82d7852e-ca6d-4773-18e1-dd4a2cb51f7e,2020-10-28,2020-10-29,171.0,0.0963898943029347,0,210.72256666666672,167.02,39.72256666666672,210.72256666666672
2886ca8b-c94c-4f26-e8f0-0c5866f1cea6,82d7852e-ca6d-4773-18e1-dd4a2cb51f7e,2020-10-29,2020-10-30,191.98,0.1237145268345779,0,210.34791111111116,171.0,18.36791111111114,210.34791111111116
2886ca8b-c94c-4f26-e8f0-0c5866f1cea6,82d7852e-ca6d-4773-18e1-dd4a2cb51f7e,2020-10-30,2020-10-31,169.17,0.1004330694674496,0,211.16985,191.98,41.99985000000001,211.16985
2886ca8b-c94c-4f26-e8f0-0c5866f1cea6,82d7852e-ca6d-4773-18e1-dd4a2cb51f7e,2020-10-31,2020-11-01,185.71,0.106288249405339,0,214.7402611111111,169.17,29.030261111111088,214.7402611111111
2886ca8b-c94c-4f26-e8f0-0c5866f1cea6,82d7852e-ca6d-4773-18e1-dd4a2cb51f7e,2020-11-01,2020-11-02,177.23,0.0878870864085139,0,211.46427777777785,185.71,34.234277777777834,211.46427777777785
2886ca8b-c94c-4f26-e8f0-0c5866f1cea6,82d7852e-ca6d-4773-18e1-dd4a2cb51f7e,2020-11-02,2020-11-03,192.52,0.0858681080716055,0,213.44572777777768,177.23,20.925727777777663,213.44572777777768
2886ca8b-c94c-4f26-e8f0-0c5866f1cea6,82d7852e-ca6d-4773-18e1-dd4a2cb51f7e,2020-11-03,2020-11-04,182.12,0.1031150379394589,0,213.2951611111112,192.52,31.17516111111115,213.2951611111112
2886ca8b-c94c-4f26-e8f0-0c5866f1cea6,82d7852e-ca6d-4773-18e1-dd4a2cb51f7e,2020-11-04,2020-11-05,171.58,0.138664863561215,0,216.16602222222224,182.12,44.58602222222223,216.16602222222224
2886ca8b-c94c-4f26-e8f0-0c5866f1cea6,82d7852e-ca6d-4773-18e1-dd4a2cb51f7e,2020-11-05,2020-11-06,187.54,0.1232393108286247,0,213.32667222222224,171.58,25.78667222222225,213.32667222222224
2886ca8b-c94c-4f26-e8f0-0c5866f1cea6,82d7852e-ca6d-4773-18e1-dd4a2cb51f7e,2020-11-06,2020-11-07,178.6,0.1151264996612732,0,213.92576666666665,187.54,35.325766666666624,213.92576666666665
2886ca8b-c94c-4f26-e8f0-0c5866f1cea6,82d7852e-ca6d-4773-18e1-dd4a2cb51f7e,2020-11-07,2020-11-08,188.16,0.1139214788672439,0,214.87967222222215,178.6,26.719672222222187,214.87967222222215
2886ca8b-c94c-4f26-e8f0-0c5866f1cea6,82d7852e-ca6d-4773-18e1-dd4a2cb51f7e,2020-11-08,2020-11-09,184.85,0.0965570351097779,0,212.76091111111108,188.16,27.91091111111109,212.76091111111108
2886ca8b-c94c-4f26-e8f0-0c5866f1cea6,82d7852e-ca6d-4773-18e1-dd4a2cb51f7e,2020-11-09,2020-11-10,172.44,0.1119118996646144,0,216.1658888888889,184.85,43.7258888888889,216.1658888888889
2886ca8b-c94c-4f26-e8f0-0c5866f1cea6,82d7852e-ca6d-4773-18e1-dd4a2cb51f7e,2020-11-10,2020-11-11,180.52,0.1144031667547567,0,217.3247111111111,172.44,36.80471111111109,217.3247111111111
2886ca8b-c94c-4f26-e8f0-0c5866f1cea6,82d7852e-ca6d-4773-18e1-dd4a2cb51f7e,2020-11-11,2020-11-12,0.0,0.1125550663092507,0,214.84683888888893,180.52,214.84683888888893,214.84683888888893
2886ca8b-c94c-4f26-e8f0-0c5866f1cea6,82d7852e-ca6d-4773-18e1-dd4a2cb51f7e,2020-11-12,2020-11-13,179.18,0.0270781890322025,0,213.1387666666667,0.0,33.95876666666669,213.1387666666667
2886ca8b-c94c-4f26-e8f0-0c5866f1cea6,82d7852e-ca6d-4773-18e1-dd4a2cb51f7e,2020-11-13,2020-11-14,180.18,0.1252098308490488,0,204.5169166666667,179.18,24.336916666666696,204.5169166666667
2886ca8b-c94c-4f26-e8f0-0c5866f1cea6,82d7852e-ca6d-4773-18e1-dd4a2cb51f7e,2020-11-14,2020-11-15,167.44,0.0992597929365379,0,206.76492222222228,180.18,39.32492222222229,206.76492222222228
2886ca8b-c94c-4f26-e8f0-0c5866f1cea6,82d7852e-ca6d-4773-18e1-dd4a2cb51f7e,2020-11-15,2020-11-16,183.96,0.0809880450797121,0,206.8332666666668,167.44,22.87326666666675,206.8332666666668
2886ca8b-c94c-4f26-e8f0-0c5866f1cea6,82d7852e-ca6d-4773-18e1-dd4a2cb51f7e,2020-11-16,2020-11-17,178.17,0.0777230713169118,0,206.0799555555556,183.96,27.9099555555556,206.0799555555556
2886ca8b-c94c-4f26-e8f0-0c5866f1cea6,82d7852e-ca6d-4773-18e1-dd4a2cb51f7e,2020-11-17,2020-11-18,169.86,0.1261372174784597,0,205.4482111111112,178.17,35.58821111111115,205.4482111111112
2886ca8b-c94c-4f26-e8f0-0c5866f1cea6,82d7852e-ca6d-4773-18e1-dd4a2cb51f7e,2020-11-18,2020-11-19,170.73,0.1122746806220128,0,206.2198555555556,169.86,35.48985555555558,206.2198555555556
2886ca8b-c94c-4f26-e8f0-0c5866f1cea6,82d7852e-ca6d-4773-18e1-dd4a2cb51f7e,2020-11-19,2020-11-20,165.8,0.1166110316311862,0,206.125811111111,170.73,40.325811111110994,206.125811111111
2886ca8b-c94c-4f26-e8f0-0c5866f1cea6,82d7852e-ca6d-4773-18e1-dd4a2cb51f7e,2020-11-20,2020-11-21,199.27,0.0930695247318404,0,209.8354388888889,165.8,10.565438888888906,209.8354388888889
2886ca8b-c94c-4f26-e8f0-0c5866f1cea6,82d7852e-ca6d-4773-18e1-dd4a2cb51f7e,2020-11-21,2020-11-22,180.36,0.1006425427145768,0,214.33215555555557,199.27,33.97215555555553,214.33215555555557
2886ca8b-c94c-4f26-e8f0-0c5866f1cea6,82d7852e-ca6d-4773-18e1-dd4a2cb51f7e,2020-11-22,2020-11-23,183.94,0.1000893212646179,0,216.24210555555567,180.36,32.30210555555567,216.24210555555567
2886ca8b-c94c-4f26-e8f0-0c5866f1cea6,82d7852e-ca6d-4773-18e1-dd4a2cb51f7e,2020-11-23,2020-11-24,193.93,0.0874029105606509,0,211.99452222222223,183.94,18.064522222222223,211.99452222222223
2886ca8b-c94c-4f26-e8f0-0c5866f1cea6,82d7852e-ca6d-4773-18e1-dd4a2cb51f7e,2020-11-24,2020-11-25,206.74,0.111819345304476,0,214.12816666666677,193.93,7.388166666666734,214.12816666666677
2886ca8b-c94c-4f26-e8f0-0c5866f1cea6,82d7852e-ca6d-4773-18e1-dd4a2cb51f7e,2020-11-25,2020-11-26,173.97,0.1054286691311387,0,221.2332722222223,206.74,47.2632722222223,221.2332722222223
2886ca8b-c94c-4f26-e8f0-0c5866f1cea6,82d7852e-ca6d-4773-18e1-dd4a2cb51f7e,2020-11-26,2020-11-27,175.52,0.1084182289077954,0,216.2070555555555,173.97,40.6870555555555,216.2070555555555
2886ca8b-c94c-4f26-e8f0-0c5866f1cea6,82d7852e-ca6d-4773-18e1-dd4a2cb51f7e,2020-11-27,2020-11-28,171.22,0.1024995536713649,0,213.4682944444444,175.52,42.24829444444438,213.4682944444444
2886ca8b-c94c-4f26-e8f0-0c5866f1cea6,82d7852e-ca6d-4773-18e1-dd4a2cb51f7e,2020-11-28,2020-11-29,178.6,0.1294163676891818,0,214.3578111111111,171.22,35.757811111111096,214.3578111111111
2886ca8b-c94c-4f26-e8f0-0c5866f1cea6,82d7852e-ca6d-4773-18e1-dd4a2cb51f7e,2020-11-29,2020-11-30,164.3,0.0741579673896775,0,212.42467777777784,178.6,48.124677777777805,212.42467777777784
2886ca8b-c94c-4f26-e8f0-0c5866f1cea6,82d7852e-ca6d-4773-18e1-dd4a2cb51f7e,2020-11-30,2020-12-01,191.89,0.0956038135118972,0,211.44005555555552,164.3,19.55005555555553,211.44005555555552
2886ca8b-c94c-4f26-e8f0-0c5866f1cea6,82d7852e-ca6d-4773-18e1-dd4a2cb51f7e,2020-12-01,2020-12-02,184.2,0.0953967871145508,0,214.20132777777775,191.89,30.00132777777779,214.20132777777775
2886ca8b-c94c-4f26-e8f0-0c5866f1cea6,82d7852e-ca6d-4773-18e1-dd4a2cb51f7e,2020-12-02,2020-12-03,177.7,0.1113894982431024,0,219.8722,184.2,42.172199999999975,219.8722
2886ca8b-c94c-4f26-e8f0-0c5866f1cea6,82d7852e-ca6d-4773-18e1-dd4a2cb51f7e,2020-12-03,2020-12-04,166.79,0.116149088348505,0,211.82303888888885,177.7,45.03303888888885,211.82303888888885
2886ca8b-c94c-4f26-e8f0-0c5866f1cea6,82d7852e-ca6d-4773-18e1-dd4a2cb51f7e,2020-12-04,2020-12-05,192.72,0.1082488799774626,0,211.07263333333336,166.79,18.352633333333387,211.07263333333336
2886ca8b-c94c-4f26-e8f0-0c5866f1cea6,82d7852e-ca6d-4773-18e1-dd4a2cb51f7e,2020-12-05,2020-12-06,175.32,0.1177456616012434,0,212.5537555555555,192.72,37.23375555555552,212.5537555555555
2886ca8b-c94c-4f26-e8f0-0c5866f1cea6,82d7852e-ca6d-4773-18e1-dd4a2cb51f7e,2020-12-06,2020-12-07,195.37,0.0919142098453218,0,214.23248333333325,175.32,18.862483333333245,214.23248333333325
2886ca8b-c94c-4f26-e8f0-0c5866f1cea6,82d7852e-ca6d-4773-18e1-dd4a2cb51f7e,2020-12-07,2020-12-08,176.35,0.0987339394622678,0,214.54611111111117,195.37,38.19611111111115,214.54611111111117
2886ca8b-c94c-4f26-e8f0-0c5866f1cea6,82d7852e-ca6d-4773-18e1-dd4a2cb51f7e,2020-12-08,2020-12-09,179.57,0.1129253756341121,0,218.9060944444444,176.35,39.33609444444443,218.9060944444444
2886ca8b-c94c-4f26-e8f0-0c5866f1cea6,82d7852e-ca6d-4773-18e1-dd4a2cb51f7e,2020-12-09,2020-12-10,167.99,0.0934065066731726,0,215.4521055555556,179.57,47.46210555555561,215.4521055555556
2886ca8b-c94c-4f26-e8f0-0c5866f1cea6,82d7852e-ca6d-4773-18e1-dd4a2cb51f7e,2020-12-10,2020-12-11,189.81,0.1242277376590621,0,210.0629777777779,167.99,20.25297777777789,210.0629777777779
2886ca8b-c94c-4f26-e8f0-0c5866f1cea6,82d7852e-ca6d-4773-18e1-dd4a2cb51f7e,2020-12-11,2020-12-12,164.25,0.0979327420665029,0,211.73419444444443,189.81,47.48419444444443,211.73419444444443
2886ca8b-c94c-4f26-e8f0-0c5866f1cea6,82d7852e-ca6d-4773-18e1-dd4a2cb51f7e,2020-12-12,2020-12-13,185.54,0.0945198081394848,0,215.91954444444443,164.25,30.379544444444434,215.91954444444443
2886ca8b-c94c-4f26-e8f0-0c5866f1cea6,82d7852e-ca6d-4773-18e1-dd4a2cb51f7e,2020-12-13,2020-12-14,191.1,0.0976106606395275,0,211.4775777777778,185.54,20.377577777777816,211.4775777777778
2886ca8b-c94c-4f26-e8f0-0c5866f1cea6,82d7852e-ca6d-4773-18e1-dd4a2cb51f7e,2020-12-14,2020-12-15,164.02,0.1074043964603023,0,215.99642222222224,191.1,51.976422222222254,215.99642222222224
2886ca8b-c94c-4f26-e8f0-0c5866f1cea6,82d7852e-ca6d-4773-18e1-dd4a2cb51f7e,2020-12-15,2020-12-16,186.62,0.1110667317015469,0,211.33291111111112,164.02,24.71291111111111,211.33291111111112
2886ca8b-c94c-4f26-e8f0-0c5866f1cea6,82d7852e-ca6d-4773-18e1-dd4a2cb51f7e,2020-12-16,2020-12-17,191.3,0.141701079939688,0,209.75589999999983,186.62,18.455899999999843,209.75589999999983
2886ca8b-c94c-4f26-e8f0-0c5866f1cea6,82d7852e-ca6d-4773-18e1-dd4a2cb51f7e,2020-12-17,2020-12-18,181.79,0.1087993587511839,0,213.37292777777776,191.3,31.58292777777777,213.37292777777776
2886ca8b-c94c-4f26-e8f0-0c5866f1cea6,82d7852e-ca6d-4773-18e1-dd4a2cb51f7e,2020-12-18,2020-12-19,183.08,0.1215641916957249,0,213.8199833333333,181.79,30.739983333333328,213.8199833333333
2886ca8b-c94c-4f26-e8f0-0c5866f1cea6,82d7852e-ca6d-4773-18e1-dd4a2cb51f7e,2020-12-19,2020-12-20,181.11,0.1104051930448058,0,212.415811111111,183.08,31.305811111110984,212.415811111111
2886ca8b-c94c-4f26-e8f0-0c5866f1cea6,82d7852e-ca6d-4773-18e1-dd4a2cb51f7e,2020-12-20,2020-12-21,178.14,0.1161065068354393,0,213.19510555555556,181.11,35.05510555555554,213.19510555555556
2886ca8b-c94c-4f26-e8f0-0c5866f1cea6,82d7852e-ca6d-4773-18e1-dd4a2cb51f7e,2020-12-21,2020-12-22,168.56,0.0852907441614093,0,212.49001111111107,178.14,43.93001111111107,212.49001111111107
2886ca8b-c94c-4f26-e8f0-0c5866f1cea6,82d7852e-ca6d-4773-18e1-dd4a2cb51f7e,2020-12-22,2020-12-23,176.82,0.1308821449100277,0,210.8534444444444,168.56,34.03344444444437,210.8534444444444
2886ca8b-c94c-4f26-e8f0-0c5866f1cea6,82d7852e-ca6d-4773-18e1-dd4a2cb51f7e,2020-12-23,2020-12-24,174.51,0.1152987739546742,0,213.60510555555555,176.82,39.09510555555556,213.60510555555555
2886ca8b-c94c-4f26-e8f0-0c5866f1cea6,82d7852e-ca6d-4773-18e1-dd4a2cb51f7e,2020-12-24,2020-12-25,194.47,0.1137330267661835,0,214.95052777777772,174.51,20.480527777777752,214.95052777777772
2886ca8b-c94c-4f26-e8f0-0c5866f1cea6,82d7852e-ca6d-4773-18e1-dd4a2cb51f7e,2020-12-25,2020-12-26,176.33,0.1074550984425865,0,212.16938888888888,194.47,35.83938888888886,212.16938888888888
2886ca8b-c94c-4f26-e8f0-0c5866f1cea6,82d7852e-ca6d-4773-18e1-dd4a2cb51f7e,2020-12-26,2020-12-27,176.51,0.1244047888541879,0,213.65111111111108,176.33,37.14111111111109,213.65111111111108
2886ca8b-c94c-4f26-e8f0-0c5866f1cea6,82d7852e-ca6d-4773-18e1-dd4a2cb51f7e,2020-12-27,2020-12-28,178.34,0.1043759966909951,0,210.7430055555556,176.51,32.40300555555558,210.7430055555556
2886ca8b-c94c-4f26-e8f0-0c5866f1cea6,82d7852e-ca6d-4773-18e1-dd4a2cb51f7e,2020-12-28,2020-12-29,180.56,0.1165125663821171,0,213.39345,178.34,32.83345,213.39345
2886ca8b-c94c-4f26-e8f0-0c5866f1cea6,82d7852e-ca6d-4773-18e1-dd4a2cb51f7e,2020-12-29,2020-12-30,169.7,0.1274942584297758,0,211.8669055555556,180.56,42.166905555555616,211.8669055555556
2886ca8b-c94c-4f26-e8f0-0c5866f1cea6,82d7852e-ca6d-4773-18e1-dd4a2cb51f7e,2020-12-30,2020-12-31,184.86,0.1103489908637852,0,212.73084444444444,169.7,27.87084444444443,212.73084444444444
2a725f42-a3ed-4e33-57eb-aea6681bab8c,f62dab14-cd6c-46e4-3aa2-d3c0ccca7b4c,2020-08-23,2020-08-24,415.53,0.1440092440823957,0,400.35511666666656,383.82,15.174883333333412,400.35511666666656
2a725f42-a3ed-4e33-57eb-aea6681bab8c,f62dab14-cd6c-46e4-3aa2-d3c0ccca7b4c,2020-08-24,2020-08-25,394.53,0.0916071006866385,0,403.5911277777778,415.53,9.061127777777813,403.5911277777778
2a725f42-a3ed-4e33-57eb-aea6681bab8c,f62dab14-cd6c-46e4-3aa2-d3c0ccca7b4c,2020-08-25,2020-08-26,419.54,0.0822016989347388,0,399.65335000000016,394.53,19.88664999999986,399.65335000000016
2a725f42-a3ed-4e33-57eb-aea6681bab8c,f62dab14-cd6c-46e4-3aa2-d3c0ccca7b4c,2020-08-26,2020-08-27,382.62,0.1539385825059562,1,0.0,419.54,382.62,419.54
2a725f42-a3ed-4e33-57eb-aea6681bab8c,f62dab14-cd6c-46e4-3aa2-d3c0ccca7b4c,2020-08-27,2020-08-28,393.84,0.0689812251446979,0,400.97880555555554,382.62,7.138805555555564,400.97880555555554
2a725f42-a3ed-4e33-57eb-aea6681bab8c,f62dab14-cd6c-46e4-3aa2-d3c0ccca7b4c,2020-08-28,2020-08-29,426.72,0.1079849474240825,0,405.276116666667,393.84,21.44388333333302,405.276116666667
2a725f42-a3ed-4e33-57eb-aea6681bab8c,f62dab14-cd6c-46e4-3aa2-d3c0ccca7b4c,2020-08-29,2020-08-30,380.18,0.1369054656795824,0,404.00425,426.72,23.82424999999995,404.00425
2a725f42-a3ed-4e33-57eb-aea6681bab8c,f62dab14-cd6c-46e4-3aa2-d3c0ccca7b4c,2020-08-30,2020-08-31,408.9,0.0730003515131976,0,398.9506361111106,380.18,9.949363888889309,398.9506361111106
2a725f42-a3ed-4e33-57eb-aea6681bab8c,f62dab14-cd6c-46e4-3aa2-d3c0ccca7b4c,2020-08-31,2020-09-01,360.19,0.0473526917902128,0,403.3881833333335,408.9,43.19818333333348,403.3881833333335
2a725f42-a3ed-4e33-57eb-aea6681bab8c,f62dab14-cd6c-46e4-3aa2-d3c0ccca7b4c,2020-09-01,2020-09-02,403.49,0.0691817584498008,0,401.1055361111112,360.19,2.384463888888831,401.1055361111112
2a725f42-a3ed-4e33-57eb-aea6681bab8c,f62dab14-cd6c-46e4-3aa2-d3c0ccca7b4c,2020-09-02,2020-09-03,376.12,0.0867468105396835,0,401.84520000000026,403.49,25.725200000000257,401.84520000000026
2a725f42-a3ed-4e33-57eb-aea6681bab8c,f62dab14-cd6c-46e4-3aa2-d3c0ccca7b4c,2020-09-03,2020-09-04,0.0,0.0745235672547942,0,401.9559111111111,376.12,401.9559111111111,401.9559111111111
2a725f42-a3ed-4e33-57eb-aea6681bab8c,f62dab14-cd6c-46e4-3aa2-d3c0ccca7b4c,2020-09-04,2020-09-05,366.81,0.0154469638995354,0,401.1161000000004,0.0,34.30610000000036,401.1161000000004
2a725f42-a3ed-4e33-57eb-aea6681bab8c,f62dab14-cd6c-46e4-3aa2-d3c0ccca7b4c,2020-09-05,2020-09-06,408.04,0.084094750206258,0,391.7416611111112,366.81,16.298338888888793,391.7416611111112
2a725f42-a3ed-4e33-57eb-aea6681bab8c,f62dab14-cd6c-46e4-3aa2-d3c0ccca7b4c,2020-09-06,2020-09-07,386.12,0.0958435299976513,0,396.4322888888889,408.04,10.31228888888893,396.4322888888889
2a725f42-a3ed-4e33-57eb-aea6681bab8c,f62dab14-cd6c-46e4-3aa2-d3c0ccca7b4c,2020-09-07,2020-09-08,395.07,0.0679762288560553,0,399.4559111111111,386.12,4.3859111111110565,399.4559111111111
2a725f42-a3ed-4e33-57eb-aea6681bab8c,f62dab14-cd6c-46e4-3aa2-d3c0ccca7b4c,2020-09-08,2020-09-09,389.11,0.0778171485593071,0,385.43393333333336,395.07,3.6760666666666566,385.43393333333336
2a725f42-a3ed-4e33-57eb-aea6681bab8c,f62dab14-cd6c-46e4-3aa2-d3c0ccca7b4c,2020-09-09,2020-09-10,384.46,0.0689737838928404,0,398.77658333333335,389.11,14.31658333333337,398.77658333333335
2a725f42-a3ed-4e33-57eb-aea6681bab8c,f62dab14-cd6c-46e4-3aa2-d3c0ccca7b4c,2020-09-10,2020-09-11,373.64,0.1028902640494666,0,390.45146666666665,384.46,16.81146666666666,390.45146666666665
2a725f42-a3ed-4e33-57eb-aea6681bab8c,f62dab14-cd6c-46e4-3aa2-d3c0ccca7b4c,2020-09-11,2020-09-12,367.78,0.0937806084222965,0,387.9039722222222,373.64,20.12397222222222,387.9039722222222
2a725f42-a3ed-4e33-57eb-aea6681bab8c,f62dab14-cd6c-46e4-3aa2-d3c0ccca7b4c,2020-09-12,2020-09-13,399.33,0.0534784368920811,0,392.7633722222224,367.78,6.566627777777569,392.7633722222224
2a725f42-a3ed-4e33-57eb-aea6681bab8c,f62dab14-cd6c-46e4-3aa2-d3c0ccca7b4c,2020-09-13,2020-09-14,364.08,0.0851363326010891,0,401.0248833333332,399.33,36.94488333333322,401.0248833333332
2a725f42-a3ed-4e33-57eb-aea6681bab8c,f62dab14-cd6c-46e4-3aa2-d3c0ccca7b4c,2020-09-14,2020-09-15,382.09,0.0567360802514573,0,398.6531833333334,364.08,16.563183333333427,398.6531833333334
2a725f42-a3ed-4e33-57eb-aea6681bab8c,f62dab14-cd6c-46e4-3aa2-d3c0ccca7b4c,2020-09-15,2020-09-16,365.84,0.0677616876952392,0,391.6304694444443,382.09,25.79046944444434,391.6304694444443
2a725f42-a3ed-4e33-57eb-aea6681bab8c,f62dab14-cd6c-46e4-3aa2-d3c0ccca7b4c,2020-09-16,2020-09-17,378.0,0.1037347014771535,0,391.8421722222221,365.84,13.842172222222132,391.8421722222221
2a725f42-a3ed-4e33-57eb-aea6681bab8c,f62dab14-cd6c-46e4-3aa2-d3c0ccca7b4c,2020-09-17,2020-09-18,349.79,0.0903201938919097,0,387.8836444444445,378.0,38.09364444444447,387.8836444444445
2a725f42-a3ed-4e33-57eb-aea6681bab8c,f62dab14-cd6c-46e4-3aa2-d3c0ccca7b4c,2020-09-18,2020-09-19,407.4,0.0927648920533266,0,382.29594444444433,349.79,25.104055555555647,382.29594444444433
2a725f42-a3ed-4e33-57eb-aea6681bab8c,f62dab14-cd6c-46e4-3aa2-d3c0ccca7b4c,2020-09-19,2020-09-20,397.86,0.0898317386265312,0,393.7305722222221,407.4,4.129427777777892,393.7305722222221
2a725f42-a3ed-4e33-57eb-aea6681bab8c,f62dab14-cd6c-46e4-3aa2-d3c0ccca7b4c,2020-09-20,2020-09-21,382.63,0.0935941972324874,0,403.11956666666674,397.86,20.489566666666747,403.11956666666674
2a725f42-a3ed-4e33-57eb-aea6681bab8c,f62dab14-cd6c-46e4-3aa2-d3c0ccca7b4c,2020-09-21,2020-09-22,386.87,0.0862153713921155,0,390.1879555555555,382.63,3.3179555555555,390.1879555555555
2a725f42-a3ed-4e33-57eb-aea6681bab8c,f62dab14-cd6c-46e4-3aa2-d3c0ccca7b4c,2020-09-22,2020-09-23,406.36,0.1012795846870521,0,390.8459888888887,386.87,15.514011111111358,390.8459888888887
2a725f42-a3ed-4e33-57eb-aea6681bab8c,f62dab14-cd6c-46e4-3aa2-d3c0ccca7b4c,2020-09-23,2020-09-24,372.75,0.1135067315700801,0,397.5603333333336,406.36,24.81033333333357,397.5603333333336
2a725f42-a3ed-4e33-57eb-aea6681bab8c,f62dab14-cd6c-46e4-3aa2-d3c0ccca7b4c,2020-09-24,2020-09-25,408.6,0.0785633768177736,0,398.2811055555555,372.75,10.318894444444538,398.2811055555555
2a725f42-a3ed-4e33-57eb-aea6681bab8c,f62dab14-cd6c-46e4-3aa2-d3c0ccca7b4c,2020-09-25,2020-09-26,369.18,0.1343981782492936,0,399.9534944444446,408.6,30.77349444444457,399.9534944444446
2a725f42-a3ed-4e33-57eb-aea6681bab8c,f62dab14-cd6c-46e4-3aa2-d3c0ccca7b4c,2020-09-26,2020-09-27,381.49,0.0930991949327154,0,405.32575555555553,369.18,23.83575555555552,405.32575555555553
2a725f42-a3ed-4e33-57eb-aea6681bab8c,f62dab14-cd6c-46e4-3aa2-d3c0ccca7b4c,2020-09-27,2020-09-28,356.35,0.1121474074087878,0,397.9232333333334,381.49,41.573233333333405,397.9232333333334
2a725f42-a3ed-4e33-57eb-aea6681bab8c,f62dab14-cd6c-46e4-3aa2-d3c0ccca7b4c,2020-09-28,2020-09-29,408.98,0.0798001198983104,0,394.53449999999975,356.35,14.445500000000266,394.53449999999975
2a725f42-a3ed-4e33-57eb-aea6681bab8c,f62dab14-cd6c-46e4-3aa2-d3c0ccca7b4c,2020-09-29,2020-09-30,376.17,0.1287896331104008,0,399.46167777777777,408.98,23.29167777777775,399.46167777777777
2a725f42-a3ed-4e33-57eb-aea6681bab8c,f62dab14-cd6c-46e4-3aa2-d3c0ccca7b4c,2020-09-30,2020-10-01,387.89,0.1174341348508609,0,401.1049444444442,376.17,13.214944444444257,401.1049444444442
2a725f42-a3ed-4e33-57eb-aea6681bab8c,f62dab14-cd6c-46e4-3aa2-d3c0ccca7b4c,2020-10-01,2020-10-02,366.77,0.1232231029759026,0,392.5168166666663,387.89,25.74681666666629,392.5168166666663
2a725f42-a3ed-4e33-57eb-aea6681bab8c,f62dab14-cd6c-46e4-3aa2-d3c0ccca7b4c,2020-10-02,2020-10-03,377.03,0.1265479628397332,0,395.4739277777777,366.77,18.443927777777677,395.4739277777777
2a725f42-a3ed-4e33-57eb-aea6681bab8c,f62dab14-cd6c-46e4-3aa2-d3c0ccca7b4c,2020-10-03,2020-10-04,362.02,0.0895650223959505,0,384.9144722222222,377.03,22.89447222222219,384.9144722222222
2a725f42-a3ed-4e33-57eb-aea6681bab8c,f62dab14-cd6c-46e4-3aa2-d3c0ccca7b4c,2020-10-04,2020-10-05,364.7,0.1202522197569103,0,389.317683333333,362.02,24.61768333333299,389.317683333333
2a725f42-a3ed-4e33-57eb-aea6681bab8c,f62dab14-cd6c-46e4-3aa2-d3c0ccca7b4c,2020-10-05,2020-10-06,350.47,0.0998602190384342,0,375.0427083333334,364.7,24.572708333333367,375.0427083333334
2a725f42-a3ed-4e33-57eb-aea6681bab8c,f62dab14-cd6c-46e4-3aa2-d3c0ccca7b4c,2020-10-06,2020-10-07,375.05,0.0939343459634557,0,384.6790611111112,350.47,9.629061111111184,384.6790611111112
2a725f42-a3ed-4e33-57eb-aea6681bab8c,f62dab14-cd6c-46e4-3aa2-d3c0ccca7b4c,2020-10-07,2020-10-08,366.49,0.0982945643858936,0,381.3873777777773,375.05,14.897377777777308,381.3873777777773
2a725f42-a3ed-4e33-57eb-aea6681bab8c,f62dab14-cd6c-46e4-3aa2-d3c0ccca7b4c,2020-10-08,2020-10-09,423.83,0.1017450618303665,0,385.7856055555552,366.49,38.04439444444478,385.7856055555552
2a725f42-a3ed-4e33-57eb-aea6681bab8c,f62dab14-cd6c-46e4-3aa2-d3c0ccca7b4c,2020-10-09,2020-10-10,358.46,0.188547791183998,1,0.0,423.83,358.46,423.83
2a725f42-a3ed-4e33-57eb-aea6681bab8c,f62dab14-cd6c-46e4-3aa2-d3c0ccca7b4c,2020-10-10,2020-10-11,365.97,0.1153879227254969,0,394.3140888888888,358.46,28.34408888888873,394.3140888888888
2a725f42-a3ed-4e33-57eb-aea6681bab8c,f62dab14-cd6c-46e4-3aa2-d3c0ccca7b4c,2020-10-11,2020-10-12,393.33,0.1008146378992272,0,374.7955277777776,365.97,18.534472222222405,374.7955277777776
2a725f42-a3ed-4e33-57eb-aea6681bab8c,f62dab14-cd6c-46e4-3aa2-d3c0ccca7b4c,2020-10-12,2020-10-13,360.05,0.0934073826430058,0,384.8991388888889,393.33,24.849138888888888,384.8991388888889
2a725f42-a3ed-4e33-57eb-aea6681bab8c,f62dab14-cd6c-46e4-3aa2-d3c0ccca7b4c,2020-10-13,2020-10-14,375.43,0.1331233512799199,0,378.63290833333343,360.05,3.2029083333334256,378.63290833333343
2a725f42-a3ed-4e33-57eb-aea6681bab8c,f62dab14-cd6c-46e4-3aa2-d3c0ccca7b4c,2020-10-14,2020-10-15,391.57,0.1304129016377271,0,384.0720388888884,375.43,7.497961111111579,384.0720388888884
2a725f42-a3ed-4e33-57eb-aea6681bab8c,f62dab14-cd6c-46e4-3aa2-d3c0ccca7b4c,2020-10-15,2020-10-16,389.9,0.112421843285968,0,388.01835,391.57,1.8816499999999792,388.01835
2a725f42-a3ed-4e33-57eb-aea6681bab8c,f62dab14-cd6c-46e4-3aa2-d3c0ccca7b4c,2020-10-16,2020-10-17,378.06,0.148888806535496,0,403.8904833333332,389.9,25.830483333333177,403.8904833333332
2a725f42-a3ed-4e33-57eb-aea6681bab8c,f62dab14-cd6c-46e4-3aa2-d3c0ccca7b4c,2020-10-17,2020-10-18,375.2,0.1110559730869899,0,385.0907222222221,378.06,9.890722222222053,385.0907222222221
2a725f42-a3ed-4e33-57eb-aea6681bab8c,f62dab14-cd6c-46e4-3aa2-d3c0ccca7b4c,2020-10-18,2020-10-19,395.36,0.1543248685449876,1,0.0,375.2,395.36,375.2
2a725f42-a3ed-4e33-57eb-aea6681bab8c,f62dab14-cd6c-46e4-3aa2-d3c0ccca7b4c,2020-10-19,2020-10-20,400.16,0.0960980177111228,0,393.2419999999997,395.36,6.918000000000291,393.2419999999997
2a725f42-a3ed-4e33-57eb-aea6681bab8c,f62dab14-cd6c-46e4-3aa2-d3c0ccca7b4c,2020-10-20,2020-10-21,377.58,0.1035197888791197,0,395.32862222222246,400.16,17.74862222222248,395.32862222222246
2a725f42-a3ed-4e33-57eb-aea6681bab8c,f62dab14-cd6c-46e4-3aa2-d3c0ccca7b4c,2020-10-21,2020-10-22,385.92,0.1540244127282277,1,0.0,377.58,385.92,377.58
2a725f42-a3ed-4e33-57eb-aea6681bab8c,f62dab14-cd6c-46e4-3aa2-d3c0ccca7b4c,2020-10-22,2020-10-23,366.25,0.1538557463269645,1,0.0,385.92,366.25,385.92
2a725f42-a3ed-4e33-57eb-aea6681bab8c,f62dab14-cd6c-46e4-3aa2-d3c0ccca7b4c,2020-10-23,2020-10-24,397.83,0.1291096342269123,0,397.5273777777774,366.25,0.3026222222225669,397.5273777777774
2a725f42-a3ed-4e33-57eb-aea6681bab8c,f62dab14-cd6c-46e4-3aa2-d3c0ccca7b4c,2020-10-24,2020-10-25,390.31,0.1216631472033315,0,398.68783333333295,397.83,8.377833333332944,398.68783333333295
2a725f42-a3ed-4e33-57eb-aea6681bab8c,f62dab14-cd6c-46e4-3aa2-d3c0ccca7b4c,2020-10-25,2020-10-26,369.32,0.1249452212956036,0,399.6856666666663,390.31,30.3656666666663,399.6856666666663
2a725f42-a3ed-4e33-57eb-aea6681bab8c,f62dab14-cd6c-46e4-3aa2-d3c0ccca7b4c,2020-10-26,2020-10-27,365.41,0.1016627509439075,0,396.1844555555553,369.32,30.77445555555522,396.1844555555553
2a725f42-a3ed-4e33-57eb-aea6681bab8c,f62dab14-cd6c-46e4-3aa2-d3c0ccca7b4c,2020-10-27,2020-10-28,410.38,0.119167989975852,0,391.1062777777775,365.41,19.27372222222249,391.1062777777775
2a725f42-a3ed-4e33-57eb-aea6681bab8c,f62dab14-cd6c-46e4-3aa2-d3c0ccca7b4c,2020-10-28,2020-10-29,0.0,0.1555531147469734,1,0.0,410.38,0.0,410.38
2a725f42-a3ed-4e33-57eb-aea6681bab8c,f62dab14-cd6c-46e4-3aa2-d3c0ccca7b4c,2020-10-29,2020-10-30,370.69,0.0202871308712598,0,405.08847222222266,0.0,34.398472222222665,405.08847222222266
2a725f42-a3ed-4e33-57eb-aea6681bab8c,f62dab14-cd6c-46e4-3aa2-d3c0ccca7b4c,2020-10-30,2020-10-31,351.75,0.1201403635866554,0,376.3268166666665,370.69,24.576816666666502,376.3268166666665
2a725f42-a3ed-4e33-57eb-aea6681bab8c,f62dab14-cd6c-46e4-3aa2-d3c0ccca7b4c,2020-10-31,2020-11-01,393.96,0.1321214404855236,0,374.28858888888885,351.75,19.671411111111127,374.28858888888885
2a725f42-a3ed-4e33-57eb-aea6681bab8c,f62dab14-cd6c-46e4-3aa2-d3c0ccca7b4c,2020-11-01,2020-11-02,364.59,0.1225482200114017,0,380.97717222222207,393.96,16.38717222222209,380.97717222222207
2a725f42-a3ed-4e33-57eb-aea6681bab8c,f62dab14-cd6c-46e4-3aa2-d3c0ccca7b4c,2020-11-02,2020-11-03,374.38,0.0681035958475648,0,375.66134444444447,364.59,1.2813444444444713,375.66134444444447
2a725f42-a3ed-4e33-57eb-aea6681bab8c,f62dab14-cd6c-46e4-3aa2-d3c0ccca7b4c,2020-11-03,2020-11-04,372.56,0.1060240456448073,0,368.8156499999996,374.38,3.744350000000395,368.8156499999996
2a725f42-a3ed-4e33-57eb-aea6681bab8c,f62dab14-cd6c-46e4-3aa2-d3c0ccca7b4c,2020-11-04,2020-11-05,420.62,0.144320853926291,0,388.6804166666666,372.56,31.93958333333336,388.6804166666666
2a725f42-a3ed-4e33-57eb-aea6681bab8c,f62dab14-cd6c-46e4-3aa2-d3c0ccca7b4c,2020-11-05,2020-11-06,408.56,0.1125165573568773,0,406.7833,420.62,1.776700000000062,406.7833
2a725f42-a3ed-4e33-57eb-aea6681bab8c,f62dab14-cd6c-46e4-3aa2-d3c0ccca7b4c,2020-11-06,2020-11-07,379.59,0.1411823092655514,0,403.399977777778,408.56,23.809977777778045,403.399977777778
2a725f42-a3ed-4e33-57eb-aea6681bab8c,f62dab14-cd6c-46e4-3aa2-d3c0ccca7b4c,2020-11-07,2020-11-08,361.47,0.1164814913810766,0,392.1572833333333,379.59,30.687283333333312,392.1572833333333
2a725f42-a3ed-4e33-57eb-aea6681bab8c,f62dab14-cd6c-46e4-3aa2-d3c0ccca7b4c,2020-11-08,2020-11-09,375.67,0.1176494615704329,0,398.5720888888888,361.47,22.902088888888784,398.5720888888888
2a725f42-a3ed-4e33-57eb-aea6681bab8c,f62dab14-cd6c-46e4-3aa2-d3c0ccca7b4c,2020-11-09,2020-11-10,371.88,0.0968333503514203,0,387.7721083333331,375.67,15.892108333333113,387.7721083333331
2a725f42-a3ed-4e33-57eb-aea6681bab8c,f62dab14-cd6c-46e4-3aa2-d3c0ccca7b4c,2020-11-10,2020-11-11,403.87,0.0997730712023951,0,390.347005555555,371.88,13.522994444445033,390.347005555555
2a725f42-a3ed-4e33-57eb-aea6681bab8c,f62dab14-cd6c-46e4-3aa2-d3c0ccca7b4c,2020-11-11,2020-11-12,424.12,0.1204368908269011,0,399.7958444444442,403.87,24.32415555555582,399.7958444444442
2a725f42-a3ed-4e33-57eb-aea6681bab8c,f62dab14-cd6c-46e4-3aa2-d3c0ccca7b4c,2020-11-12,2020-11-13,378.93,0.16554906038172,1,0.0,424.12,378.93,424.12
2a725f42-a3ed-4e33-57eb-aea6681bab8c,f62dab14-cd6c-46e4-3aa2-d3c0ccca7b4c,2020-11-13,2020-11-14,387.81,0.134929398406447,0,405.9006166666667,378.93,18.09061666666668,405.9006166666667
2a725f42-a3ed-4e33-57eb-aea6681bab8c,f62dab14-cd6c-46e4-3aa2-d3c0ccca7b4c,2020-11-14,2020-11-15,410.86,0.1234556156958808,0,397.19446666666624,387.81,13.66553333333377,397.19446666666624
2a725f42-a3ed-4e33-57eb-aea6681bab8c,f62dab14-cd6c-46e4-3aa2-d3c0ccca7b4c,2020-11-15,2020-11-16,382.27,0.1554384194754156,1,0.0,410.86,382.27,410.86
2a725f42-a3ed-4e33-57eb-aea6681bab8c,f62dab14-cd6c-46e4-3aa2-d3c0ccca7b4c,2020-11-16,2020-11-17,357.54,0.1038601340690193,0,402.2919055555553,382.27,44.75190555555531,402.2919055555553
2a725f42-a3ed-4e33-57eb-aea6681bab8c,f62dab14-cd6c-46e4-3aa2-d3c0ccca7b4c,2020-11-17,2020-11-18,370.08,0.1149127853584614,0,396.7055611111107,357.54,26.6255611111107,396.7055611111107
2a725f42-a3ed-4e33-57eb-aea6681bab8c,f62dab14-cd6c-46e4-3aa2-d3c0ccca7b4c,2020-11-18,2020-11-19,371.91,0.1195071366620714,0,398.765011111111,370.08,26.85501111111097,398.765011111111
2a725f42-a3ed-4e33-57eb-aea6681bab8c,f62dab14-cd6c-46e4-3aa2-d3c0ccca7b4c,2020-11-19,2020-11-20,358.64,0.1318532295775093,0,401.7548999999997,371.91,43.11489999999975,401.7548999999997
2a725f42-a3ed-4e33-57eb-aea6681bab8c,f62dab14-cd6c-46e4-3aa2-d3c0ccca7b4c,2020-11-20,2020-11-21,372.6,0.1368951859844881,0,386.4942722222221,358.64,13.894272222222014,386.4942722222221
2a725f42-a3ed-4e33-57eb-aea6681bab8c,f62dab14-cd6c-46e4-3aa2-d3c0ccca7b4c,2020-11-21,2020-11-22,344.38,0.1133417609101217,0,389.0127277777774,372.6,44.63272777777741,389.0127277777774
2a725f42-a3ed-4e33-57eb-aea6681bab8c,f62dab14-cd6c-46e4-3aa2-d3c0ccca7b4c,2020-11-22,2020-11-23,336.45,0.1417460558808113,0,385.78037777777774,344.38,49.33037777777776,385.78037777777774
2a725f42-a3ed-4e33-57eb-aea6681bab8c,f62dab14-cd6c-46e4-3aa2-d3c0ccca7b4c,2020-11-23,2020-11-24,370.21,0.0773068870342647,0,368.83008333333305,336.45,1.3799166666669294,368.83008333333305
2a725f42-a3ed-4e33-57eb-aea6681bab8c,f62dab14-cd6c-46e4-3aa2-d3c0ccca7b4c,2020-11-24,2020-11-25,367.1,0.1211939988527424,0,364.7065333333331,370.21,2.393466666666938,364.7065333333331
2a725f42-a3ed-4e33-57eb-aea6681bab8c,f62dab14-cd6c-46e4-3aa2-d3c0ccca7b4c,2020-11-25,2020-11-26,405.74,0.1119993723292834,0,372.68814444444416,367.1,33.051855555555846,372.68814444444416
2a725f42-a3ed-4e33-57eb-aea6681bab8c,f62dab14-cd6c-46e4-3aa2-d3c0ccca7b4c,2020-11-26,2020-11-27,362.25,0.117680370640789,0,392.6922444444445,405.74,30.44224444444444,392.6922444444445
2a725f42-a3ed-4e33-57eb-aea6681bab8c,f62dab14-cd6c-46e4-3aa2-d3c0ccca7b4c,2020-11-27,2020-11-28,376.57,0.1156859055113514,0,384.8536888888888,362.25,8.283688888888832,384.8536888888888
2a725f42-a3ed-4e33-57eb-aea6681bab8c,f62dab14-cd6c-46e4-3aa2-d3c0ccca7b4c,2020-11-28,2020-11-29,363.06,0.1026522513980241,0,377.6042916666662,376.57,14.544291666666195,377.6042916666662
2a725f42-a3ed-4e33-57eb-aea6681bab8c,f62dab14-cd6c-46e4-3aa2-d3c0ccca7b4c,2020-11-29,2020-11-30,338.14,0.1228280069543847,0,369.3909999999999,363.06,31.25099999999992,369.3909999999999
2a725f42-a3ed-4e33-57eb-aea6681bab8c,f62dab14-cd6c-46e4-3aa2-d3c0ccca7b4c,2020-11-30,2020-12-01,369.56,0.0802229727985542,0,364.0206277777777,338.14,5.539372222222312,364.0206277777777
2a725f42-a3ed-4e33-57eb-aea6681bab8c,f62dab14-cd6c-46e4-3aa2-d3c0ccca7b4c,2020-12-01,2020-12-02,374.54,0.1119160653878793,0,370.4891166666661,369.56,4.0508833333339,370.4891166666661
2a725f42-a3ed-4e33-57eb-aea6681bab8c,f62dab14-cd6c-46e4-3aa2-d3c0ccca7b4c,2020-12-02,2020-12-03,360.25,0.134335225630356,0,378.641372222222,374.54,18.391372222222003,378.641372222222
2a725f42-a3ed-4e33-57eb-aea6681bab8c,f62dab14-cd6c-46e4-3aa2-d3c0ccca7b4c,2020-12-03,2020-12-04,366.44,0.117212611660842,0,391.2976444444442,360.25,24.857644444444247,391.2976444444442
2a725f42-a3ed-4e33-57eb-aea6681bab8c,f62dab14-cd6c-46e4-3aa2-d3c0ccca7b4c,2020-12-04,2020-12-05,387.86,0.1296820290899413,0,370.49116666666646,366.44,17.368833333333555,370.49116666666646
2a725f42-a3ed-4e33-57eb-aea6681bab8c,f62dab14-cd6c-46e4-3aa2-d3c0ccca7b4c,2020-12-05,2020-12-06,364.83,0.1230232562860436,0,387.2181277777773,387.86,22.3881277777773,387.2181277777773
2a725f42-a3ed-4e33-57eb-aea6681bab8c,f62dab14-cd6c-46e4-3aa2-d3c0ccca7b4c,2020-12-06,2020-12-07,394.01,0.1057657343908434,0,383.2225694444442,364.83,10.787430555555773,383.2225694444442
2a725f42-a3ed-4e33-57eb-aea6681bab8c,f62dab14-cd6c-46e4-3aa2-d3c0ccca7b4c,2020-12-07,2020-12-08,373.56,0.0997974632076355,0,375.6055722222223,394.01,2.0455722222222903,375.6055722222223
2a725f42-a3ed-4e33-57eb-aea6681bab8c,f62dab14-cd6c-46e4-3aa2-d3c0ccca7b4c,2020-12-08,2020-12-09,389.45,0.1301953599581539,0,386.7607055555554,373.56,2.689294444444613,386.7607055555554
2a725f42-a3ed-4e33-57eb-aea6681bab8c,f62dab14-cd6c-46e4-3aa2-d3c0ccca7b4c,2020-12-09,2020-12-10,399.68,0.1084199113685005,0,393.328172222222,389.45,6.351827777778055,393.328172222222
2a725f42-a3ed-4e33-57eb-aea6681bab8c,f62dab14-cd6c-46e4-3aa2-d3c0ccca7b4c,2020-12-10,2020-12-11,352.81,0.1306679490057914,0,396.8285222222224,399.68,44.01852222222243,396.8285222222224
2a725f42-a3ed-4e33-57eb-aea6681bab8c,f62dab14-cd6c-46e4-3aa2-d3c0ccca7b4c,2020-12-11,2020-12-12,389.3,0.1281960663031021,0,392.1603999999998,352.81,2.8603999999997995,392.1603999999998
2a725f42-a3ed-4e33-57eb-aea6681bab8c,f62dab14-cd6c-46e4-3aa2-d3c0ccca7b4c,2020-12-12,2020-12-13,393.96,0.1104489378519525,0,395.9171666666664,389.3,1.95716666666641,395.9171666666664
2a725f42-a3ed-4e33-57eb-aea6681bab8c,f62dab14-cd6c-46e4-3aa2-d3c0ccca7b4c,2020-12-13,2020-12-14,388.92,0.1197761425467202,0,400.1531722222221,393.96,11.233172222222096,400.1531722222221
2a725f42-a3ed-4e33-57eb-aea6681bab8c,f62dab14-cd6c-46e4-3aa2-d3c0ccca7b4c,2020-12-14,2020-12-15,363.56,0.100616750406859,0,409.5651055555553,388.92,46.00510555555525,409.5651055555553
2a725f42-a3ed-4e33-57eb-aea6681bab8c,f62dab14-cd6c-46e4-3aa2-d3c0ccca7b4c,2020-12-15,2020-12-16,320.9,0.0976317513880388,0,394.7204055555551,363.56,73.82040555555511,394.7204055555551
2a725f42-a3ed-4e33-57eb-aea6681bab8c,f62dab14-cd6c-46e4-3aa2-d3c0ccca7b4c,2020-12-16,2020-12-17,416.07,0.0875110704917752,0,379.6875555555555,320.9,36.3824444444445,379.6875555555555
2a725f42-a3ed-4e33-57eb-aea6681bab8c,f62dab14-cd6c-46e4-3aa2-d3c0ccca7b4c,2020-12-17,2020-12-18,340.13,0.1694362753479188,1,0.0,416.07,340.13,416.07
2a725f42-a3ed-4e33-57eb-aea6681bab8c,f62dab14-cd6c-46e4-3aa2-d3c0ccca7b4c,2020-12-18,2020-12-19,406.34,0.0952224556261197,0,381.2284888888888,340.13,25.111511111111213,381.2284888888888
2a725f42-a3ed-4e33-57eb-aea6681bab8c,f62dab14-cd6c-46e4-3aa2-d3c0ccca7b4c,2020-12-19,2020-12-20,346.76,0.1161312413773076,0,392.1720611111111,406.34,45.412061111111086,392.1720611111111
2a725f42-a3ed-4e33-57eb-aea6681bab8c,f62dab14-cd6c-46e4-3aa2-d3c0ccca7b4c,2020-12-20,2020-12-21,345.04,0.09059741405477,0,395.017988888889,346.76,49.977988888889,395.017988888889
2a725f42-a3ed-4e33-57eb-aea6681bab8c,f62dab14-cd6c-46e4-3aa2-d3c0ccca7b4c,2020-12-21,2020-12-22,368.69,0.0811353413396225,0,372.7863333333332,345.04,4.096333333333234,372.7863333333332
2a725f42-a3ed-4e33-57eb-aea6681bab8c,f62dab14-cd6c-46e4-3aa2-d3c0ccca7b4c,2020-12-22,2020-12-23,365.82,0.1024787592620985,0,366.9108166666665,368.69,1.0908166666664556,366.9108166666665
2a725f42-a3ed-4e33-57eb-aea6681bab8c,f62dab14-cd6c-46e4-3aa2-d3c0ccca7b4c,2020-12-23,2020-12-24,409.2,0.1230281659763877,0,361.93298333333325,365.82,47.267016666666734,361.93298333333325
2a725f42-a3ed-4e33-57eb-aea6681bab8c,f62dab14-cd6c-46e4-3aa2-d3c0ccca7b4c,2020-12-24,2020-12-25,354.9,0.1428968728515605,0,407.0623777777778,409.2,52.162377777777806,407.0623777777778
2a725f42-a3ed-4e33-57eb-aea6681bab8c,f62dab14-cd6c-46e4-3aa2-d3c0ccca7b4c,2020-12-25,2020-12-26,383.72,0.1042466459468903,0,377.77847222222215,354.9,5.941527777777878,377.77847222222215
2a725f42-a3ed-4e33-57eb-aea6681bab8c,f62dab14-cd6c-46e4-3aa2-d3c0ccca7b4c,2020-12-26,2020-12-27,375.8,0.0858887246601794,0,393.275322222222,383.72,17.475322222221962,393.275322222222
2a725f42-a3ed-4e33-57eb-aea6681bab8c,f62dab14-cd6c-46e4-3aa2-d3c0ccca7b4c,2020-12-27,2020-12-28,350.29,0.1208541318839456,0,375.9647555555554,375.8,25.674755555555407,375.9647555555554
2a725f42-a3ed-4e33-57eb-aea6681bab8c,f62dab14-cd6c-46e4-3aa2-d3c0ccca7b4c,2020-12-28,2020-12-29,376.37,0.0960224510253188,0,373.0340777777779,350.29,3.335922222222109,373.0340777777779
2a725f42-a3ed-4e33-57eb-aea6681bab8c,f62dab14-cd6c-46e4-3aa2-d3c0ccca7b4c,2020-12-29,2020-12-30,364.41,0.1148683408739651,0,377.4542888888885,376.37,13.044288888888502,377.4542888888885
2a725f42-a3ed-4e33-57eb-aea6681bab8c,f62dab14-cd6c-46e4-3aa2-d3c0ccca7b4c,2020-12-30,2020-12-31,387.9,0.1198251186794187,0,382.6163888888888,364.41,5.283611111111156,382.6163888888888
3372dcc3-0e4a-4000-20d9-fcf34d30acfe,291aa1c6-c027-45a2-a129-c24ef9759940,2020-08-23,2020-08-24,297.64,0.0644129344119559,0,298.3523555555552,286.49,0.7123555555552343,298.3523555555552
3372dcc3-0e4a-4000-20d9-fcf34d30acfe,291aa1c6-c027-45a2-a129-c24ef9759940,2020-08-24,2020-08-25,311.16,0.0198957500686354,0,296.5517277777778,297.64,14.60827222222224,296.5517277777778
3372dcc3-0e4a-4000-20d9-fcf34d30acfe,291aa1c6-c027-45a2-a129-c24ef9759940,2020-08-25,2020-08-26,331.42,0.0574819896762821,0,304.0828777777777,311.16,27.337122222222263,304.0828777777777
3372dcc3-0e4a-4000-20d9-fcf34d30acfe,291aa1c6-c027-45a2-a129-c24ef9759940,2020-08-26,2020-08-27,273.87,0.0653726008815502,0,299.6015944444442,331.42,25.73159444444417,299.6015944444442
3372dcc3-0e4a-4000-20d9-fcf34d30acfe,291aa1c6-c027-45a2-a129-c24ef9759940,2020-08-27,2020-08-28,299.71,0.0497198312430621,0,301.9132944444444,273.87,2.203294444444396,301.9132944444444
3372dcc3-0e4a-4000-20d9-fcf34d30acfe,291aa1c6-c027-45a2-a129-c24ef9759940,2020-08-28,2020-08-29,279.15,0.0163321937920435,0,298.82488555555574,299.71,19.67488555555576,298.82488555555574
3372dcc3-0e4a-4000-20d9-fcf34d30acfe,291aa1c6-c027-45a2-a129-c24ef9759940,2020-08-29,2020-08-30,309.83,0.0592698612821466,0,302.38294444444426,279.15,7.447055555555721,302.38294444444426
3372dcc3-0e4a-4000-20d9-fcf34d30acfe,291aa1c6-c027-45a2-a129-c24ef9759940,2020-08-30,2020-08-31,280.67,0.0417992015877011,0,302.11143888888864,309.83,21.441438888888623,302.11143888888864
3372dcc3-0e4a-4000-20d9-fcf34d30acfe,291aa1c6-c027-45a2-a129-c24ef9759940,2020-08-31,2020-09-01,284.12,0.0307819324802637,0,299.19826111111104,280.67,15.078261111111033,299.19826111111104
3372dcc3-0e4a-4000-20d9-fcf34d30acfe,291aa1c6-c027-45a2-a129-c24ef9759940,2020-09-01,2020-09-02,285.06,0.0257425754181391,0,297.50884111111105,284.12,12.44884111111105,297.50884111111105
3372dcc3-0e4a-4000-20d9-fcf34d30acfe,291aa1c6-c027-45a2-a129-c24ef9759940,2020-09-02,2020-09-03,292.18,0.0330632656168429,0,294.3272388888888,285.06,2.147238888888751,294.3272388888888
3372dcc3-0e4a-4000-20d9-fcf34d30acfe,291aa1c6-c027-45a2-a129-c24ef9759940,2020-09-03,2020-09-04,297.78,0.0191757472445321,0,295.6727555555553,292.18,2.1072444444446887,295.6727555555553
3372dcc3-0e4a-4000-20d9-fcf34d30acfe,291aa1c6-c027-45a2-a129-c24ef9759940,2020-09-04,2020-09-05,299.89,0.0372270903507212,0,297.99138333333315,297.78,1.89861666666684,297.99138333333315
3372dcc3-0e4a-4000-20d9-fcf34d30acfe,291aa1c6-c027-45a2-a129-c24ef9759940,2020-09-05,2020-09-06,292.35,0.031670711545554,0,301.28627222222195,299.89,8.93627222222193,301.28627222222195
3372dcc3-0e4a-4000-20d9-fcf34d30acfe,291aa1c6-c027-45a2-a129-c24ef9759940,2020-09-06,2020-09-07,273.35,0.0541181238715956,0,296.41801333333314,292.35,23.068013333333116,296.41801333333314
3372dcc3-0e4a-4000-20d9-fcf34d30acfe,291aa1c6-c027-45a2-a129-c24ef9759940,2020-09-07,2020-09-08,302.68,0.0178992496879426,0,296.2401388888886,273.35,6.439861111111384,296.2401388888886
3372dcc3-0e4a-4000-20d9-fcf34d30acfe,291aa1c6-c027-45a2-a129-c24ef9759940,2020-09-08,2020-09-09,290.8,0.0311381919510759,0,297.8160055555555,302.68,7.016005555555466,297.8160055555555
3372dcc3-0e4a-4000-20d9-fcf34d30acfe,291aa1c6-c027-45a2-a129-c24ef9759940,2020-09-09,2020-09-10,308.71,0.0244261921932612,0,300.6447999999997,290.8,8.065200000000289,300.6447999999997
3372dcc3-0e4a-4000-20d9-fcf34d30acfe,291aa1c6-c027-45a2-a129-c24ef9759940,2020-09-10,2020-09-11,280.88,0.0265334727805655,0,302.07745555555533,308.71,21.197455555555337,302.07745555555533
3372dcc3-0e4a-4000-20d9-fcf34d30acfe,291aa1c6-c027-45a2-a129-c24ef9759940,2020-09-11,2020-09-12,268.33,0.030500465060576,0,297.3516888888889,280.88,29.02168888888889,297.3516888888889
3372dcc3-0e4a-4000-20d9-fcf34d30acfe,291aa1c6-c027-45a2-a129-c24ef9759940,2020-09-12,2020-09-13,289.93,0.0667468559702621,0,292.4708499999998,268.33,2.540849999999807,292.4708499999998
3372dcc3-0e4a-4000-20d9-fcf34d30acfe,291aa1c6-c027-45a2-a129-c24ef9759940,2020-09-13,2020-09-14,309.55,0.0470436499770797,0,294.6390027777776,289.93,14.91099722222242,294.6390027777776
3372dcc3-0e4a-4000-20d9-fcf34d30acfe,291aa1c6-c027-45a2-a129-c24ef9759940,2020-09-14,2020-09-15,292.19,0.015902865443391,0,300.6689,309.55,8.47890000000001,300.6689
3372dcc3-0e4a-4000-20d9-fcf34d30acfe,291aa1c6-c027-45a2-a129-c24ef9759940,2020-09-15,2020-09-16,286.68,0.0437469920329909,0,295.3242999999999,292.19,8.644299999999873,295.3242999999999
3372dcc3-0e4a-4000-20d9-fcf34d30acfe,291aa1c6-c027-45a2-a129-c24ef9759940,2020-09-16,2020-09-17,276.95,0.0312614062043089,0,299.62919999999974,286.68,22.679199999999756,299.62919999999974
3372dcc3-0e4a-4000-20d9-fcf34d30acfe,291aa1c6-c027-45a2-a129-c24ef9759940,2020-09-17,2020-09-18,315.52,0.0499703061526923,0,295.1951277777776,276.95,20.324872222222385,295.1951277777776
3372dcc3-0e4a-4000-20d9-fcf34d30acfe,291aa1c6-c027-45a2-a129-c24ef9759940,2020-09-18,2020-09-19,274.2,0.022713628932386,0,299.1361249999996,315.52,24.93612499999961,299.1361249999996
3372dcc3-0e4a-4000-20d9-fcf34d30acfe,291aa1c6-c027-45a2-a129-c24ef9759940,2020-09-19,2020-09-20,278.12,0.0773565182500596,0,291.87183333333303,274.2,13.751833333333025,291.87183333333303
3372dcc3-0e4a-4000-20d9-fcf34d30acfe,291aa1c6-c027-45a2-a129-c24ef9759940,2020-09-20,2020-09-21,296.43,0.076636890647526,0,294.7362777777775,278.12,1.6937222222225046,294.7362777777775
3372dcc3-0e4a-4000-20d9-fcf34d30acfe,291aa1c6-c027-45a2-a129-c24ef9759940,2020-09-21,2020-09-22,262.3,0.0380989797402044,0,296.67562444444434,296.43,34.37562444444433,296.67562444444434
3372dcc3-0e4a-4000-20d9-fcf34d30acfe,291aa1c6-c027-45a2-a129-c24ef9759940,2020-09-22,2020-09-23,306.44,0.0762813326021052,0,293.7724611111109,262.3,12.667538888889112,293.7724611111109
3372dcc3-0e4a-4000-20d9-fcf34d30acfe,291aa1c6-c027-45a2-a129-c24ef9759940,2020-09-23,2020-09-24,296.33,0.032656071352588,0,297.0687805555553,306.44,0.7387805555553086,297.0687805555553
3372dcc3-0e4a-4000-20d9-fcf34d30acfe,291aa1c6-c027-45a2-a129-c24ef9759940,2020-09-24,2020-09-25,300.13,0.042807603811253,0,297.96441111111096,296.33,2.165588888889033,297.96441111111096
3372dcc3-0e4a-4000-20d9-fcf34d30acfe,291aa1c6-c027-45a2-a129-c24ef9759940,2020-09-25,2020-09-26,294.75,0.0216805118636928,0,298.2437944444444,300.13,3.493794444444404,298.2437944444444
3372dcc3-0e4a-4000-20d9-fcf34d30acfe,291aa1c6-c027-45a2-a129-c24ef9759940,2020-09-26,2020-09-27,284.05,0.0526260186600869,0,296.5330555555553,294.75,12.483055555555268,296.5330555555553
3372dcc3-0e4a-4000-20d9-fcf34d30acfe,291aa1c6-c027-45a2-a129-c24ef9759940,2020-09-27,2020-09-28,271.24,0.0522306584044308,0,295.8631277777775,284.05,24.623127777777484,295.8631277777775
3372dcc3-0e4a-4000-20d9-fcf34d30acfe,291aa1c6-c027-45a2-a129-c24ef9759940,2020-09-28,2020-09-29,283.76,0.0280169213959398,0,293.02379999999994,271.24,9.263799999999948,293.02379999999994
3372dcc3-0e4a-4000-20d9-fcf34d30acfe,291aa1c6-c027-45a2-a129-c24ef9759940,2020-09-29,2020-09-30,271.87,0.0291344339145521,0,287.12235,283.76,15.25234999999998,287.12235
3372dcc3-0e4a-4000-20d9-fcf34d30acfe,291aa1c6-c027-45a2-a129-c24ef9759940,2020-09-30,2020-10-01,292.18,0.0477999117246021,0,293.13386111111095,271.87,0.953861111110939,293.13386111111095
3372dcc3-0e4a-4000-20d9-fcf34d30acfe,291aa1c6-c027-45a2-a129-c24ef9759940,2020-10-01,2020-10-02,296.59,0.041590034127934,0,296.0642055555554,292.18,0.525794444444557,296.0642055555554
3372dcc3-0e4a-4000-20d9-fcf34d30acfe,291aa1c6-c027-45a2-a129-c24ef9759940,2020-10-02,2020-10-03,306.38,0.0580025803877497,0,300.58039444444427,296.59,5.799605555555729,300.58039444444427
3372dcc3-0e4a-4000-20d9-fcf34d30acfe,291aa1c6-c027-45a2-a129-c24ef9759940,2020-10-03,2020-10-04,289.6,0.043440713817205,0,303.73835555555524,306.38,14.138355555555222,303.73835555555524
3372dcc3-0e4a-4000-20d9-fcf34d30acfe,291aa1c6-c027-45a2-a129-c24ef9759940,2020-10-04,2020-10-05,297.41,0.0732067105520788,0,299.1579388888886,289.6,1.7479388888885978,299.1579388888886
3372dcc3-0e4a-4000-20d9-fcf34d30acfe,291aa1c6-c027-45a2-a129-c24ef9759940,2020-10-05,2020-10-06,279.49,0.0368745863798127,0,297.9554944444443,297.41,18.46549444444429,297.9554944444443
3372dcc3-0e4a-4000-20d9-fcf34d30acfe,291aa1c6-c027-45a2-a129-c24ef9759940,2020-10-06,2020-10-07,276.67,0.0567435522041756,0,297.96089444444425,279.49,21.290894444444238,297.96089444444425
3372dcc3-0e4a-4000-20d9-fcf34d30acfe,291aa1c6-c027-45a2-a129-c24ef9759940,2020-10-07,2020-10-08,0.0,0.0670884581993942,0,292.42070555555534,276.67,292.42070555555534,292.42070555555534
3372dcc3-0e4a-4000-20d9-fcf34d30acfe,291aa1c6-c027-45a2-a129-c24ef9759940,2020-10-08,2020-10-09,277.35,0.0032334707281927,0,297.0609333333332,0.0,19.710933333333173,297.0609333333332
3372dcc3-0e4a-4000-20d9-fcf34d30acfe,291aa1c6-c027-45a2-a129-c24ef9759940,2020-10-09,2020-10-10,286.29,0.0472859767265222,0,290.72858888888874,277.35,4.438588888888717,290.72858888888874
3372dcc3-0e4a-4000-20d9-fcf34d30acfe,291aa1c6-c027-45a2-a129-c24ef9759940,2020-10-10,2020-10-11,267.58,0.0670309717083028,0,294.40172222222213,286.29,26.82172222222215,294.40172222222213
3372dcc3-0e4a-4000-20d9-fcf34d30acfe,291aa1c6-c027-45a2-a129-c24ef9759940,2020-10-11,2020-10-12,269.7,0.1148638815061605,0,288.5004722222219,267.58,18.800472222221916,288.5004722222219
3372dcc3-0e4a-4000-20d9-fcf34d30acfe,291aa1c6-c027-45a2-a129-c24ef9759940,2020-10-12,2020-10-13,290.63,0.0355875865438512,0,284.6195055555553,269.7,6.010494444444646,284.6195055555553
3372dcc3-0e4a-4000-20d9-fcf34d30acfe,291aa1c6-c027-45a2-a129-c24ef9759940,2020-10-13,2020-10-14,293.99,0.0330599348562185,0,290.0420888888886,290.63,3.94791111111141,290.0420888888886
3372dcc3-0e4a-4000-20d9-fcf34d30acfe,291aa1c6-c027-45a2-a129-c24ef9759940,2020-10-14,2020-10-15,267.42,0.0431707763781693,0,294.0419999999998,293.99,26.621999999999787,294.0419999999998
3372dcc3-0e4a-4000-20d9-fcf34d30acfe,291aa1c6-c027-45a2-a129-c24ef9759940,2020-10-15,2020-10-16,290.19,0.0367115234413768,0,284.49859444444434,267.42,5.6914055555556615,284.49859444444434
3372dcc3-0e4a-4000-20d9-fcf34d30acfe,291aa1c6-c027-45a2-a129-c24ef9759940,2020-10-16,2020-10-17,272.94,0.0479804109857317,0,292.6888166666662,290.19,19.748816666666187,292.6888166666662
3372dcc3-0e4a-4000-20d9-fcf34d30acfe,291aa1c6-c027-45a2-a129-c24ef9759940,2020-10-17,2020-10-18,280.23,0.0851609506337107,0,293.3547277777774,272.94,13.124727777777366,293.3547277777774
3372dcc3-0e4a-4000-20d9-fcf34d30acfe,291aa1c6-c027-45a2-a129-c24ef9759940,2020-10-18,2020-10-19,300.22,0.0762575497794368,0,287.79015555555515,280.23,12.429844444444882,287.79015555555515
3372dcc3-0e4a-4000-20d9-fcf34d30acfe,291aa1c6-c027-45a2-a129-c24ef9759940,2020-10-19,2020-10-20,290.89,0.0223418880472497,0,296.8023388888888,300.22,5.912338888888769,296.8023388888888
3372dcc3-0e4a-4000-20d9-fcf34d30acfe,291aa1c6-c027-45a2-a129-c24ef9759940,2020-10-20,2020-10-21,290.39,0.0310991679742906,0,299.993194444444,290.89,9.603194444444,299.993194444444
3372dcc3-0e4a-4000-20d9-fcf34d30acfe,291aa1c6-c027-45a2-a129-c24ef9759940,2020-10-21,2020-10-22,306.66,0.0368602248677959,0,298.83737222222186,290.39,7.822627777778166,298.83737222222186
3372dcc3-0e4a-4000-20d9-fcf34d30acfe,291aa1c6-c027-45a2-a129-c24ef9759940,2020-10-22,2020-10-23,268.81,0.0268145997668512,0,300.2213277777775,306.66,31.4113277777775,300.2213277777775
3372dcc3-0e4a-4000-20d9-fcf34d30acfe,291aa1c6-c027-45a2-a129-c24ef9759940,2020-10-23,2020-10-24,264.74,0.0705631193043388,0,296.1539388888886,268.81,31.413938888888595,296.1539388888886
3372dcc3-0e4a-4000-20d9-fcf34d30acfe,291aa1c6-c027-45a2-a129-c24ef9759940,2020-10-24,2020-10-25,267.95,0.0679625600443294,0,286.1194777777775,264.74,18.1694777777775,286.1194777777775
3372dcc3-0e4a-4000-20d9-fcf34d30acfe,291aa1c6-c027-45a2-a129-c24ef9759940,2020-10-25,2020-10-26,273.97,0.0659971902277343,0,290.0713055555552,267.95,16.101305555555143,290.0713055555552
3372dcc3-0e4a-4000-20d9-fcf34d30acfe,291aa1c6-c027-45a2-a129-c24ef9759940,2020-10-26,2020-10-27,246.38,0.0267205466407407,0,289.51915555555547,273.97,43.13915555555548,289.51915555555547
3372dcc3-0e4a-4000-20d9-fcf34d30acfe,291aa1c6-c027-45a2-a129-c24ef9759940,2020-10-27,2020-10-28,273.99,0.0362162608912573,0,287.52254444444407,246.38,13.532544444444056,287.52254444444407
3372dcc3-0e4a-4000-20d9-fcf34d30acfe,291aa1c6-c027-45a2-a129-c24ef9759940,2020-10-28,2020-10-29,269.09,0.0420926357556175,0,285.3194888888887,273.99,16.22948888888874,285.3194888888887
3372dcc3-0e4a-4000-20d9-fcf34d30acfe,291aa1c6-c027-45a2-a129-c24ef9759940,2020-10-29,2020-10-30,287.24,0.0294613505038283,0,288.3399077777776,269.09,1.0999077777775597,288.3399077777776
3372dcc3-0e4a-4000-20d9-fcf34d30acfe,291aa1c6-c027-45a2-a129-c24ef9759940,2020-10-30,2020-10-31,280.78,0.0530562658165945,0,287.85802777777724,287.24,7.078027777777265,287.85802777777724
3372dcc3-0e4a-4000-20d9-fcf34d30acfe,291aa1c6-c027-45a2-a129-c24ef9759940,2020-10-31,2020-11-01,267.4,0.0499956053628954,0,288.54728611111057,280.78,21.14728611111059,288.54728611111057
3372dcc3-0e4a-4000-20d9-fcf34d30acfe,291aa1c6-c027-45a2-a129-c24ef9759940,2020-11-01,2020-11-02,283.46,0.0903242183243928,0,285.042130555555,267.4,1.5821305555550111,285.042130555555
3372dcc3-0e4a-4000-20d9-fcf34d30acfe,291aa1c6-c027-45a2-a129-c24ef9759940,2020-11-02,2020-11-03,285.02,0.048444357996335,0,289.5328944444441,283.46,4.5128944444441,289.5328944444441
3372dcc3-0e4a-4000-20d9-fcf34d30acfe,291aa1c6-c027-45a2-a129-c24ef9759940,2020-11-03,2020-11-04,264.22,0.0470049132658398,0,287.4053277777776,285.02,23.18532777777756,287.4053277777776
3372dcc3-0e4a-4000-20d9-fcf34d30acfe,291aa1c6-c027-45a2-a129-c24ef9759940,2020-11-04,2020-11-05,267.56,0.0440748688899979,0,288.6635194444442,264.22,21.103519444444203,288.6635194444442
3372dcc3-0e4a-4000-20d9-fcf34d30acfe,291aa1c6-c027-45a2-a129-c24ef9759940,2020-11-05,2020-11-06,245.07,0.0611756143023486,0,282.34466111111084,267.56,37.274661111110845,282.34466111111084
3372dcc3-0e4a-4000-20d9-fcf34d30acfe,291aa1c6-c027-45a2-a129-c24ef9759940,2020-11-06,2020-11-07,259.06,0.0604746702050088,0,285.5679555555551,245.07,26.5079555555551,285.5679555555551
3372dcc3-0e4a-4000-20d9-fcf34d30acfe,291aa1c6-c027-45a2-a129-c24ef9759940,2020-11-07,2020-11-08,263.29,0.0627061893540434,0,280.95523333333296,259.06,17.665233333332935,280.95523333333296
3372dcc3-0e4a-4000-20d9-fcf34d30acfe,291aa1c6-c027-45a2-a129-c24ef9759940,2020-11-08,2020-11-09,273.92,0.1185296201110539,0,277.4214777777774,263.29,3.5014777777773816,277.4214777777774
3372dcc3-0e4a-4000-20d9-fcf34d30acfe,291aa1c6-c027-45a2-a129-c24ef9759940,2020-11-09,2020-11-10,259.99,0.0517266803962995,0,286.54423333333307,273.92,26.55423333333306,286.54423333333307
3372dcc3-0e4a-4000-20d9-fcf34d30acfe,291aa1c6-c027-45a2-a129-c24ef9759940,2020-11-10,2020-11-11,265.34,0.0460820876176354,0,284.36894444444425,259.99,19.02894444444428,284.36894444444425
3372dcc3-0e4a-4000-20d9-fcf34d30acfe,291aa1c6-c027-45a2-a129-c24ef9759940,2020-11-11,2020-11-12,255.74,0.0466006443570288,0,274.5373777777775,265.34,18.797377777777516,274.5373777777775
3372dcc3-0e4a-4000-20d9-fcf34d30acfe,291aa1c6-c027-45a2-a129-c24ef9759940,2020-11-12,2020-11-13,273.9,0.0574037837392665,0,273.0647583333331,255.74,0.8352416666668887,273.0647583333331
3372dcc3-0e4a-4000-20d9-fcf34d30acfe,291aa1c6-c027-45a2-a129-c24ef9759940,2020-11-13,2020-11-14,277.06,0.0531730538782441,0,273.5967055555552,273.9,3.4632944444447844,273.5967055555552
3372dcc3-0e4a-4000-20d9-fcf34d30acfe,291aa1c6-c027-45a2-a129-c24ef9759940,2020-11-14,2020-11-15,276.39,0.072133604401518,0,280.4373277777775,277.06,4.047327777777525,280.4373277777775
3372dcc3-0e4a-4000-20d9-fcf34d30acfe,291aa1c6-c027-45a2-a129-c24ef9759940,2020-11-15,2020-11-16,270.71,0.0881249801769002,0,283.5574388888883,276.39,12.847438888888348,283.5574388888883
3372dcc3-0e4a-4000-20d9-fcf34d30acfe,291aa1c6-c027-45a2-a129-c24ef9759940,2020-11-16,2020-11-17,250.16,0.040713343338675,0,285.6356222222218,270.71,35.4756222222218,285.6356222222218
3372dcc3-0e4a-4000-20d9-fcf34d30acfe,291aa1c6-c027-45a2-a129-c24ef9759940,2020-11-17,2020-11-18,261.62,0.0435989505728057,0,275.6018666666664,250.16,13.981866666666406,275.6018666666664
3372dcc3-0e4a-4000-20d9-fcf34d30acfe,291aa1c6-c027-45a2-a129-c24ef9759940,2020-11-18,2020-11-19,264.08,0.0506322816699968,0,275.3071611111109,261.62,11.227161111110888,275.3071611111109
3372dcc3-0e4a-4000-20d9-fcf34d30acfe,291aa1c6-c027-45a2-a129-c24ef9759940,2020-11-19,2020-11-20,263.79,0.043892079498553,0,276.3266111111108,264.08,12.5366111111108,276.3266111111108
3372dcc3-0e4a-4000-20d9-fcf34d30acfe,291aa1c6-c027-45a2-a129-c24ef9759940,2020-11-20,2020-11-21,269.83,0.0472868361930958,0,280.1186111111108,263.79,10.28861111111081,280.1186111111108
3372dcc3-0e4a-4000-20d9-fcf34d30acfe,291aa1c6-c027-45a2-a129-c24ef9759940,2020-11-21,2020-11-22,288.31,0.0686754538697673,0,282.77281111111074,269.83,5.537188888889261,282.77281111111074
3372dcc3-0e4a-4000-20d9-fcf34d30acfe,291aa1c6-c027-45a2-a129-c24ef9759940,2020-11-22,2020-11-23,279.23,0.0802269378422264,0,289.9704055555551,288.31,10.740405555555071,289.9704055555551
3372dcc3-0e4a-4000-20d9-fcf34d30acfe,291aa1c6-c027-45a2-a129-c24ef9759940,2020-11-23,2020-11-24,254.87,0.0523549689119281,0,290.52334999999965,279.23,35.65334999999965,290.52334999999965
3372dcc3-0e4a-4000-20d9-fcf34d30acfe,291aa1c6-c027-45a2-a129-c24ef9759940,2020-11-24,2020-11-25,276.65,0.0437817399642505,0,275.05592777777747,254.87,1.5940722222225077,275.05592777777747
3372dcc3-0e4a-4000-20d9-fcf34d30acfe,291aa1c6-c027-45a2-a129-c24ef9759940,2020-11-25,2020-11-26,275.76,0.0509798022657049,0,280.4179944444442,276.65,4.657994444444228,280.4179944444442
3372dcc3-0e4a-4000-20d9-fcf34d30acfe,291aa1c6-c027-45a2-a129-c24ef9759940,2020-11-26,2020-11-27,256.18,0.0421236181159324,0,284.4415111111108,275.76,28.261511111110792,284.4415111111108
3372dcc3-0e4a-4000-20d9-fcf34d30acfe,291aa1c6-c027-45a2-a129-c24ef9759940,2020-11-27,2020-11-28,277.91,0.0584167209824247,0,279.1997388888887,256.18,1.289738888888678,279.1997388888887
3372dcc3-0e4a-4000-20d9-fcf34d30acfe,291aa1c6-c027-45a2-a129-c24ef9759940,2020-11-28,2020-11-29,263.88,0.0817720417589618,0,284.08811111111095,277.91,20.208111111110952,284.08811111111095
3372dcc3-0e4a-4000-20d9-fcf34d30acfe,291aa1c6-c027-45a2-a129-c24ef9759940,2020-11-29,2020-11-30,0.0,0.0901100013150174,0,288.00581111111063,263.88,288.00581111111063,288.00581111111063
3372dcc3-0e4a-4000-20d9-fcf34d30acfe,291aa1c6-c027-45a2-a129-c24ef9759940,2020-11-30,2020-12-01,271.4,0.0032334707281927,0,284.4727833333329,0.0,13.07278333333295,284.4727833333329
3372dcc3-0e4a-4000-20d9-fcf34d30acfe,291aa1c6-c027-45a2-a129-c24ef9759940,2020-12-01,2020-12-02,267.82,0.0517777470038366,0,267.82298333333347,271.4,0.002983333333475,267.82298333333347
3372dcc3-0e4a-4000-20d9-fcf34d30acfe,291aa1c6-c027-45a2-a129-c24ef9759940,2020-12-02,2020-12-03,261.58,0.058600301562399,0,278.3294222222221,267.82,16.74942222222211,278.3294222222221
3372dcc3-0e4a-4000-20d9-fcf34d30acfe,291aa1c6-c027-45a2-a129-c24ef9759940,2020-12-03,2020-12-04,263.72,0.0520529621799811,0,274.18048333333314,261.58,10.460483333333116,274.18048333333314
3372dcc3-0e4a-4000-20d9-fcf34d30acfe,291aa1c6-c027-45a2-a129-c24ef9759940,2020-12-04,2020-12-05,254.53,0.0539827095289518,0,266.15304999999995,263.72,11.62304999999995,266.15304999999995
3372dcc3-0e4a-4000-20d9-fcf34d30acfe,291aa1c6-c027-45a2-a129-c24ef9759940,2020-12-05,2020-12-06,271.65,0.0784243478555776,0,272.5348277777778,254.53,0.8848277777778435,272.5348277777778
3372dcc3-0e4a-4000-20d9-fcf34d30acfe,291aa1c6-c027-45a2-a129-c24ef9759940,2020-12-06,2020-12-07,262.55,0.068236602885209,0,271.3089333333332,271.65,8.758933333333175,271.3089333333332
3372dcc3-0e4a-4000-20d9-fcf34d30acfe,291aa1c6-c027-45a2-a129-c24ef9759940,2020-12-07,2020-12-08,264.95,0.0573199262190871,0,270.26081111111114,262.55,5.31081111111115,270.26081111111114
3372dcc3-0e4a-4000-20d9-fcf34d30acfe,291aa1c6-c027-45a2-a129-c24ef9759940,2020-12-08,2020-12-09,267.12,0.0584406274876158,0,277.5678666666666,264.95,10.447866666666584,277.5678666666666
3372dcc3-0e4a-4000-20d9-fcf34d30acfe,291aa1c6-c027-45a2-a129-c24ef9759940,2020-12-09,2020-12-10,247.33,0.052540649438469,0,277.5700888888886,267.12,30.240088888888607,277.5700888888886
3372dcc3-0e4a-4000-20d9-fcf34d30acfe,291aa1c6-c027-45a2-a129-c24ef9759940,2020-12-10,2020-12-11,250.21,0.0706049570938815,0,271.1327111111108,247.33,20.92271111111077,271.1327111111108
3372dcc3-0e4a-4000-20d9-fcf34d30acfe,291aa1c6-c027-45a2-a129-c24ef9759940,2020-12-11,2020-12-12,233.95,0.0530685670439014,0,270.6083611111109,250.21,36.658361111110935,270.6083611111109
3372dcc3-0e4a-4000-20d9-fcf34d30acfe,291aa1c6-c027-45a2-a129-c24ef9759940,2020-12-12,2020-12-13,268.39,0.0830695555185139,0,262.9336222222222,233.95,5.456377777777789,262.9336222222222
3372dcc3-0e4a-4000-20d9-fcf34d30acfe,291aa1c6-c027-45a2-a129-c24ef9759940,2020-12-13,2020-12-14,245.22,0.1060348698455699,0,273.2353944444442,268.39,28.015394444444183,273.2353944444442
3372dcc3-0e4a-4000-20d9-fcf34d30acfe,291aa1c6-c027-45a2-a129-c24ef9759940,2020-12-14,2020-12-15,261.9,0.052827029560153,0,264.9375222222222,245.22,3.037522222222208,264.9375222222222
3372dcc3-0e4a-4000-20d9-fcf34d30acfe,291aa1c6-c027-45a2-a129-c24ef9759940,2020-12-15,2020-12-16,264.67,0.0524841689261641,0,267.5754500000001,261.9,2.905450000000087,267.5754500000001
3372dcc3-0e4a-4000-20d9-fcf34d30acfe,291aa1c6-c027-45a2-a129-c24ef9759940,2020-12-16,2020-12-17,267.36,0.0489851890070158,0,270.1243555555554,264.67,2.764355555555369,270.1243555555554
3372dcc3-0e4a-4000-20d9-fcf34d30acfe,291aa1c6-c027-45a2-a129-c24ef9759940,2020-12-17,2020-12-18,243.92,0.0629206012159659,0,268.21706111111104,267.36,24.29706111111105,268.21706111111104
3372dcc3-0e4a-4000-20d9-fcf34d30acfe,291aa1c6-c027-45a2-a129-c24ef9759940,2020-12-18,2020-12-19,257.84,0.0644388580770732,0,263.85722222222216,243.92,6.017222222222188,263.85722222222216
3372dcc3-0e4a-4000-20d9-fcf34d30acfe,291aa1c6-c027-45a2-a129-c24ef9759940,2020-12-19,2020-12-20,280.8,0.0859426238347467,0,263.24297777777764,257.84,17.557022222222372,263.24297777777764
3372dcc3-0e4a-4000-20d9-fcf34d30acfe,291aa1c6-c027-45a2-a129-c24ef9759940,2020-12-20,2020-12-21,281.01,0.0883638046113955,0,280.97334444444414,280.8,0.0366555555558534,280.97334444444414
3372dcc3-0e4a-4000-20d9-fcf34d30acfe,291aa1c6-c027-45a2-a129-c24ef9759940,2020-12-21,2020-12-22,0.0,0.0664494088395604,0,280.55507777777746,281.01,280.55507777777746,280.55507777777746
3372dcc3-0e4a-4000-20d9-fcf34d30acfe,291aa1c6-c027-45a2-a129-c24ef9759940,2020-12-22,2020-12-23,261.55,0.0032334707281927,0,282.6780999999997,0.0,21.12809999999968,282.6780999999997
3372dcc3-0e4a-4000-20d9-fcf34d30acfe,291aa1c6-c027-45a2-a129-c24ef9759940,2020-12-23,2020-12-24,244.2,0.0617518340202867,0,266.4029833333333,261.55,22.202983333333293,266.4029833333333
3372dcc3-0e4a-4000-20d9-fcf34d30acfe,291aa1c6-c027-45a2-a129-c24ef9759940,2020-12-24,2020-12-25,265.79,0.0606909651647384,0,259.5278722222222,244.2,6.262127777777835,259.5278722222222
3372dcc3-0e4a-4000-20d9-fcf34d30acfe,291aa1c6-c027-45a2-a129-c24ef9759940,2020-12-25,2020-12-26,254.02,0.0666530716456518,0,261.3816333333332,265.79,7.361633333333174,261.3816333333332
3372dcc3-0e4a-4000-20d9-fcf34d30acfe,291aa1c6-c027-45a2-a129-c24ef9759940,2020-12-26,2020-12-27,0.0,0.0767817002505437,0,261.88143888888897,254.02,261.88143888888897,261.88143888888897
3372dcc3-0e4a-4000-20d9-fcf34d30acfe,291aa1c6-c027-45a2-a129-c24ef9759940,2020-12-27,2020-12-28,247.32,0.0032334707281927,0,263.49846111111094,0.0,16.17846111111095,263.49846111111094
3372dcc3-0e4a-4000-20d9-fcf34d30acfe,291aa1c6-c027-45a2-a129-c24ef9759940,2020-12-28,2020-12-29,252.69,0.0603664784726903,0,246.7474833333333,247.32,5.942516666666677,246.7474833333333
3372dcc3-0e4a-4000-20d9-fcf34d30acfe,291aa1c6-c027-45a2-a129-c24ef9759940,2020-12-29,2020-12-30,256.6,0.0683587182876577,0,241.47691111111115,252.69,15.123088888888873,241.47691111111115
3372dcc3-0e4a-4000-20d9-fcf34d30acfe,291aa1c6-c027-45a2-a129-c24ef9759940,2020-12-30,2020-12-31,0.0,0.0698010734531443,0,259.8039444444444,256.6,259.8039444444444,259.8039444444444
3593e7da-53b5-4e70-77db-3290520e10e3,291aa1c6-c027-45a2-a129-c24ef9759940,2020-08-23,2020-08-24,976.24,0.0875714090581518,0,1015.7660500000002,1033.85,39.52605000000017,1015.7660500000002
3593e7da-53b5-4e70-77db-3290520e10e3,291aa1c6-c027-45a2-a129-c24ef9759940,2020-08-24,2020-08-25,1000.46,0.0656470615622877,0,990.4828333333336,976.24,9.977166666666562,990.4828333333336
3593e7da-53b5-4e70-77db-3290520e10e3,291aa1c6-c027-45a2-a129-c24ef9759940,2020-08-25,2020-08-26,1069.57,0.0947238012208088,0,1007.7348166666668,1000.46,61.83518333333325,1007.7348166666668
3593e7da-53b5-4e70-77db-3290520e10e3,291aa1c6-c027-45a2-a129-c24ef9759940,2020-08-26,2020-08-27,0.0,0.0783377188390851,0,985.8708111111114,1069.57,985.8708111111114,985.8708111111114
3593e7da-53b5-4e70-77db-3290520e10e3,291aa1c6-c027-45a2-a129-c24ef9759940,2020-08-27,2020-08-28,1010.45,0.0058418020341154,0,1014.6357777777772,0.0,4.185777777777162,1014.6357777777772
3593e7da-53b5-4e70-77db-3290520e10e3,291aa1c6-c027-45a2-a129-c24ef9759940,2020-08-28,2020-08-29,991.3,0.052980713603591,0,1042.7949,1010.45,51.49489999999992,1042.7949
3593e7da-53b5-4e70-77db-3290520e10e3,291aa1c6-c027-45a2-a129-c24ef9759940,2020-08-29,2020-08-30,961.79,0.0630687459410444,0,1013.7445111111116,991.3,51.95451111111174,1013.7445111111116
3593e7da-53b5-4e70-77db-3290520e10e3,291aa1c6-c027-45a2-a129-c24ef9759940,2020-08-30,2020-08-31,1040.38,0.0799158880411339,0,1019.6823444444444,961.79,20.6976555555558,1019.6823444444444
3593e7da-53b5-4e70-77db-3290520e10e3,291aa1c6-c027-45a2-a129-c24ef9759940,2020-08-31,2020-09-01,992.44,0.0833364728333482,0,1009.8455944444454,1040.38,17.40559444444534,1009.8455944444454
3593e7da-53b5-4e70-77db-3290520e10e3,291aa1c6-c027-45a2-a129-c24ef9759940,2020-09-01,2020-09-02,1064.04,0.0738399914509614,0,1023.826833333333,992.44,40.21316666666701,1023.826833333333
3593e7da-53b5-4e70-77db-3290520e10e3,291aa1c6-c027-45a2-a129-c24ef9759940,2020-09-02,2020-09-03,915.86,0.0855593056300217,0,1014.3621388888891,1064.04,98.50213888888923,1014.3621388888891
3593e7da-53b5-4e70-77db-3290520e10e3,291aa1c6-c027-45a2-a129-c24ef9759940,2020-09-03,2020-09-04,973.92,0.0404561455640926,0,1024.340433333333,915.86,50.42043333333311,1024.340433333333
3593e7da-53b5-4e70-77db-3290520e10e3,291aa1c6-c027-45a2-a129-c24ef9759940,2020-09-04,2020-09-05,986.83,0.0918848188431726,0,1019.1167277777782,973.92,32.2867277777782,1019.1167277777782
3593e7da-53b5-4e70-77db-3290520e10e3,291aa1c6-c027-45a2-a129-c24ef9759940,2020-09-05,2020-09-06,1018.81,0.0724173417514487,0,1021.878944444444,986.83,3.068944444444014,1021.878944444444
3593e7da-53b5-4e70-77db-3290520e10e3,291aa1c6-c027-45a2-a129-c24ef9759940,2020-09-06,2020-09-07,929.92,0.0742546385292106,0,1017.283122222222,1018.81,87.36312222222216,1017.283122222222
3593e7da-53b5-4e70-77db-3290520e10e3,291aa1c6-c027-45a2-a129-c24ef9759940,2020-09-07,2020-09-08,984.26,0.0897414493847835,0,1005.7842111111112,929.92,21.52421111111107,1005.7842111111112
3593e7da-53b5-4e70-77db-3290520e10e3,291aa1c6-c027-45a2-a129-c24ef9759940,2020-09-08,2020-09-09,1039.35,0.088124973676345,0,998.2132944444444,984.26,41.13670555555564,998.2132944444444
3593e7da-53b5-4e70-77db-3290520e10e3,291aa1c6-c027-45a2-a129-c24ef9759940,2020-09-09,2020-09-10,1004.59,0.0994087151624948,0,1012.6438666666668,1039.35,8.05386666666675,1012.6438666666668
3593e7da-53b5-4e70-77db-3290520e10e3,291aa1c6-c027-45a2-a129-c24ef9759940,2020-09-10,2020-09-11,1004.54,0.1238573295927308,0,996.5446222222216,1004.59,7.995377777778344,996.5446222222216
3593e7da-53b5-4e70-77db-3290520e10e3,291aa1c6-c027-45a2-a129-c24ef9759940,2020-09-11,2020-09-12,947.55,0.0778211519231975,0,1002.9452361111116,1004.54,55.39523611111167,1002.9452361111116
3593e7da-53b5-4e70-77db-3290520e10e3,291aa1c6-c027-45a2-a129-c24ef9759940,2020-09-12,2020-09-13,975.19,0.082146979908602,0,1001.709355555556,947.55,26.51935555555599,1001.709355555556
3593e7da-53b5-4e70-77db-3290520e10e3,291aa1c6-c027-45a2-a129-c24ef9759940,2020-09-13,2020-09-14,935.66,0.0559699160983128,0,1014.6096000000005,975.19,78.94960000000049,1014.6096000000005
3593e7da-53b5-4e70-77db-3290520e10e3,291aa1c6-c027-45a2-a129-c24ef9759940,2020-09-14,2020-09-15,1034.95,0.1091916274473021,0,989.9138277777772,935.66,45.03617222222272,989.9138277777772
3593e7da-53b5-4e70-77db-3290520e10e3,291aa1c6-c027-45a2-a129-c24ef9759940,2020-09-15,2020-09-16,1003.86,0.0646603657936359,0,1021.469055555556,1034.95,17.609055555556097,1021.469055555556
3593e7da-53b5-4e70-77db-3290520e10e3,291aa1c6-c027-45a2-a129-c24ef9759940,2020-09-16,2020-09-17,988.16,0.1264520856351171,0,1009.5618277777776,1003.86,21.40182777777761,1009.5618277777776
3593e7da-53b5-4e70-77db-3290520e10e3,291aa1c6-c027-45a2-a129-c24ef9759940,2020-09-17,2020-09-18,989.64,0.1376967878753258,0,1011.1733277777778,988.16,21.5333277777778,1011.1733277777778
3593e7da-53b5-4e70-77db-3290520e10e3,291aa1c6-c027-45a2-a129-c24ef9759940,2020-09-18,2020-09-19,1041.23,0.0928549305549821,0,1022.8684777777768,989.64,18.361522222223243,1022.8684777777768
3593e7da-53b5-4e70-77db-3290520e10e3,291aa1c6-c027-45a2-a129-c24ef9759940,2020-09-19,2020-09-20,1082.85,0.072420965837508,0,1003.1828666666664,1041.23,79.66713333333348,1003.1828666666664
3593e7da-53b5-4e70-77db-3290520e10e3,291aa1c6-c027-45a2-a129-c24ef9759940,2020-09-20,2020-09-21,981.99,0.0614851996829891,0,1012.541827777778,1082.85,30.55182777777793,1012.541827777778
3593e7da-53b5-4e70-77db-3290520e10e3,291aa1c6-c027-45a2-a129-c24ef9759940,2020-09-21,2020-09-22,981.06,0.0864925021847376,0,1002.4160833333332,981.99,21.35608333333323,1002.4160833333332
3593e7da-53b5-4e70-77db-3290520e10e3,291aa1c6-c027-45a2-a129-c24ef9759940,2020-09-22,2020-09-23,995.64,0.1073834053843589,0,1011.385016666666,981.06,15.74501666666606,1011.385016666666
3593e7da-53b5-4e70-77db-3290520e10e3,291aa1c6-c027-45a2-a129-c24ef9759940,2020-09-23,2020-09-24,1048.59,0.1123121498357666,0,1012.7057555555556,995.64,35.88424444444445,1012.7057555555556
3593e7da-53b5-4e70-77db-3290520e10e3,291aa1c6-c027-45a2-a129-c24ef9759940,2020-09-24,2020-09-25,1012.71,0.0839211677489719,0,1016.4852166666668,1048.59,3.775216666666779,1016.4852166666668
3593e7da-53b5-4e70-77db-3290520e10e3,291aa1c6-c027-45a2-a129-c24ef9759940,2020-09-25,2020-09-26,992.87,0.0928574005250125,0,1024.9130944444446,1012.71,32.04309444444459,1024.9130944444446
3593e7da-53b5-4e70-77db-3290520e10e3,291aa1c6-c027-45a2-a129-c24ef9759940,2020-09-26,2020-09-27,1010.63,0.0652315439277346,0,1018.7005611111108,992.87,8.07056111111092,1018.7005611111108
3593e7da-53b5-4e70-77db-3290520e10e3,291aa1c6-c027-45a2-a129-c24ef9759940,2020-09-27,2020-09-28,991.89,0.1557623142953303,1,0.0,1010.63,991.89,1010.63
3593e7da-53b5-4e70-77db-3290520e10e3,291aa1c6-c027-45a2-a129-c24ef9759940,2020-09-28,2020-09-29,905.08,0.0838188107420176,0,1011.3602944444444,991.89,106.2802944444444,1011.3602944444444
3593e7da-53b5-4e70-77db-3290520e10e3,291aa1c6-c027-45a2-a129-c24ef9759940,2020-09-29,2020-09-30,1022.89,0.0983738780554193,0,997.0805499999996,905.08,25.809450000000425,997.0805499999996
3593e7da-53b5-4e70-77db-3290520e10e3,291aa1c6-c027-45a2-a129-c24ef9759940,2020-09-30,2020-10-01,930.9,0.1105892336756979,0,1025.2405777777772,1022.89,94.34057777777718,1025.2405777777772
3593e7da-53b5-4e70-77db-3290520e10e3,291aa1c6-c027-45a2-a129-c24ef9759940,2020-10-01,2020-10-02,963.66,0.133622849886909,0,1022.021461111111,930.9,58.361461111111,1022.021461111111
3593e7da-53b5-4e70-77db-3290520e10e3,291aa1c6-c027-45a2-a129-c24ef9759940,2020-10-02,2020-10-03,930.2,0.134813946669641,0,1020.7065277777778,963.66,90.5065277777777,1020.7065277777778
3593e7da-53b5-4e70-77db-3290520e10e3,291aa1c6-c027-45a2-a129-c24ef9759940,2020-10-03,2020-10-04,953.44,0.09575820742826,0,1004.9053333333336,930.2,51.46533333333355,1004.9053333333336
3593e7da-53b5-4e70-77db-3290520e10e3,291aa1c6-c027-45a2-a129-c24ef9759940,2020-10-04,2020-10-05,976.79,0.1038083045023041,0,1008.6095388888892,953.44,31.81953888888916,1008.6095388888892
3593e7da-53b5-4e70-77db-3290520e10e3,291aa1c6-c027-45a2-a129-c24ef9759940,2020-10-05,2020-10-06,1032.07,0.1090204001912954,0,1001.33885,976.79,30.731149999999843,1001.33885
3593e7da-53b5-4e70-77db-3290520e10e3,291aa1c6-c027-45a2-a129-c24ef9759940,2020-10-06,2020-10-07,943.34,0.1171157893761303,0,994.030822222222,1032.07,50.690822222222096,994.030822222222
3593e7da-53b5-4e70-77db-3290520e10e3,291aa1c6-c027-45a2-a129-c24ef9759940,2020-10-07,2020-10-08,1035.63,0.1523762173528789,1,0.0,943.34,1035.63,943.34
3593e7da-53b5-4e70-77db-3290520e10e3,291aa1c6-c027-45a2-a129-c24ef9759940,2020-10-08,2020-10-09,887.72,0.0922288852190519,0,1009.2774500000002,1035.63,121.55745000000012,1009.2774500000002
3593e7da-53b5-4e70-77db-3290520e10e3,291aa1c6-c027-45a2-a129-c24ef9759940,2020-10-09,2020-10-10,903.52,0.1150269680735585,0,1002.741461111111,887.72,99.221461111111,1002.741461111111
3593e7da-53b5-4e70-77db-3290520e10e3,291aa1c6-c027-45a2-a129-c24ef9759940,2020-10-10,2020-10-11,920.23,0.1105710099042226,0,977.7366388888888,903.52,57.5066388888888,977.7366388888888
3593e7da-53b5-4e70-77db-3290520e10e3,291aa1c6-c027-45a2-a129-c24ef9759940,2020-10-11,2020-10-12,996.62,0.1102233245897593,0,1007.0044611111108,920.23,10.384461111110909,1007.0044611111108
3593e7da-53b5-4e70-77db-3290520e10e3,291aa1c6-c027-45a2-a129-c24ef9759940,2020-10-12,2020-10-13,914.82,0.081268212027429,0,996.8905722222216,996.62,82.07057222222147,996.8905722222216
3593e7da-53b5-4e70-77db-3290520e10e3,291aa1c6-c027-45a2-a129-c24ef9759940,2020-10-13,2020-10-14,899.7,0.1219890768113867,0,1004.8839722222224,914.82,105.18397222222234,1004.8839722222224
3593e7da-53b5-4e70-77db-3290520e10e3,291aa1c6-c027-45a2-a129-c24ef9759940,2020-10-14,2020-10-15,1046.69,0.1243197929007458,0,980.037172222222,899.7,66.65282777777816,980.037172222222
3593e7da-53b5-4e70-77db-3290520e10e3,291aa1c6-c027-45a2-a129-c24ef9759940,2020-10-15,2020-10-16,949.65,0.1018612444078887,0,1023.3273944444446,1046.69,73.67739444444464,1023.3273944444446
3593e7da-53b5-4e70-77db-3290520e10e3,291aa1c6-c027-45a2-a129-c24ef9759940,2020-10-16,2020-10-17,1028.93,0.0882033678346413,0,994.9525777777774,949.65,33.977422222222685,994.9525777777774
3593e7da-53b5-4e70-77db-3290520e10e3,291aa1c6-c027-45a2-a129-c24ef9759940,2020-10-17,2020-10-18,1004.91,0.0955738716248006,0,997.9725888888884,1028.93,6.937411111111487,997.9725888888884
3593e7da-53b5-4e70-77db-3290520e10e3,291aa1c6-c027-45a2-a129-c24ef9759940,2020-10-18,2020-10-19,992.84,0.0996516192142581,0,1005.258066666666,1004.91,12.418066666665824,1005.258066666666
3593e7da-53b5-4e70-77db-3290520e10e3,291aa1c6-c027-45a2-a129-c24ef9759940,2020-10-19,2020-10-20,0.0,0.0534663744296529,0,1006.2577722222225,992.84,1006.2577722222225,1006.2577722222225
3593e7da-53b5-4e70-77db-3290520e10e3,291aa1c6-c027-45a2-a129-c24ef9759940,2020-10-20,2020-10-21,939.33,0.0113147716217052,0,991.919483333333,0.0,52.58948333333296,991.919483333333
3593e7da-53b5-4e70-77db-3290520e10e3,291aa1c6-c027-45a2-a129-c24ef9759940,2020-10-21,2020-10-22,897.92,0.1081688282689809,0,979.0057333333328,939.33,81.08573333333288,979.0057333333328
3593e7da-53b5-4e70-77db-3290520e10e3,291aa1c6-c027-45a2-a129-c24ef9759940,2020-10-22,2020-10-23,975.47,0.1074343309770159,0,999.7158944444444,897.92,24.245894444444502,999.7158944444444
3593e7da-53b5-4e70-77db-3290520e10e3,291aa1c6-c027-45a2-a129-c24ef9759940,2020-10-23,2020-10-24,933.21,0.0883466435184077,0,976.8617055555555,975.47,43.65170555555551,976.8617055555555
3593e7da-53b5-4e70-77db-3290520e10e3,291aa1c6-c027-45a2-a129-c24ef9759940,2020-10-24,2020-10-25,978.01,0.1348714455514079,0,998.3655333333338,933.21,20.355533333333824,998.3655333333338
3593e7da-53b5-4e70-77db-3290520e10e3,291aa1c6-c027-45a2-a129-c24ef9759940,2020-10-25,2020-10-26,992.06,0.0997545893599975,0,995.9410888888892,978.01,3.881088888889167,995.9410888888892
3593e7da-53b5-4e70-77db-3290520e10e3,291aa1c6-c027-45a2-a129-c24ef9759940,2020-10-26,2020-10-27,910.16,0.1026275869935428,0,992.906711111111,992.06,82.74671111111104,992.906711111111
3593e7da-53b5-4e70-77db-3290520e10e3,291aa1c6-c027-45a2-a129-c24ef9759940,2020-10-27,2020-10-28,919.26,0.0844485299090146,0,995.2005777777778,910.16,75.94057777777778,995.2005777777778
3593e7da-53b5-4e70-77db-3290520e10e3,291aa1c6-c027-45a2-a129-c24ef9759940,2020-10-28,2020-10-29,941.92,0.0817398615818274,0,967.4256944444444,919.26,25.50569444444443,967.4256944444444
3593e7da-53b5-4e70-77db-3290520e10e3,291aa1c6-c027-45a2-a129-c24ef9759940,2020-10-29,2020-10-30,1007.38,0.1199548758054837,0,978.7404222222216,941.92,28.639577777778413,978.7404222222216
3593e7da-53b5-4e70-77db-3290520e10e3,291aa1c6-c027-45a2-a129-c24ef9759940,2020-10-30,2020-10-31,908.32,0.093451104809697,0,1005.0032111111108,1007.38,96.68321111111084,1005.0032111111108
3593e7da-53b5-4e70-77db-3290520e10e3,291aa1c6-c027-45a2-a129-c24ef9759940,2020-10-31,2020-11-01,1034.66,0.1154691707315276,0,991.886933333334,908.32,42.77306666666607,991.886933333334
3593e7da-53b5-4e70-77db-3290520e10e3,291aa1c6-c027-45a2-a129-c24ef9759940,2020-11-01,2020-11-02,868.83,0.1087929083125129,0,1011.2655277777776,1034.66,142.43552777777757,1011.2655277777776
3593e7da-53b5-4e70-77db-3290520e10e3,291aa1c6-c027-45a2-a129-c24ef9759940,2020-11-02,2020-11-03,1022.08,0.0833893784159187,0,999.266,868.83,22.81400000000008,999.266
3593e7da-53b5-4e70-77db-3290520e10e3,291aa1c6-c027-45a2-a129-c24ef9759940,2020-11-03,2020-11-04,953.29,0.1388163636842408,0,990.3192277777777,1022.08,37.02922777777769,990.3192277777777
3593e7da-53b5-4e70-77db-3290520e10e3,291aa1c6-c027-45a2-a129-c24ef9759940,2020-11-04,2020-11-05,966.74,0.1264260342485202,0,1000.5567277777776,953.29,33.816727777777714,1000.5567277777776
3593e7da-53b5-4e70-77db-3290520e10e3,291aa1c6-c027-45a2-a129-c24ef9759940,2020-11-05,2020-11-06,968.04,0.1036350343769206,0,985.0043333333329,966.74,16.96433333333289,985.0043333333329
3593e7da-53b5-4e70-77db-3290520e10e3,291aa1c6-c027-45a2-a129-c24ef9759940,2020-11-06,2020-11-07,837.16,0.0928124532766388,0,997.2303222222216,968.04,160.07032222222176,997.2303222222216
3593e7da-53b5-4e70-77db-3290520e10e3,291aa1c6-c027-45a2-a129-c24ef9759940,2020-11-07,2020-11-08,926.04,0.1251546255059797,0,983.3902666666668,837.16,57.35026666666681,983.3902666666668
3593e7da-53b5-4e70-77db-3290520e10e3,291aa1c6-c027-45a2-a129-c24ef9759940,2020-11-08,2020-11-09,931.73,0.0965384260211212,0,985.6901000000004,926.04,53.96010000000024,985.6901000000004
3593e7da-53b5-4e70-77db-3290520e10e3,291aa1c6-c027-45a2-a129-c24ef9759940,2020-11-09,2020-11-10,996.54,0.0740146325116398,0,974.5529722222226,931.73,21.98702777777737,974.5529722222226
3593e7da-53b5-4e70-77db-3290520e10e3,291aa1c6-c027-45a2-a129-c24ef9759940,2020-11-10,2020-11-11,933.45,0.1247081046700612,0,1005.9172111111108,996.54,72.46721111111071,1005.9172111111108
3593e7da-53b5-4e70-77db-3290520e10e3,291aa1c6-c027-45a2-a129-c24ef9759940,2020-11-11,2020-11-12,1005.85,0.0755394639033949,0,986.6513666666668,933.45,19.19863333333319,986.6513666666668
3593e7da-53b5-4e70-77db-3290520e10e3,291aa1c6-c027-45a2-a129-c24ef9759940,2020-11-12,2020-11-13,1025.28,0.0689215424801312,0,987.4522222222216,1005.85,37.82777777777824,987.4522222222216
3593e7da-53b5-4e70-77db-3290520e10e3,291aa1c6-c027-45a2-a129-c24ef9759940,2020-11-13,2020-11-14,963.27,0.0844710103337866,0,997.2536722222216,1025.28,33.983672222221685,997.2536722222216
3593e7da-53b5-4e70-77db-3290520e10e3,291aa1c6-c027-45a2-a129-c24ef9759940,2020-11-14,2020-11-15,943.89,0.0977325572573105,0,985.4654916666668,963.27,41.57549166666672,985.4654916666668
3593e7da-53b5-4e70-77db-3290520e10e3,291aa1c6-c027-45a2-a129-c24ef9759940,2020-11-15,2020-11-16,887.66,0.1140281845693245,0,970.6458611111108,943.89,82.98586111111081,970.6458611111108
3593e7da-53b5-4e70-77db-3290520e10e3,291aa1c6-c027-45a2-a129-c24ef9759940,2020-11-16,2020-11-17,964.2,0.0815522483733544,0,978.5078777777776,887.66,14.307877777777549,978.5078777777776
3593e7da-53b5-4e70-77db-3290520e10e3,291aa1c6-c027-45a2-a129-c24ef9759940,2020-11-17,2020-11-18,918.92,0.1016900860891007,0,974.8899055555548,964.2,55.96990555555488,974.8899055555548
3593e7da-53b5-4e70-77db-3290520e10e3,291aa1c6-c027-45a2-a129-c24ef9759940,2020-11-18,2020-11-19,1000.48,0.1011269508158119,0,966.2806611111108,918.92,34.1993388888892,966.2806611111108
3593e7da-53b5-4e70-77db-3290520e10e3,291aa1c6-c027-45a2-a129-c24ef9759940,2020-11-19,2020-11-20,866.79,0.0835776917955337,0,997.7122444444444,1000.48,130.92224444444437,997.7122444444444
3593e7da-53b5-4e70-77db-3290520e10e3,291aa1c6-c027-45a2-a129-c24ef9759940,2020-11-20,2020-11-21,901.22,0.0934884992071879,0,986.9503277777784,866.79,85.73032777777848,986.9503277777784
3593e7da-53b5-4e70-77db-3290520e10e3,291aa1c6-c027-45a2-a129-c24ef9759940,2020-11-21,2020-11-22,975.87,0.1188033152132439,0,961.9038555555557,901.22,13.966144444444469,961.9038555555557
3593e7da-53b5-4e70-77db-3290520e10e3,291aa1c6-c027-45a2-a129-c24ef9759940,2020-11-22,2020-11-23,1014.69,0.0870329854731297,0,980.9566722222222,975.87,33.733327777777845,980.9566722222222
3593e7da-53b5-4e70-77db-3290520e10e3,291aa1c6-c027-45a2-a129-c24ef9759940,2020-11-23,2020-11-24,964.78,0.0699288006870685,0,982.444666666666,1014.69,17.664666666665994,982.444666666666
3593e7da-53b5-4e70-77db-3290520e10e3,291aa1c6-c027-45a2-a129-c24ef9759940,2020-11-24,2020-11-25,991.38,0.0982354949091543,0,965.0084666666664,964.78,26.37153333333356,965.0084666666664
3593e7da-53b5-4e70-77db-3290520e10e3,291aa1c6-c027-45a2-a129-c24ef9759940,2020-11-25,2020-11-26,938.12,0.0933992461142268,0,975.8961722222224,991.38,37.7761722222225,975.8961722222224
3593e7da-53b5-4e70-77db-3290520e10e3,291aa1c6-c027-45a2-a129-c24ef9759940,2020-11-26,2020-11-27,1011.89,0.0946379245970157,0,979.8203555555558,938.12,32.06964444444418,979.8203555555558
3593e7da-53b5-4e70-77db-3290520e10e3,291aa1c6-c027-45a2-a129-c24ef9759940,2020-11-27,2020-11-28,940.33,0.0835861339754123,0,983.1253833333332,1011.89,42.79538333333312,983.1253833333332
3593e7da-53b5-4e70-77db-3290520e10e3,291aa1c6-c027-45a2-a129-c24ef9759940,2020-11-28,2020-11-29,952.8,0.0654974822480087,0,978.4173083333328,940.33,25.61730833333297,978.4173083333328
3593e7da-53b5-4e70-77db-3290520e10e3,291aa1c6-c027-45a2-a129-c24ef9759940,2020-11-29,2020-11-30,938.02,0.1232265761846094,0,965.4085555555558,952.8,27.38855555555585,965.4085555555558
3593e7da-53b5-4e70-77db-3290520e10e3,291aa1c6-c027-45a2-a129-c24ef9759940,2020-11-30,2020-12-01,915.77,0.0840786419630001,0,971.999366666667,938.02,56.22936666666703,971.999366666667
3593e7da-53b5-4e70-77db-3290520e10e3,291aa1c6-c027-45a2-a129-c24ef9759940,2020-12-01,2020-12-02,947.51,0.0959145044518469,0,955.1075333333335,915.77,7.597533333333558,955.1075333333335
3593e7da-53b5-4e70-77db-3290520e10e3,291aa1c6-c027-45a2-a129-c24ef9759940,2020-12-02,2020-12-03,938.77,0.1278992071141485,0,963.3671444444448,947.51,24.59714444444478,963.3671444444448
3593e7da-53b5-4e70-77db-3290520e10e3,291aa1c6-c027-45a2-a129-c24ef9759940,2020-12-03,2020-12-04,947.79,0.0849998369875603,0,955.4390722222216,938.77,7.649072222221662,955.4390722222216
3593e7da-53b5-4e70-77db-3290520e10e3,291aa1c6-c027-45a2-a129-c24ef9759940,2020-12-04,2020-12-05,827.8,0.0999155993748162,0,962.5813666666668,947.79,134.78136666666683,962.5813666666668
3593e7da-53b5-4e70-77db-3290520e10e3,291aa1c6-c027-45a2-a129-c24ef9759940,2020-12-05,2020-12-06,886.12,0.0851740551470171,0,963.2153055555552,827.8,77.09530555555534,963.2153055555552
3593e7da-53b5-4e70-77db-3290520e10e3,291aa1c6-c027-45a2-a129-c24ef9759940,2020-12-06,2020-12-07,901.19,0.0877244407417694,0,956.090244444444,886.12,54.90024444444407,956.090244444444
3593e7da-53b5-4e70-77db-3290520e10e3,291aa1c6-c027-45a2-a129-c24ef9759940,2020-12-07,2020-12-08,857.91,0.0853963590698224,0,957.815755555556,901.19,99.90575555555608,957.815755555556
3593e7da-53b5-4e70-77db-3290520e10e3,291aa1c6-c027-45a2-a129-c24ef9759940,2020-12-08,2020-12-09,881.67,0.1003191517753128,0,960.0915000000005,857.91,78.42150000000049,960.0915000000005
3593e7da-53b5-4e70-77db-3290520e10e3,291aa1c6-c027-45a2-a129-c24ef9759940,2020-12-09,2020-12-10,956.49,0.0737554807733765,0,954.2761666666662,881.67,2.2138333333338096,954.2761666666662
3593e7da-53b5-4e70-77db-3290520e10e3,291aa1c6-c027-45a2-a129-c24ef9759940,2020-12-10,2020-12-11,937.42,0.0651509358624183,0,958.0993833333332,956.49,20.67938333333336,958.0993833333332
3593e7da-53b5-4e70-77db-3290520e10e3,291aa1c6-c027-45a2-a129-c24ef9759940,2020-12-11,2020-12-12,968.36,0.1142664065321039,0,947.8222500000002,937.42,20.537749999999846,947.8222500000002
3593e7da-53b5-4e70-77db-3290520e10e3,291aa1c6-c027-45a2-a129-c24ef9759940,2020-12-12,2020-12-13,964.52,0.0530859341747577,0,960.9395499999998,968.36,3.580450000000156,960.9395499999998
3593e7da-53b5-4e70-77db-3290520e10e3,291aa1c6-c027-45a2-a129-c24ef9759940,2020-12-13,2020-12-14,967.82,0.0825682924186707,0,961.4207388888888,964.52,6.399261111111287,961.4207388888888
3593e7da-53b5-4e70-77db-3290520e10e3,291aa1c6-c027-45a2-a129-c24ef9759940,2020-12-14,2020-12-15,922.54,0.0789028845417815,0,969.4549277777782,967.82,46.91492777777819,969.4549277777782
3593e7da-53b5-4e70-77db-3290520e10e3,291aa1c6-c027-45a2-a129-c24ef9759940,2020-12-15,2020-12-16,984.27,0.1167200970914413,0,957.8016222222228,922.54,26.46837777777728,957.8016222222228
3593e7da-53b5-4e70-77db-3290520e10e3,291aa1c6-c027-45a2-a129-c24ef9759940,2020-12-16,2020-12-17,893.76,0.0778889642578691,0,965.8941722222224,984.27,72.13417222222233,965.8941722222224
3593e7da-53b5-4e70-77db-3290520e10e3,291aa1c6-c027-45a2-a129-c24ef9759940,2020-12-17,2020-12-18,980.69,0.1040739045954745,0,965.8103444444448,893.76,14.879655555555246,965.8103444444448
3593e7da-53b5-4e70-77db-3290520e10e3,291aa1c6-c027-45a2-a129-c24ef9759940,2020-12-18,2020-12-19,960.15,0.1014695728777237,0,962.2797111111108,980.69,2.1297111111109643,962.2797111111108
3593e7da-53b5-4e70-77db-3290520e10e3,291aa1c6-c027-45a2-a129-c24ef9759940,2020-12-19,2020-12-20,948.45,0.0945396881903331,0,956.4823388888886,960.15,8.032338888888603,956.4823388888886
3593e7da-53b5-4e70-77db-3290520e10e3,291aa1c6-c027-45a2-a129-c24ef9759940,2020-12-20,2020-12-21,916.64,0.0890954260899802,0,963.5980055555558,948.45,46.958005555555815,963.5980055555558
3593e7da-53b5-4e70-77db-3290520e10e3,291aa1c6-c027-45a2-a129-c24ef9759940,2020-12-21,2020-12-22,886.37,0.0981015312295868,0,957.6317888888892,916.64,71.26178888888933,957.6317888888892
3593e7da-53b5-4e70-77db-3290520e10e3,291aa1c6-c027-45a2-a129-c24ef9759940,2020-12-22,2020-12-23,916.45,0.1394043890106586,0,949.1772499999996,886.37,32.727249999999685,949.1772499999996
3593e7da-53b5-4e70-77db-3290520e10e3,291aa1c6-c027-45a2-a129-c24ef9759940,2020-12-23,2020-12-24,848.9,0.1020697708642077,0,958.0524111111104,916.45,109.1524111111105,958.0524111111104
3593e7da-53b5-4e70-77db-3290520e10e3,291aa1c6-c027-45a2-a129-c24ef9759940,2020-12-24,2020-12-25,964.2,0.0961185205954166,0,953.8608555555558,848.9,10.339144444444289,953.8608555555558
3593e7da-53b5-4e70-77db-3290520e10e3,291aa1c6-c027-45a2-a129-c24ef9759940,2020-12-25,2020-12-26,893.25,0.0801615994696725,0,963.5251555555552,964.2,70.2751555555551,963.5251555555552
3593e7da-53b5-4e70-77db-3290520e10e3,291aa1c6-c027-45a2-a129-c24ef9759940,2020-12-26,2020-12-27,895.54,0.0783919579841178,0,961.0316166666668,893.25,65.4916166666668,961.0316166666668
3593e7da-53b5-4e70-77db-3290520e10e3,291aa1c6-c027-45a2-a129-c24ef9759940,2020-12-27,2020-12-28,834.16,0.1210000002757792,0,960.7827444444448,895.54,126.62274444444472,960.7827444444448
3593e7da-53b5-4e70-77db-3290520e10e3,291aa1c6-c027-45a2-a129-c24ef9759940,2020-12-28,2020-12-29,866.64,0.0975727236041886,0,953.7933222222229,834.16,87.15332222222276,953.7933222222229
3593e7da-53b5-4e70-77db-3290520e10e3,291aa1c6-c027-45a2-a129-c24ef9759940,2020-12-29,2020-12-30,1040.71,0.0907737625402774,0,951.7017944444444,866.64,89.0082055555556,951.7017944444444
3593e7da-53b5-4e70-77db-3290520e10e3,291aa1c6-c027-45a2-a129-c24ef9759940,2020-12-30,2020-12-31,883.46,0.1125929288582491,0,981.97075,1040.71,98.51075000000004,981.97075
3c17a7b3-9aa4-4479-5643-ad4d9250057c,4c4bc7b4-117e-47b3-b4c9-827d0c7ba64a,2020-09-09,2020-09-10,866.32,0.0888075941888119,0,901.718605555556,904.6,35.39860555555606,901.718605555556
3c17a7b3-9aa4-4479-5643-ad4d9250057c,4c4bc7b4-117e-47b3-b4c9-827d0c7ba64a,2020-09-10,2020-09-11,820.69,0.0746395915609371,0,924.2260444444448,866.32,103.53604444444488,924.2260444444448
3c17a7b3-9aa4-4479-5643-ad4d9250057c,4c4bc7b4-117e-47b3-b4c9-827d0c7ba64a,2020-09-11,2020-09-12,873.35,0.0886296570913366,0,884.7142722222225,820.69,11.36427222222244,884.7142722222225
3c17a7b3-9aa4-4479-5643-ad4d9250057c,4c4bc7b4-117e-47b3-b4c9-827d0c7ba64a,2020-09-12,2020-09-13,899.8,0.0565910231627206,0,923.0153833333331,873.35,23.215383333333307,923.0153833333331
3c17a7b3-9aa4-4479-5643-ad4d9250057c,4c4bc7b4-117e-47b3-b4c9-827d0c7ba64a,2020-09-13,2020-09-14,849.4,0.068236627911223,0,938.7948333333334,899.8,89.3948333333334,938.7948333333334
3c17a7b3-9aa4-4479-5643-ad4d9250057c,4c4bc7b4-117e-47b3-b4c9-827d0c7ba64a,2020-09-14,2020-09-15,791.89,0.0514986208522472,0,944.5578166666664,849.4,152.66781666666634,944.5578166666664
3c17a7b3-9aa4-4479-5643-ad4d9250057c,4c4bc7b4-117e-47b3-b4c9-827d0c7ba64a,2020-09-15,2020-09-16,835.41,0.0719911552220957,0,924.024805555555,791.89,88.614805555555,924.024805555555
3c17a7b3-9aa4-4479-5643-ad4d9250057c,4c4bc7b4-117e-47b3-b4c9-827d0c7ba64a,2020-09-16,2020-09-17,986.48,0.0904746849732871,0,929.2765105555552,835.41,57.20348944444481,929.2765105555552
3c17a7b3-9aa4-4479-5643-ad4d9250057c,4c4bc7b4-117e-47b3-b4c9-827d0c7ba64a,2020-09-17,2020-09-18,0.0,0.0499306150711532,0,938.1922966666668,986.48,938.1922966666668,938.1922966666668
3c17a7b3-9aa4-4479-5643-ad4d9250057c,4c4bc7b4-117e-47b3-b4c9-827d0c7ba64a,2020-09-18,2020-09-19,855.87,0.0064669414563855,0,936.7020299999994,0.0,80.83202999999935,936.7020299999994
3c17a7b3-9aa4-4479-5643-ad4d9250057c,4c4bc7b4-117e-47b3-b4c9-827d0c7ba64a,2020-09-19,2020-09-20,985.79,0.0699484415433988,0,902.7384722222224,855.87,83.05152777777766,902.7384722222224
3c17a7b3-9aa4-4479-5643-ad4d9250057c,4c4bc7b4-117e-47b3-b4c9-827d0c7ba64a,2020-09-20,2020-09-21,908.19,0.1144835174446322,0,925.0297027777784,985.79,16.839702777778484,925.0297027777784
3c17a7b3-9aa4-4479-5643-ad4d9250057c,4c4bc7b4-117e-47b3-b4c9-827d0c7ba64a,2020-09-21,2020-09-22,946.44,0.0863348688377132,0,932.2231527777776,908.19,14.216847222222556,932.2231527777776
3c17a7b3-9aa4-4479-5643-ad4d9250057c,4c4bc7b4-117e-47b3-b4c9-827d0c7ba64a,2020-09-22,2020-09-23,881.17,0.0831817221815213,0,931.1046750000008,946.44,49.93467500000088,931.1046750000008
3c17a7b3-9aa4-4479-5643-ad4d9250057c,4c4bc7b4-117e-47b3-b4c9-827d0c7ba64a,2020-09-23,2020-09-24,905.15,0.0908553227724958,0,930.7976938888888,881.17,25.647693888888853,930.7976938888888
3c17a7b3-9aa4-4479-5643-ad4d9250057c,4c4bc7b4-117e-47b3-b4c9-827d0c7ba64a,2020-09-24,2020-09-25,872.84,0.0739216716002615,0,933.1555994444448,905.15,60.31559944444484,933.1555994444448
3c17a7b3-9aa4-4479-5643-ad4d9250057c,4c4bc7b4-117e-47b3-b4c9-827d0c7ba64a,2020-09-25,2020-09-26,829.11,0.0785498248996547,0,921.6291416666672,872.84,92.51914166666722,921.6291416666672
3c17a7b3-9aa4-4479-5643-ad4d9250057c,4c4bc7b4-117e-47b3-b4c9-827d0c7ba64a,2020-09-26,2020-09-27,855.62,0.0565134217418693,0,933.4207388888892,829.11,77.8007388888891,933.4207388888892
3c17a7b3-9aa4-4479-5643-ad4d9250057c,4c4bc7b4-117e-47b3-b4c9-827d0c7ba64a,2020-09-27,2020-09-28,865.65,0.069194631702835,0,938.0597155555556,855.62,72.40971555555575,938.0597155555556
3c17a7b3-9aa4-4479-5643-ad4d9250057c,4c4bc7b4-117e-47b3-b4c9-827d0c7ba64a,2020-09-28,2020-09-29,856.15,0.1109608613986426,0,938.5386499999996,865.65,82.38864999999953,938.5386499999996
3c17a7b3-9aa4-4479-5643-ad4d9250057c,4c4bc7b4-117e-47b3-b4c9-827d0c7ba64a,2020-09-29,2020-09-30,830.2,0.0817523628950787,0,943.8308011111104,856.15,113.63080111111049,943.8308011111104
3c17a7b3-9aa4-4479-5643-ad4d9250057c,4c4bc7b4-117e-47b3-b4c9-827d0c7ba64a,2020-09-30,2020-10-01,846.47,0.1092078509594821,0,928.648385555555,830.2,82.178385555555,928.648385555555
3c17a7b3-9aa4-4479-5643-ad4d9250057c,4c4bc7b4-117e-47b3-b4c9-827d0c7ba64a,2020-10-01,2020-10-02,839.75,0.0700388517722548,0,936.0503855555552,846.47,96.3003855555553,936.0503855555552
3c17a7b3-9aa4-4479-5643-ad4d9250057c,4c4bc7b4-117e-47b3-b4c9-827d0c7ba64a,2020-10-02,2020-10-03,835.78,0.0990942742764474,0,925.364391111111,839.75,89.58439111111102,925.364391111111
3c17a7b3-9aa4-4479-5643-ad4d9250057c,4c4bc7b4-117e-47b3-b4c9-827d0c7ba64a,2020-10-03,2020-10-04,916.66,0.0654263709740263,0,919.7702244444444,835.78,3.110224444444384,919.7702244444444
3c17a7b3-9aa4-4479-5643-ad4d9250057c,4c4bc7b4-117e-47b3-b4c9-827d0c7ba64a,2020-10-04,2020-10-05,866.68,0.0774104022014514,0,926.9022355555564,916.66,60.222235555556495,926.9022355555564
3c17a7b3-9aa4-4479-5643-ad4d9250057c,4c4bc7b4-117e-47b3-b4c9-827d0c7ba64a,2020-10-05,2020-10-06,798.93,0.0951612252628718,0,945.1110522222228,866.68,146.1810522222229,945.1110522222228
3c17a7b3-9aa4-4479-5643-ad4d9250057c,4c4bc7b4-117e-47b3-b4c9-827d0c7ba64a,2020-10-06,2020-10-07,795.1,0.0919119371197723,0,928.2287188888888,798.93,133.12871888888867,928.2287188888888
3c17a7b3-9aa4-4479-5643-ad4d9250057c,4c4bc7b4-117e-47b3-b4c9-827d0c7ba64a,2020-10-07,2020-10-08,835.53,0.0678221460010311,0,914.203377222222,795.1,78.67337722222203,914.203377222222
3c17a7b3-9aa4-4479-5643-ad4d9250057c,4c4bc7b4-117e-47b3-b4c9-827d0c7ba64a,2020-10-08,2020-10-09,812.51,0.0614350433742194,0,921.8607799999994,835.53,109.35077999999942,921.8607799999994
3c17a7b3-9aa4-4479-5643-ad4d9250057c,4c4bc7b4-117e-47b3-b4c9-827d0c7ba64a,2020-10-09,2020-10-10,839.77,0.0788474831521502,0,919.6875188888883,812.51,79.91751888888837,919.6875188888883
3c17a7b3-9aa4-4479-5643-ad4d9250057c,4c4bc7b4-117e-47b3-b4c9-827d0c7ba64a,2020-10-10,2020-10-11,935.94,0.0753924004542598,0,917.3595022222224,839.77,18.58049777777751,917.3595022222224
3c17a7b3-9aa4-4479-5643-ad4d9250057c,4c4bc7b4-117e-47b3-b4c9-827d0c7ba64a,2020-10-11,2020-10-12,0.0,0.0844762958428219,0,938.8032355555556,935.94,938.8032355555556,938.8032355555556
3c17a7b3-9aa4-4479-5643-ad4d9250057c,4c4bc7b4-117e-47b3-b4c9-827d0c7ba64a,2020-10-12,2020-10-13,806.09,0.0032334707281927,0,944.3846772222226,0.0,138.29467722222262,944.3846772222226
3c17a7b3-9aa4-4479-5643-ad4d9250057c,4c4bc7b4-117e-47b3-b4c9-827d0c7ba64a,2020-10-13,2020-10-14,862.33,0.1006693156039235,0,877.1156638888892,806.09,14.78566388888919,877.1156638888892
3c17a7b3-9aa4-4479-5643-ad4d9250057c,4c4bc7b4-117e-47b3-b4c9-827d0c7ba64a,2020-10-14,2020-10-15,813.64,0.073691334399979,0,895.297725,862.33,81.65772500000003,895.297725
3c17a7b3-9aa4-4479-5643-ad4d9250057c,4c4bc7b4-117e-47b3-b4c9-827d0c7ba64a,2020-10-15,2020-10-16,769.17,0.0759526834894342,0,888.5148194444441,813.64,119.34481944444416,888.5148194444441
3c17a7b3-9aa4-4479-5643-ad4d9250057c,4c4bc7b4-117e-47b3-b4c9-827d0c7ba64a,2020-10-16,2020-10-17,831.74,0.065549954525014,0,883.794025,769.17,52.05402500000002,883.794025
3c17a7b3-9aa4-4479-5643-ad4d9250057c,4c4bc7b4-117e-47b3-b4c9-827d0c7ba64a,2020-10-17,2020-10-18,778.34,0.0548605437608044,0,880.9641361111115,831.74,102.62413611111153,880.9641361111115
3c17a7b3-9aa4-4479-5643-ad4d9250057c,4c4bc7b4-117e-47b3-b4c9-827d0c7ba64a,2020-10-18,2020-10-19,805.34,0.0900088837367079,0,891.050347222222,778.34,85.71034722222191,891.050347222222
3c17a7b3-9aa4-4479-5643-ad4d9250057c,4c4bc7b4-117e-47b3-b4c9-827d0c7ba64a,2020-10-19,2020-10-20,857.2,0.1077530527543309,0,857.3469249999996,805.34,0.1469249999995554,857.3469249999996
3c17a7b3-9aa4-4479-5643-ad4d9250057c,4c4bc7b4-117e-47b3-b4c9-827d0c7ba64a,2020-10-20,2020-10-21,783.71,0.0649466592258325,0,913.6397661111106,857.2,129.92976611111055,913.6397661111106
3c17a7b3-9aa4-4479-5643-ad4d9250057c,4c4bc7b4-117e-47b3-b4c9-827d0c7ba64a,2020-10-21,2020-10-22,881.73,0.0762747057495336,0,914.124285555555,783.71,32.39428555555503,914.124285555555
3c17a7b3-9aa4-4479-5643-ad4d9250057c,4c4bc7b4-117e-47b3-b4c9-827d0c7ba64a,2020-10-22,2020-10-23,831.11,0.0586494122057183,0,910.895199444445,881.73,79.78519944444497,910.895199444445
3c17a7b3-9aa4-4479-5643-ad4d9250057c,4c4bc7b4-117e-47b3-b4c9-827d0c7ba64a,2020-10-23,2020-10-24,908.6,0.0638161354058026,0,913.9164911111112,831.11,5.316491111111077,913.9164911111112
3c17a7b3-9aa4-4479-5643-ad4d9250057c,4c4bc7b4-117e-47b3-b4c9-827d0c7ba64a,2020-10-24,2020-10-25,840.43,0.0814928542500162,0,920.8558911111112,908.6,80.42589111111113,920.8558911111112
3c17a7b3-9aa4-4479-5643-ad4d9250057c,4c4bc7b4-117e-47b3-b4c9-827d0c7ba64a,2020-10-25,2020-10-26,831.69,0.06977902400376,0,923.8428300000002,840.43,92.15283000000012,923.8428300000002
3c17a7b3-9aa4-4479-5643-ad4d9250057c,4c4bc7b4-117e-47b3-b4c9-827d0c7ba64a,2020-10-26,2020-10-27,839.72,0.0923200528536414,0,925.7212244444444,831.69,86.00122444444435,925.7212244444444
3c17a7b3-9aa4-4479-5643-ad4d9250057c,4c4bc7b4-117e-47b3-b4c9-827d0c7ba64a,2020-10-27,2020-10-28,859.49,0.0627332667476119,0,925.1026577777776,839.72,65.61265777777749,925.1026577777776
3c17a7b3-9aa4-4479-5643-ad4d9250057c,4c4bc7b4-117e-47b3-b4c9-827d0c7ba64a,2020-10-28,2020-10-29,895.2,0.1165819683713737,0,922.6728188888892,859.49,27.47281888888915,922.6728188888892
3c17a7b3-9aa4-4479-5643-ad4d9250057c,4c4bc7b4-117e-47b3-b4c9-827d0c7ba64a,2020-10-29,2020-10-30,793.01,0.0694543948559765,0,937.8223911111104,895.2,144.8123911111104,937.8223911111104
3c17a7b3-9aa4-4479-5643-ad4d9250057c,4c4bc7b4-117e-47b3-b4c9-827d0c7ba64a,2020-10-30,2020-10-31,834.42,0.0622461175772665,0,924.582435555556,793.01,90.16243555555604,924.582435555556
3c17a7b3-9aa4-4479-5643-ad4d9250057c,4c4bc7b4-117e-47b3-b4c9-827d0c7ba64a,2020-10-31,2020-11-01,829.42,0.0460219426596825,0,925.0567605555558,834.42,95.63676055555584,925.0567605555558
3c17a7b3-9aa4-4479-5643-ad4d9250057c,4c4bc7b4-117e-47b3-b4c9-827d0c7ba64a,2020-11-01,2020-11-02,882.21,0.0748219834444774,0,919.345463333333,829.42,37.13546333333295,919.345463333333
3c17a7b3-9aa4-4479-5643-ad4d9250057c,4c4bc7b4-117e-47b3-b4c9-827d0c7ba64a,2020-11-02,2020-11-03,840.55,0.0753021652945283,0,926.7422133333328,882.21,86.19221333333292,926.7422133333328
3c17a7b3-9aa4-4479-5643-ad4d9250057c,4c4bc7b4-117e-47b3-b4c9-827d0c7ba64a,2020-11-03,2020-11-04,794.49,0.1085087207142426,0,934.2908355555548,840.55,139.80083555555473,934.2908355555548
3c17a7b3-9aa4-4479-5643-ad4d9250057c,4c4bc7b4-117e-47b3-b4c9-827d0c7ba64a,2020-11-04,2020-11-05,831.81,0.0896651317137152,0,918.4558022222218,794.49,86.64580222222185,918.4558022222218
3c17a7b3-9aa4-4479-5643-ad4d9250057c,4c4bc7b4-117e-47b3-b4c9-827d0c7ba64a,2020-11-05,2020-11-06,767.81,0.0957610703009348,0,924.6047744444436,831.81,156.79477444444376,924.6047744444436
3c17a7b3-9aa4-4479-5643-ad4d9250057c,4c4bc7b4-117e-47b3-b4c9-827d0c7ba64a,2020-11-06,2020-11-07,893.56,0.0639359743483072,0,908.6562411111112,767.81,15.096241111111226,908.6562411111112
3c17a7b3-9aa4-4479-5643-ad4d9250057c,4c4bc7b4-117e-47b3-b4c9-827d0c7ba64a,2020-11-07,2020-11-08,800.76,0.1629583945069218,1,0.0,893.56,800.76,893.56
3c17a7b3-9aa4-4479-5643-ad4d9250057c,4c4bc7b4-117e-47b3-b4c9-827d0c7ba64a,2020-11-08,2020-11-09,777.29,0.0810323756161141,0,916.707102222222,800.76,139.41710222222207,916.707102222222
3c17a7b3-9aa4-4479-5643-ad4d9250057c,4c4bc7b4-117e-47b3-b4c9-827d0c7ba64a,2020-11-09,2020-11-10,858.6,0.0917447924270523,0,917.6306022222216,777.29,59.030602222221546,917.6306022222216
3c17a7b3-9aa4-4479-5643-ad4d9250057c,4c4bc7b4-117e-47b3-b4c9-827d0c7ba64a,2020-11-10,2020-11-11,847.1,0.0871735535758865,0,911.5959411111112,858.6,64.49594111111105,911.5959411111112
3c17a7b3-9aa4-4479-5643-ad4d9250057c,4c4bc7b4-117e-47b3-b4c9-827d0c7ba64a,2020-11-11,2020-11-12,906.69,0.088605363275916,0,912.8124077777776,847.1,6.122407777777539,912.8124077777776
3c17a7b3-9aa4-4479-5643-ad4d9250057c,4c4bc7b4-117e-47b3-b4c9-827d0c7ba64a,2020-11-12,2020-11-13,830.34,0.0748564536808301,0,919.7980744444444,906.69,89.45807444444449,919.7980744444444
3c17a7b3-9aa4-4479-5643-ad4d9250057c,4c4bc7b4-117e-47b3-b4c9-827d0c7ba64a,2020-11-13,2020-11-14,843.97,0.0714234876867613,0,922.0088411111108,830.34,78.03884111111074,922.0088411111108
3c17a7b3-9aa4-4479-5643-ad4d9250057c,4c4bc7b4-117e-47b3-b4c9-827d0c7ba64a,2020-11-14,2020-11-15,840.42,0.1114449052198851,0,922.2644411111108,843.97,81.84444111111077,922.2644411111108
3c17a7b3-9aa4-4479-5643-ad4d9250057c,4c4bc7b4-117e-47b3-b4c9-827d0c7ba64a,2020-11-15,2020-11-16,801.47,0.0865341280247528,0,917.7360355555552,840.42,116.26603555555528,917.7360355555552
3c17a7b3-9aa4-4479-5643-ad4d9250057c,4c4bc7b4-117e-47b3-b4c9-827d0c7ba64a,2020-11-16,2020-11-17,810.45,0.0814848649669846,0,921.5864577777776,801.47,111.13645777777764,921.5864577777776
3c17a7b3-9aa4-4479-5643-ad4d9250057c,4c4bc7b4-117e-47b3-b4c9-827d0c7ba64a,2020-11-17,2020-11-18,865.19,0.1009904323875154,0,921.539896666666,810.45,56.34989666666593,921.539896666666
3c17a7b3-9aa4-4479-5643-ad4d9250057c,4c4bc7b4-117e-47b3-b4c9-827d0c7ba64a,2020-11-18,2020-11-19,784.7,0.0844841733117796,0,923.1640244444438,865.19,138.4640244444438,923.1640244444438
3c17a7b3-9aa4-4479-5643-ad4d9250057c,4c4bc7b4-117e-47b3-b4c9-827d0c7ba64a,2020-11-19,2020-11-20,818.25,0.0933376448929149,0,926.1717466666664,784.7,107.92174666666654,926.1717466666664
3c17a7b3-9aa4-4479-5643-ad4d9250057c,4c4bc7b4-117e-47b3-b4c9-827d0c7ba64a,2020-11-20,2020-11-21,729.5,0.0693619712842711,0,906.3405744444444,818.25,176.84057444444431,906.3405744444444
3c17a7b3-9aa4-4479-5643-ad4d9250057c,4c4bc7b4-117e-47b3-b4c9-827d0c7ba64a,2020-11-21,2020-11-22,0.0,0.05960466852707,0,900.746246666666,729.5,900.746246666666,900.746246666666
3c17a7b3-9aa4-4479-5643-ad4d9250057c,4c4bc7b4-117e-47b3-b4c9-827d0c7ba64a,2020-11-22,2020-11-23,840.6,0.0023271350360562,0,876.8214716666665,0.0,36.2214716666665,876.8214716666665
3c17a7b3-9aa4-4479-5643-ad4d9250057c,4c4bc7b4-117e-47b3-b4c9-827d0c7ba64a,2020-11-23,2020-11-24,875.36,0.1001202180107226,0,875.8574472222223,840.6,0.497447222222263,875.8574472222223
3c17a7b3-9aa4-4479-5643-ad4d9250057c,4c4bc7b4-117e-47b3-b4c9-827d0c7ba64a,2020-11-24,2020-11-25,0.0,0.0927114398408261,0,894.2103527777778,875.36,894.2103527777778,894.2103527777778
3c17a7b3-9aa4-4479-5643-ad4d9250057c,4c4bc7b4-117e-47b3-b4c9-827d0c7ba64a,2020-11-25,2020-11-26,770.94,0.0,0,867.714336111111,0.0,96.77433611111098,867.714336111111
3c17a7b3-9aa4-4479-5643-ad4d9250057c,4c4bc7b4-117e-47b3-b4c9-827d0c7ba64a,2020-11-26,2020-11-27,815.86,0.1349496974913116,0,796.3767111111113,770.94,19.48328888888875,796.3767111111113
3c17a7b3-9aa4-4479-5643-ad4d9250057c,4c4bc7b4-117e-47b3-b4c9-827d0c7ba64a,2020-11-27,2020-11-28,926.44,0.1529336583066303,1,0.0,815.86,926.44,815.86
3c17a7b3-9aa4-4479-5643-ad4d9250057c,4c4bc7b4-117e-47b3-b4c9-827d0c7ba64a,2020-11-28,2020-11-29,753.16,0.0884994163721113,0,864.6705944444444,926.44,111.51059444444444,864.6705944444444
3c17a7b3-9aa4-4479-5643-ad4d9250057c,4c4bc7b4-117e-47b3-b4c9-827d0c7ba64a,2020-11-29,2020-11-30,810.75,0.0902403689006194,0,850.9008555555558,753.16,40.15085555555584,850.9008555555558
3c17a7b3-9aa4-4479-5643-ad4d9250057c,4c4bc7b4-117e-47b3-b4c9-827d0c7ba64a,2020-11-30,2020-12-01,739.94,0.0835035451611013,0,876.9048638888889,810.75,136.96486388888889,876.9048638888889
3c17a7b3-9aa4-4479-5643-ad4d9250057c,4c4bc7b4-117e-47b3-b4c9-827d0c7ba64a,2020-12-01,2020-12-02,860.52,0.1062798440181119,0,880.3835416666665,739.94,19.86354166666649,880.3835416666665
3c17a7b3-9aa4-4479-5643-ad4d9250057c,4c4bc7b4-117e-47b3-b4c9-827d0c7ba64a,2020-12-02,2020-12-03,791.69,0.1398298581040555,0,858.9143305555554,860.52,67.2243305555553,858.9143305555554
3c17a7b3-9aa4-4479-5643-ad4d9250057c,4c4bc7b4-117e-47b3-b4c9-827d0c7ba64a,2020-12-03,2020-12-04,834.76,0.0800910899554566,0,908.520427222222,791.69,73.760427222222,908.520427222222
3c17a7b3-9aa4-4479-5643-ad4d9250057c,4c4bc7b4-117e-47b3-b4c9-827d0c7ba64a,2020-12-04,2020-12-05,742.79,0.1348419116210999,0,902.7560577777778,834.76,159.9660577777778,902.7560577777778
3c17a7b3-9aa4-4479-5643-ad4d9250057c,4c4bc7b4-117e-47b3-b4c9-827d0c7ba64a,2020-12-05,2020-12-06,790.38,0.0737129988594089,0,911.3495299999996,742.79,120.96952999999962,911.3495299999996
3c17a7b3-9aa4-4479-5643-ad4d9250057c,4c4bc7b4-117e-47b3-b4c9-827d0c7ba64a,2020-12-06,2020-12-07,718.05,0.073117432342505,0,893.437993888889,790.38,175.387993888889,893.437993888889
3c17a7b3-9aa4-4479-5643-ad4d9250057c,4c4bc7b4-117e-47b3-b4c9-827d0c7ba64a,2020-12-07,2020-12-08,769.44,0.0887017084043662,0,901.970638333333,718.05,132.53063833333294,901.970638333333
3c17a7b3-9aa4-4479-5643-ad4d9250057c,4c4bc7b4-117e-47b3-b4c9-827d0c7ba64a,2020-12-08,2020-12-09,820.66,0.0708810083134335,0,888.8638161111105,769.44,68.20381611111054,888.8638161111105
3c17a7b3-9aa4-4479-5643-ad4d9250057c,4c4bc7b4-117e-47b3-b4c9-827d0c7ba64a,2020-12-09,2020-12-10,751.42,0.0865153382404688,0,902.2507827777772,820.66,150.83078277777724,902.2507827777772
3c17a7b3-9aa4-4479-5643-ad4d9250057c,4c4bc7b4-117e-47b3-b4c9-827d0c7ba64a,2020-12-10,2020-12-11,850.43,0.1153669877102346,0,900.5675383333327,751.42,50.13753833333272,900.5675383333327
3c17a7b3-9aa4-4479-5643-ad4d9250057c,4c4bc7b4-117e-47b3-b4c9-827d0c7ba64a,2020-12-11,2020-12-12,763.04,0.0985298322779048,0,890.2114694444447,850.43,127.17146944444472,890.2114694444447
3c17a7b3-9aa4-4479-5643-ad4d9250057c,4c4bc7b4-117e-47b3-b4c9-827d0c7ba64a,2020-12-12,2020-12-13,775.14,0.061148938981877,0,894.4419472222222,763.04,119.30194722222222,894.4419472222222
3c17a7b3-9aa4-4479-5643-ad4d9250057c,4c4bc7b4-117e-47b3-b4c9-827d0c7ba64a,2020-12-13,2020-12-14,751.0,0.0985535209405184,0,895.1041327777781,775.14,144.1041327777781,895.1041327777781
3c17a7b3-9aa4-4479-5643-ad4d9250057c,4c4bc7b4-117e-47b3-b4c9-827d0c7ba64a,2020-12-14,2020-12-15,862.43,0.1003963315940584,0,886.2169883333332,751.0,23.786988333333284,886.2169883333332
3c17a7b3-9aa4-4479-5643-ad4d9250057c,4c4bc7b4-117e-47b3-b4c9-827d0c7ba64a,2020-12-15,2020-12-16,712.34,0.0765409559335207,0,903.7999994444442,862.43,191.45999944444415,903.7999994444442
3c17a7b3-9aa4-4479-5643-ad4d9250057c,4c4bc7b4-117e-47b3-b4c9-827d0c7ba64a,2020-12-16,2020-12-17,800.04,0.0558765126969395,0,894.085460555555,712.34,94.045460555555,894.085460555555
3c17a7b3-9aa4-4479-5643-ad4d9250057c,4c4bc7b4-117e-47b3-b4c9-827d0c7ba64a,2020-12-17,2020-12-18,780.35,0.0985713721318031,0,883.6210883333332,800.04,103.27108833333318,883.6210883333332
3c17a7b3-9aa4-4479-5643-ad4d9250057c,4c4bc7b4-117e-47b3-b4c9-827d0c7ba64a,2020-12-18,2020-12-19,853.78,0.0834052899010778,0,899.3433772222222,780.35,45.56337722222224,899.3433772222222
3c17a7b3-9aa4-4479-5643-ad4d9250057c,4c4bc7b4-117e-47b3-b4c9-827d0c7ba64a,2020-12-19,2020-12-20,768.04,0.0924109560981353,0,897.7775438888887,853.78,129.7375438888887,897.7775438888887
3c17a7b3-9aa4-4479-5643-ad4d9250057c,4c4bc7b4-117e-47b3-b4c9-827d0c7ba64a,2020-12-20,2020-12-21,775.99,0.0797843829454568,0,903.5741716666668,768.04,127.58417166666676,903.5741716666668
3c17a7b3-9aa4-4479-5643-ad4d9250057c,4c4bc7b4-117e-47b3-b4c9-827d0c7ba64a,2020-12-21,2020-12-22,763.03,0.0813287643840128,0,898.229738333333,775.99,135.19973833333302,898.229738333333
3c17a7b3-9aa4-4479-5643-ad4d9250057c,4c4bc7b4-117e-47b3-b4c9-827d0c7ba64a,2020-12-22,2020-12-23,784.38,0.1088977950250088,0,909.8597272222216,763.03,125.47972722222153,909.8597272222216
3c17a7b3-9aa4-4479-5643-ad4d9250057c,4c4bc7b4-117e-47b3-b4c9-827d0c7ba64a,2020-12-23,2020-12-24,809.07,0.1005173691993759,0,886.632193888889,784.38,77.56219388888894,886.632193888889
3c17a7b3-9aa4-4479-5643-ad4d9250057c,4c4bc7b4-117e-47b3-b4c9-827d0c7ba64a,2020-12-24,2020-12-25,777.31,0.0622721386319228,0,897.2342994444439,809.07,119.92429944444392,897.2342994444439
3c17a7b3-9aa4-4479-5643-ad4d9250057c,4c4bc7b4-117e-47b3-b4c9-827d0c7ba64a,2020-12-25,2020-12-26,742.15,0.109240391030223,0,907.5581549999996,777.31,165.40815499999974,907.5581549999996
3c17a7b3-9aa4-4479-5643-ad4d9250057c,4c4bc7b4-117e-47b3-b4c9-827d0c7ba64a,2020-12-26,2020-12-27,762.57,0.1127543578662867,0,890.1058772222218,742.15,127.53587722222176,890.1058772222218
3c17a7b3-9aa4-4479-5643-ad4d9250057c,4c4bc7b4-117e-47b3-b4c9-827d0c7ba64a,2020-12-27,2020-12-28,798.44,0.0793178623518042,0,888.1248750000001,762.57,89.68487500000003,888.1248750000001
3c17a7b3-9aa4-4479-5643-ad4d9250057c,4c4bc7b4-117e-47b3-b4c9-827d0c7ba64a,2020-12-28,2020-12-29,803.52,0.0682894828852406,0,892.7448916666667,798.44,89.22489166666674,892.7448916666667
3c17a7b3-9aa4-4479-5643-ad4d9250057c,4c4bc7b4-117e-47b3-b4c9-827d0c7ba64a,2020-12-29,2020-12-30,849.1,0.1239283390541176,0,905.2345583333332,803.52,56.13455833333308,905.2345583333332
3c17a7b3-9aa4-4479-5643-ad4d9250057c,4c4bc7b4-117e-47b3-b4c9-827d0c7ba64a,2020-12-30,2020-12-31,758.2,0.0959779880725064,0,906.0737105555556,849.1,147.8737105555556,906.0737105555556
42d15a2a-ba40-45c3-2cfd-c3ea22d4c244,291aa1c6-c027-45a2-a129-c24ef9759940,2020-08-23,2020-08-24,284.7,0.1430917134318965,0,284.71856111111094,286.52,0.0185611111109551,284.71856111111094
42d15a2a-ba40-45c3-2cfd-c3ea22d4c244,291aa1c6-c027-45a2-a129-c24ef9759940,2020-08-24,2020-08-25,311.49,0.0399492363901746,0,290.385288888889,284.7,21.104711111110987,290.385288888889
42d15a2a-ba40-45c3-2cfd-c3ea22d4c244,291aa1c6-c027-45a2-a129-c24ef9759940,2020-08-25,2020-08-26,324.03,0.0757235093599003,0,293.69798888888886,311.49,30.332011111111115,293.69798888888886
42d15a2a-ba40-45c3-2cfd-c3ea22d4c244,291aa1c6-c027-45a2-a129-c24ef9759940,2020-08-26,2020-08-27,300.63,0.0699250903918377,0,296.1957055555555,324.03,4.434294444444504,296.1957055555555
42d15a2a-ba40-45c3-2cfd-c3ea22d4c244,291aa1c6-c027-45a2-a129-c24ef9759940,2020-08-27,2020-08-28,311.74,0.1115420839975438,0,301.5376333333333,300.63,10.202366666666704,301.5376333333333
42d15a2a-ba40-45c3-2cfd-c3ea22d4c244,291aa1c6-c027-45a2-a129-c24ef9759940,2020-08-28,2020-08-29,265.64,0.1683831943111165,1,0.0,311.74,265.64,311.74
42d15a2a-ba40-45c3-2cfd-c3ea22d4c244,291aa1c6-c027-45a2-a129-c24ef9759940,2020-08-29,2020-08-30,280.62,0.0823333607683579,0,291.6372555555556,265.64,11.017255555555607,291.6372555555556
42d15a2a-ba40-45c3-2cfd-c3ea22d4c244,291aa1c6-c027-45a2-a129-c24ef9759940,2020-08-30,2020-08-31,273.85,0.1203673720734686,0,292.0857833333332,280.62,18.23578333333319,292.0857833333332
42d15a2a-ba40-45c3-2cfd-c3ea22d4c244,291aa1c6-c027-45a2-a129-c24ef9759940,2020-08-31,2020-09-01,295.33,0.0519955065072082,0,292.9592388888888,273.85,2.370761111111221,292.9592388888888
42d15a2a-ba40-45c3-2cfd-c3ea22d4c244,291aa1c6-c027-45a2-a129-c24ef9759940,2020-09-01,2020-09-02,302.85,0.0680772228479899,0,292.83780555555546,295.33,10.01219444444456,292.83780555555546
42d15a2a-ba40-45c3-2cfd-c3ea22d4c244,291aa1c6-c027-45a2-a129-c24ef9759940,2020-09-02,2020-09-03,0.0,0.1172932543682257,0,293.72296111111126,302.85,293.72296111111126,293.72296111111126
42d15a2a-ba40-45c3-2cfd-c3ea22d4c244,291aa1c6-c027-45a2-a129-c24ef9759940,2020-09-03,2020-09-04,280.68,0.0069068253455815,0,300.74497777777765,0.0,20.06497777777764,300.74497777777765
42d15a2a-ba40-45c3-2cfd-c3ea22d4c244,291aa1c6-c027-45a2-a129-c24ef9759940,2020-09-04,2020-09-05,285.8,0.0535362029589062,0,288.1946888888888,280.68,2.3946888888887656,288.1946888888888
42d15a2a-ba40-45c3-2cfd-c3ea22d4c244,291aa1c6-c027-45a2-a129-c24ef9759940,2020-09-05,2020-09-06,273.76,0.066663048555414,0,286.7020944444444,285.8,12.942094444444422,286.7020944444444
42d15a2a-ba40-45c3-2cfd-c3ea22d4c244,291aa1c6-c027-45a2-a129-c24ef9759940,2020-09-06,2020-09-07,261.15,0.0781179557812904,0,283.2408722222221,273.76,22.09087222222212,283.2408722222221
42d15a2a-ba40-45c3-2cfd-c3ea22d4c244,291aa1c6-c027-45a2-a129-c24ef9759940,2020-09-07,2020-09-08,297.87,0.0739209086254137,0,280.0070166666665,261.15,17.86298333333349,280.0070166666665
42d15a2a-ba40-45c3-2cfd-c3ea22d4c244,291aa1c6-c027-45a2-a129-c24ef9759940,2020-09-08,2020-09-09,276.28,0.0854825986059938,0,289.3173555555556,297.87,13.03735555555562,289.3173555555556
42d15a2a-ba40-45c3-2cfd-c3ea22d4c244,291aa1c6-c027-45a2-a129-c24ef9759940,2020-09-09,2020-09-10,279.55,0.128163199252813,0,292.7619166666669,276.28,13.211916666666866,292.7619166666669
42d15a2a-ba40-45c3-2cfd-c3ea22d4c244,291aa1c6-c027-45a2-a129-c24ef9759940,2020-09-10,2020-09-11,292.66,0.1015139324930163,0,286.30709444444415,279.55,6.352905555555878,286.30709444444415
42d15a2a-ba40-45c3-2cfd-c3ea22d4c244,291aa1c6-c027-45a2-a129-c24ef9759940,2020-09-11,2020-09-12,268.01,0.0755391027856676,0,289.23324999999994,292.66,21.22324999999995,289.23324999999994
42d15a2a-ba40-45c3-2cfd-c3ea22d4c244,291aa1c6-c027-45a2-a129-c24ef9759940,2020-09-12,2020-09-13,309.96,0.0872398706076177,0,290.81709444444454,268.01,19.142905555555444,290.81709444444454
42d15a2a-ba40-45c3-2cfd-c3ea22d4c244,291aa1c6-c027-45a2-a129-c24ef9759940,2020-09-13,2020-09-14,289.05,0.1544415528548925,1,0.0,309.96,289.05,309.96
42d15a2a-ba40-45c3-2cfd-c3ea22d4c244,291aa1c6-c027-45a2-a129-c24ef9759940,2020-09-14,2020-09-15,272.22,0.0782311944393662,0,287.43949444444456,289.05,15.219494444444535,287.43949444444456
42d15a2a-ba40-45c3-2cfd-c3ea22d4c244,291aa1c6-c027-45a2-a129-c24ef9759940,2020-09-15,2020-09-16,298.12,0.0933468795434966,0,290.6557277777777,272.22,7.4642722222222915,290.6557277777777
42d15a2a-ba40-45c3-2cfd-c3ea22d4c244,291aa1c6-c027-45a2-a129-c24ef9759940,2020-09-16,2020-09-17,305.23,0.0954801877646639,0,294.5977111111109,298.12,10.632288888889091,294.5977111111109
42d15a2a-ba40-45c3-2cfd-c3ea22d4c244,291aa1c6-c027-45a2-a129-c24ef9759940,2020-09-17,2020-09-18,257.21,0.1177662263829517,0,290.42642222222247,305.23,33.21642222222249,290.42642222222247
42d15a2a-ba40-45c3-2cfd-c3ea22d4c244,291aa1c6-c027-45a2-a129-c24ef9759940,2020-09-18,2020-09-19,238.49,0.089254041878513,0,291.0937222222222,257.21,52.60372222222219,291.0937222222222
42d15a2a-ba40-45c3-2cfd-c3ea22d4c244,291aa1c6-c027-45a2-a129-c24ef9759940,2020-09-19,2020-09-20,277.7,0.10262157464103,0,282.4411166666667,238.49,4.741116666666699,282.4411166666667
42d15a2a-ba40-45c3-2cfd-c3ea22d4c244,291aa1c6-c027-45a2-a129-c24ef9759940,2020-09-20,2020-09-21,280.64,0.0838419847163585,0,286.44008888888874,277.7,5.800088888888752,286.44008888888874
42d15a2a-ba40-45c3-2cfd-c3ea22d4c244,291aa1c6-c027-45a2-a129-c24ef9759940,2020-09-21,2020-09-22,283.77,0.0551311141994426,0,295.42409444444434,280.64,11.654094444444354,295.42409444444434
42d15a2a-ba40-45c3-2cfd-c3ea22d4c244,291aa1c6-c027-45a2-a129-c24ef9759940,2020-09-22,2020-09-23,301.98,0.1162309419460628,0,294.5225666666667,283.77,7.457433333333313,294.5225666666667
42d15a2a-ba40-45c3-2cfd-c3ea22d4c244,291aa1c6-c027-45a2-a129-c24ef9759940,2020-09-23,2020-09-24,283.72,0.08717046094301,0,293.7494111111112,301.98,10.029411111111187,293.7494111111112
42d15a2a-ba40-45c3-2cfd-c3ea22d4c244,291aa1c6-c027-45a2-a129-c24ef9759940,2020-09-24,2020-09-25,276.23,0.1117927003051454,0,293.3936611111112,283.72,17.163661111111196,293.3936611111112
42d15a2a-ba40-45c3-2cfd-c3ea22d4c244,291aa1c6-c027-45a2-a129-c24ef9759940,2020-09-25,2020-09-26,291.7,0.1064702520207454,0,285.28407222222233,276.23,6.415927777777654,285.28407222222233
42d15a2a-ba40-45c3-2cfd-c3ea22d4c244,291aa1c6-c027-45a2-a129-c24ef9759940,2020-09-26,2020-09-27,300.2,0.0812765081406778,0,283.22732222222214,291.7,16.972677777777847,283.22732222222214
42d15a2a-ba40-45c3-2cfd-c3ea22d4c244,291aa1c6-c027-45a2-a129-c24ef9759940,2020-09-27,2020-09-28,255.48,0.070700615934331,0,286.86266111111127,300.2,31.382661111111275,286.86266111111127
42d15a2a-ba40-45c3-2cfd-c3ea22d4c244,291aa1c6-c027-45a2-a129-c24ef9759940,2020-09-28,2020-09-29,296.29,0.0941656661524584,0,292.9672666666669,255.48,3.322733333333133,292.9672666666669
42d15a2a-ba40-45c3-2cfd-c3ea22d4c244,291aa1c6-c027-45a2-a129-c24ef9759940,2020-09-29,2020-09-30,273.6,0.0699834045141265,0,293.98024444444434,296.29,20.380244444444315,293.98024444444434
42d15a2a-ba40-45c3-2cfd-c3ea22d4c244,291aa1c6-c027-45a2-a129-c24ef9759940,2020-09-30,2020-10-01,293.58,0.0892022486540326,0,292.66970555555594,273.6,0.9102944444440482,292.66970555555594
42d15a2a-ba40-45c3-2cfd-c3ea22d4c244,291aa1c6-c027-45a2-a129-c24ef9759940,2020-10-01,2020-10-02,266.27,0.0742597966550719,0,292.35575000000006,293.58,26.085750000000075,292.35575000000006
42d15a2a-ba40-45c3-2cfd-c3ea22d4c244,291aa1c6-c027-45a2-a129-c24ef9759940,2020-10-02,2020-10-03,265.38,0.1249249897698818,0,289.8664333333332,266.27,24.4864333333332,289.8664333333332
42d15a2a-ba40-45c3-2cfd-c3ea22d4c244,291aa1c6-c027-45a2-a129-c24ef9759940,2020-10-03,2020-10-04,288.09,0.1022998454528485,0,290.3434777777777,265.38,2.253477777777732,290.3434777777777
42d15a2a-ba40-45c3-2cfd-c3ea22d4c244,291aa1c6-c027-45a2-a129-c24ef9759940,2020-10-04,2020-10-05,293.25,0.0465612090334928,0,288.5163944444445,288.09,4.733605555555528,288.5163944444445
42d15a2a-ba40-45c3-2cfd-c3ea22d4c244,291aa1c6-c027-45a2-a129-c24ef9759940,2020-10-05,2020-10-06,297.66,0.1055637612899138,0,293.98913333333326,293.25,3.670866666666768,293.98913333333326
42d15a2a-ba40-45c3-2cfd-c3ea22d4c244,291aa1c6-c027-45a2-a129-c24ef9759940,2020-10-06,2020-10-07,256.2,0.1112958303013111,0,292.2651833333335,297.66,36.06518333333349,292.2651833333335
42d15a2a-ba40-45c3-2cfd-c3ea22d4c244,291aa1c6-c027-45a2-a129-c24ef9759940,2020-10-07,2020-10-08,281.44,0.1167475711089977,0,295.36107777777784,256.2,13.92107777777784,295.36107777777784
42d15a2a-ba40-45c3-2cfd-c3ea22d4c244,291aa1c6-c027-45a2-a129-c24ef9759940,2020-10-08,2020-10-09,287.92,0.0524015060095248,0,288.6340611111109,281.44,0.7140611111109365,288.6340611111109
42d15a2a-ba40-45c3-2cfd-c3ea22d4c244,291aa1c6-c027-45a2-a129-c24ef9759940,2020-10-09,2020-10-10,254.92,0.1161153133040078,0,289.79312222222217,287.92,34.87312222222218,289.79312222222217
42d15a2a-ba40-45c3-2cfd-c3ea22d4c244,291aa1c6-c027-45a2-a129-c24ef9759940,2020-10-10,2020-10-11,253.91,0.101353132374731,0,287.18629999999973,254.92,33.276299999999736,287.18629999999973
42d15a2a-ba40-45c3-2cfd-c3ea22d4c244,291aa1c6-c027-45a2-a129-c24ef9759940,2020-10-11,2020-10-12,279.02,0.0743249789441283,0,285.1167055555556,253.91,6.096705555555616,285.1167055555556
42d15a2a-ba40-45c3-2cfd-c3ea22d4c244,291aa1c6-c027-45a2-a129-c24ef9759940,2020-10-12,2020-10-13,277.38,0.0649206091246618,0,286.3106555555557,279.02,8.930655555555688,286.3106555555557
42d15a2a-ba40-45c3-2cfd-c3ea22d4c244,291aa1c6-c027-45a2-a129-c24ef9759940,2020-10-13,2020-10-14,278.36,0.0711918797478384,0,291.3012666666665,277.38,12.941266666666536,291.3012666666665
42d15a2a-ba40-45c3-2cfd-c3ea22d4c244,291aa1c6-c027-45a2-a129-c24ef9759940,2020-10-14,2020-10-15,268.21,0.1266907644343189,0,289.93102777777784,278.36,21.721027777777863,289.93102777777784
42d15a2a-ba40-45c3-2cfd-c3ea22d4c244,291aa1c6-c027-45a2-a129-c24ef9759940,2020-10-15,2020-10-16,266.66,0.0858538409192867,0,285.98422777777773,268.21,19.324227777777708,285.98422777777773
42d15a2a-ba40-45c3-2cfd-c3ea22d4c244,291aa1c6-c027-45a2-a129-c24ef9759940,2020-10-16,2020-10-17,300.57,0.0954057273261112,0,287.4132111111109,266.66,13.156788888889082,287.4132111111109
42d15a2a-ba40-45c3-2cfd-c3ea22d4c244,291aa1c6-c027-45a2-a129-c24ef9759940,2020-10-17,2020-10-18,268.19,0.0832160616739379,0,284.94457222222223,300.57,16.754572222222237,284.94457222222223
42d15a2a-ba40-45c3-2cfd-c3ea22d4c244,291aa1c6-c027-45a2-a129-c24ef9759940,2020-10-18,2020-10-19,275.93,0.0813778355567323,0,284.1558166666665,268.19,8.225816666666503,284.1558166666665
42d15a2a-ba40-45c3-2cfd-c3ea22d4c244,291aa1c6-c027-45a2-a129-c24ef9759940,2020-10-19,2020-10-20,258.5,0.0969479034989975,0,291.4222027777776,275.93,32.92220277777756,291.4222027777776
42d15a2a-ba40-45c3-2cfd-c3ea22d4c244,291aa1c6-c027-45a2-a129-c24ef9759940,2020-10-20,2020-10-21,287.03,0.0712263027124684,0,291.1977861111112,258.5,4.167786111111184,291.1977861111112
42d15a2a-ba40-45c3-2cfd-c3ea22d4c244,291aa1c6-c027-45a2-a129-c24ef9759940,2020-10-21,2020-10-22,272.54,0.1174522347230271,0,289.12654444444456,287.03,16.58654444444454,289.12654444444456
42d15a2a-ba40-45c3-2cfd-c3ea22d4c244,291aa1c6-c027-45a2-a129-c24ef9759940,2020-10-22,2020-10-23,280.09,0.0687299277851831,0,286.06086666666664,272.54,5.970866666666666,286.06086666666664
42d15a2a-ba40-45c3-2cfd-c3ea22d4c244,291aa1c6-c027-45a2-a129-c24ef9759940,2020-10-23,2020-10-24,292.95,0.0425468658075199,0,282.6048444444444,280.09,10.345155555555609,282.6048444444444
42d15a2a-ba40-45c3-2cfd-c3ea22d4c244,291aa1c6-c027-45a2-a129-c24ef9759940,2020-10-24,2020-10-25,271.24,0.1619155572855574,1,0.0,292.95,271.24,292.95
42d15a2a-ba40-45c3-2cfd-c3ea22d4c244,291aa1c6-c027-45a2-a129-c24ef9759940,2020-10-25,2020-10-26,308.14,0.1077569402997394,0,287.7173833333332,271.24,20.422616666666784,287.7173833333332
42d15a2a-ba40-45c3-2cfd-c3ea22d4c244,291aa1c6-c027-45a2-a129-c24ef9759940,2020-10-26,2020-10-27,292.07,0.0815881689547432,0,292.9032166666668,308.14,0.8332166666668286,292.9032166666668
42d15a2a-ba40-45c3-2cfd-c3ea22d4c244,291aa1c6-c027-45a2-a129-c24ef9759940,2020-10-27,2020-10-28,270.32,0.105086630875293,0,288.3517722222223,292.07,18.031772222222287,288.3517722222223
42d15a2a-ba40-45c3-2cfd-c3ea22d4c244,291aa1c6-c027-45a2-a129-c24ef9759940,2020-10-28,2020-10-29,262.06,0.0739344918946789,0,289.2842611111111,270.32,27.224261111111105,289.2842611111111
42d15a2a-ba40-45c3-2cfd-c3ea22d4c244,291aa1c6-c027-45a2-a129-c24ef9759940,2020-10-29,2020-10-30,257.06,0.0855583643484778,0,286.4048555555556,262.06,29.34485555555557,286.4048555555556
42d15a2a-ba40-45c3-2cfd-c3ea22d4c244,291aa1c6-c027-45a2-a129-c24ef9759940,2020-10-30,2020-10-31,261.9,0.0985920605154337,0,285.9387944444445,257.06,24.03879444444453,285.9387944444445
42d15a2a-ba40-45c3-2cfd-c3ea22d4c244,291aa1c6-c027-45a2-a129-c24ef9759940,2020-10-31,2020-11-01,250.84,0.0691132108301797,0,284.04881111111104,261.9,33.20881111111103,284.04881111111104
42d15a2a-ba40-45c3-2cfd-c3ea22d4c244,291aa1c6-c027-45a2-a129-c24ef9759940,2020-11-01,2020-11-02,283.19,0.1180946727563193,0,286.40804444444456,250.84,3.2180444444445584,286.40804444444456
42d15a2a-ba40-45c3-2cfd-c3ea22d4c244,291aa1c6-c027-45a2-a129-c24ef9759940,2020-11-02,2020-11-03,279.04,0.0650189713513341,0,288.95925000000005,283.19,9.919250000000034,288.95925000000005
42d15a2a-ba40-45c3-2cfd-c3ea22d4c244,291aa1c6-c027-45a2-a129-c24ef9759940,2020-11-03,2020-11-04,270.38,0.0993824664475119,0,295.2891,279.04,24.909100000000024,295.2891
42d15a2a-ba40-45c3-2cfd-c3ea22d4c244,291aa1c6-c027-45a2-a129-c24ef9759940,2020-11-04,2020-11-05,280.55,0.1160222975053724,0,286.7809333333331,270.38,6.230933333333098,286.7809333333331
42d15a2a-ba40-45c3-2cfd-c3ea22d4c244,291aa1c6-c027-45a2-a129-c24ef9759940,2020-11-05,2020-11-06,267.81,0.0903971274359734,0,287.50143888888897,280.55,19.691438888888968,287.50143888888897
42d15a2a-ba40-45c3-2cfd-c3ea22d4c244,291aa1c6-c027-45a2-a129-c24ef9759940,2020-11-06,2020-11-07,263.06,0.0925175174107108,0,286.41827222222247,267.81,23.358272222222467,286.41827222222247
42d15a2a-ba40-45c3-2cfd-c3ea22d4c244,291aa1c6-c027-45a2-a129-c24ef9759940,2020-11-07,2020-11-08,278.58,0.0957152964831741,0,279.0348444444444,263.06,0.4548444444444044,279.0348444444444
42d15a2a-ba40-45c3-2cfd-c3ea22d4c244,291aa1c6-c027-45a2-a129-c24ef9759940,2020-11-08,2020-11-09,261.66,0.1260193426517141,0,284.91000555555576,278.58,23.25000555555573,284.91000555555576
42d15a2a-ba40-45c3-2cfd-c3ea22d4c244,291aa1c6-c027-45a2-a129-c24ef9759940,2020-11-09,2020-11-10,283.43,0.0741030441740655,0,284.03093888888884,261.66,0.6009388888888338,284.03093888888884
42d15a2a-ba40-45c3-2cfd-c3ea22d4c244,291aa1c6-c027-45a2-a129-c24ef9759940,2020-11-10,2020-11-11,269.82,0.0815469728711875,0,287.4886222222222,283.43,17.66862222222221,287.4886222222222
42d15a2a-ba40-45c3-2cfd-c3ea22d4c244,291aa1c6-c027-45a2-a129-c24ef9759940,2020-11-11,2020-11-12,298.7,0.1166401308181521,0,287.3379444444443,269.82,11.362055555555685,287.3379444444443
42d15a2a-ba40-45c3-2cfd-c3ea22d4c244,291aa1c6-c027-45a2-a129-c24ef9759940,2020-11-12,2020-11-13,271.68,0.132108950010966,0,289.2453722222225,298.7,17.565372222222493,289.2453722222225
42d15a2a-ba40-45c3-2cfd-c3ea22d4c244,291aa1c6-c027-45a2-a129-c24ef9759940,2020-11-13,2020-11-14,254.71,0.0543636581211959,0,285.18705555555533,271.68,30.477055555555324,285.18705555555533
42d15a2a-ba40-45c3-2cfd-c3ea22d4c244,291aa1c6-c027-45a2-a129-c24ef9759940,2020-11-14,2020-11-15,269.48,0.1323922913158445,0,278.43507777777785,254.71,8.95507777777783,278.43507777777785
42d15a2a-ba40-45c3-2cfd-c3ea22d4c244,291aa1c6-c027-45a2-a129-c24ef9759940,2020-11-15,2020-11-16,271.18,0.0882760783701095,0,279.8144222222223,269.48,8.63442222222227,279.8144222222223
42d15a2a-ba40-45c3-2cfd-c3ea22d4c244,291aa1c6-c027-45a2-a129-c24ef9759940,2020-11-16,2020-11-17,264.73,0.0868468867213538,0,282.1545500000001,271.18,17.424550000000067,282.1545500000001
42d15a2a-ba40-45c3-2cfd-c3ea22d4c244,291aa1c6-c027-45a2-a129-c24ef9759940,2020-11-17,2020-11-18,277.04,0.1251239661888949,0,284.8639666666666,264.73,7.823966666666593,284.8639666666666
42d15a2a-ba40-45c3-2cfd-c3ea22d4c244,291aa1c6-c027-45a2-a129-c24ef9759940,2020-11-18,2020-11-19,283.03,0.1293414114030268,0,287.5900666666666,277.04,4.560066666666614,287.5900666666666
42d15a2a-ba40-45c3-2cfd-c3ea22d4c244,291aa1c6-c027-45a2-a129-c24ef9759940,2020-11-19,2020-11-20,268.21,0.0795558235107988,0,288.7908833333332,283.03,20.580883333333247,288.7908833333332
42d15a2a-ba40-45c3-2cfd-c3ea22d4c244,291aa1c6-c027-45a2-a129-c24ef9759940,2020-11-20,2020-11-21,277.84,0.0856308254785704,0,283.067333333333,268.21,5.227333333333036,283.067333333333
42d15a2a-ba40-45c3-2cfd-c3ea22d4c244,291aa1c6-c027-45a2-a129-c24ef9759940,2020-11-21,2020-11-22,266.84,0.085683653860919,0,282.3321944444444,277.84,15.492194444444408,282.3321944444444
42d15a2a-ba40-45c3-2cfd-c3ea22d4c244,291aa1c6-c027-45a2-a129-c24ef9759940,2020-11-22,2020-11-23,256.18,0.0802620115123329,0,280.9589499999996,266.84,24.77894999999961,280.9589499999996
42d15a2a-ba40-45c3-2cfd-c3ea22d4c244,291aa1c6-c027-45a2-a129-c24ef9759940,2020-11-23,2020-11-24,241.01,0.0463458533527375,0,283.47334444444414,256.18,42.46334444444415,283.47334444444414
42d15a2a-ba40-45c3-2cfd-c3ea22d4c244,291aa1c6-c027-45a2-a129-c24ef9759940,2020-11-24,2020-11-25,287.37,0.0722742322057127,0,275.4400333333332,241.01,11.929966666666814,275.4400333333332
42d15a2a-ba40-45c3-2cfd-c3ea22d4c244,291aa1c6-c027-45a2-a129-c24ef9759940,2020-11-25,2020-11-26,286.87,0.0573280687460835,0,287.8041888888887,287.37,0.9341888888886842,287.8041888888887
42d15a2a-ba40-45c3-2cfd-c3ea22d4c244,291aa1c6-c027-45a2-a129-c24ef9759940,2020-11-26,2020-11-27,252.07,0.0757663762980979,0,296.6792055555556,286.87,44.6092055555556,296.6792055555556
42d15a2a-ba40-45c3-2cfd-c3ea22d4c244,291aa1c6-c027-45a2-a129-c24ef9759940,2020-11-27,2020-11-28,242.43,0.0883216552127434,0,285.7188277777776,252.07,43.28882777777756,285.7188277777776
42d15a2a-ba40-45c3-2cfd-c3ea22d4c244,291aa1c6-c027-45a2-a129-c24ef9759940,2020-11-28,2020-11-29,259.81,0.0990826516314644,0,280.4535555555556,242.43,20.643555555555626,280.4535555555556
42d15a2a-ba40-45c3-2cfd-c3ea22d4c244,291aa1c6-c027-45a2-a129-c24ef9759940,2020-11-29,2020-11-30,261.74,0.0693185346067049,0,274.00738888888856,259.81,12.267388888888547,274.00738888888856
42d15a2a-ba40-45c3-2cfd-c3ea22d4c244,291aa1c6-c027-45a2-a129-c24ef9759940,2020-11-30,2020-12-01,248.08,0.0785613983007927,0,274.8499500000001,261.74,26.76995000000008,274.8499500000001
42d15a2a-ba40-45c3-2cfd-c3ea22d4c244,291aa1c6-c027-45a2-a129-c24ef9759940,2020-12-01,2020-12-02,257.74,0.078929691332052,0,272.7993055555554,248.08,15.059305555555396,272.7993055555554
42d15a2a-ba40-45c3-2cfd-c3ea22d4c244,291aa1c6-c027-45a2-a129-c24ef9759940,2020-12-02,2020-12-03,281.3,0.1344262742936599,0,283.68425,257.74,2.3842500000000086,283.68425
42d15a2a-ba40-45c3-2cfd-c3ea22d4c244,291aa1c6-c027-45a2-a129-c24ef9759940,2020-12-03,2020-12-04,263.72,0.1027446637638124,0,286.6936277777778,281.3,22.97362777777778,286.6936277777778
42d15a2a-ba40-45c3-2cfd-c3ea22d4c244,291aa1c6-c027-45a2-a129-c24ef9759940,2020-12-04,2020-12-05,252.46,0.1020408791434405,0,278.2141055555555,263.72,25.75410555555547,278.2141055555555
42d15a2a-ba40-45c3-2cfd-c3ea22d4c244,291aa1c6-c027-45a2-a129-c24ef9759940,2020-12-05,2020-12-06,268.4,0.0788543463212383,0,271.5585999999996,252.46,3.158599999999637,271.5585999999996
42d15a2a-ba40-45c3-2cfd-c3ea22d4c244,291aa1c6-c027-45a2-a129-c24ef9759940,2020-12-06,2020-12-07,257.31,0.0643205802735493,0,275.1602611111109,268.4,17.85026111111091,275.1602611111109
42d15a2a-ba40-45c3-2cfd-c3ea22d4c244,291aa1c6-c027-45a2-a129-c24ef9759940,2020-12-07,2020-12-08,249.3,0.0982043794436265,0,278.6706999999999,257.31,29.37069999999989,278.6706999999999
42d15a2a-ba40-45c3-2cfd-c3ea22d4c244,291aa1c6-c027-45a2-a129-c24ef9759940,2020-12-08,2020-12-09,241.05,0.1203098623270324,0,273.0203166666664,249.3,31.97031666666635,273.0203166666664
42d15a2a-ba40-45c3-2cfd-c3ea22d4c244,291aa1c6-c027-45a2-a129-c24ef9759940,2020-12-09,2020-12-10,269.36,0.0721984096683087,0,270.50167222222194,241.05,1.1416722222219278,270.50167222222194
42d15a2a-ba40-45c3-2cfd-c3ea22d4c244,291aa1c6-c027-45a2-a129-c24ef9759940,2020-12-10,2020-12-11,243.67,0.0728824625529369,0,278.13745555555533,269.36,34.46745555555535,278.13745555555533
42d15a2a-ba40-45c3-2cfd-c3ea22d4c244,291aa1c6-c027-45a2-a129-c24ef9759940,2020-12-11,2020-12-12,264.84,0.0683671430811844,0,269.7610888888888,243.67,4.921088888888846,269.7610888888888
42d15a2a-ba40-45c3-2cfd-c3ea22d4c244,291aa1c6-c027-45a2-a129-c24ef9759940,2020-12-12,2020-12-13,289.0,0.074807252712372,0,268.3435555555555,264.84,20.656444444444503,268.3435555555555
42d15a2a-ba40-45c3-2cfd-c3ea22d4c244,291aa1c6-c027-45a2-a129-c24ef9759940,2020-12-13,2020-12-14,271.42,0.1005040524386131,0,283.82366111111105,289.0,12.403661111111036,283.82366111111105
42d15a2a-ba40-45c3-2cfd-c3ea22d4c244,291aa1c6-c027-45a2-a129-c24ef9759940,2020-12-14,2020-12-15,262.25,0.0999647774722381,0,282.7835833333331,271.42,20.533583333333127,282.7835833333331
42d15a2a-ba40-45c3-2cfd-c3ea22d4c244,291aa1c6-c027-45a2-a129-c24ef9759940,2020-12-15,2020-12-16,279.07,0.0879641517912632,0,275.0424833333334,262.25,4.0275166666666,275.0424833333334
42d15a2a-ba40-45c3-2cfd-c3ea22d4c244,291aa1c6-c027-45a2-a129-c24ef9759940,2020-12-16,2020-12-17,276.15,0.0682544074583706,0,277.6554444444444,279.07,1.5054444444443789,277.6554444444444
42d15a2a-ba40-45c3-2cfd-c3ea22d4c244,291aa1c6-c027-45a2-a129-c24ef9759940,2020-12-17,2020-12-18,284.05,0.0871535290982337,0,285.09546666666654,276.15,1.0454666666665275,285.09546666666654
42d15a2a-ba40-45c3-2cfd-c3ea22d4c244,291aa1c6-c027-45a2-a129-c24ef9759940,2020-12-18,2020-12-19,251.63,0.0523633449049315,0,283.1263555555556,284.05,31.496355555555567,283.1263555555556
42d15a2a-ba40-45c3-2cfd-c3ea22d4c244,291aa1c6-c027-45a2-a129-c24ef9759940,2020-12-19,2020-12-20,247.12,0.1316130979821377,0,284.208572222222,251.63,37.08857222222201,284.208572222222
42d15a2a-ba40-45c3-2cfd-c3ea22d4c244,291aa1c6-c027-45a2-a129-c24ef9759940,2020-12-20,2020-12-21,240.49,0.0850498585767315,0,282.3003111111113,247.12,41.81031111111128,282.3003111111113
42d15a2a-ba40-45c3-2cfd-c3ea22d4c244,291aa1c6-c027-45a2-a129-c24ef9759940,2020-12-21,2020-12-22,270.75,0.0996073561635164,0,276.44115555555544,240.49,5.69115555555544,276.44115555555544
42d15a2a-ba40-45c3-2cfd-c3ea22d4c244,291aa1c6-c027-45a2-a129-c24ef9759940,2020-12-22,2020-12-23,273.58,0.1078987651935217,0,277.51918888888866,270.75,3.93918888888868,277.51918888888866
42d15a2a-ba40-45c3-2cfd-c3ea22d4c244,291aa1c6-c027-45a2-a129-c24ef9759940,2020-12-23,2020-12-24,228.46,0.1058600736371547,0,288.72862777777755,273.58,60.26862777777754,288.72862777777755
42d15a2a-ba40-45c3-2cfd-c3ea22d4c244,291aa1c6-c027-45a2-a129-c24ef9759940,2020-12-24,2020-12-25,273.46,0.1081238425319901,0,278.8917944444446,228.46,5.43179444444462,278.8917944444446
42d15a2a-ba40-45c3-2cfd-c3ea22d4c244,291aa1c6-c027-45a2-a129-c24ef9759940,2020-12-25,2020-12-26,263.53,0.067387388218595,0,276.8027055555554,273.46,13.272705555555431,276.8027055555554
42d15a2a-ba40-45c3-2cfd-c3ea22d4c244,291aa1c6-c027-45a2-a129-c24ef9759940,2020-12-26,2020-12-27,248.63,0.0866675090832769,0,274.10941666666645,263.53,25.47941666666645,274.10941666666645
42d15a2a-ba40-45c3-2cfd-c3ea22d4c244,291aa1c6-c027-45a2-a129-c24ef9759940,2020-12-27,2020-12-28,271.46,0.0682936537509702,0,268.8194166666666,248.63,2.6405833333333817,268.8194166666666
42d15a2a-ba40-45c3-2cfd-c3ea22d4c244,291aa1c6-c027-45a2-a129-c24ef9759940,2020-12-28,2020-12-29,261.92,0.0904918118704689,0,270.25813333333303,271.46,8.338133333333019,270.25813333333303
42d15a2a-ba40-45c3-2cfd-c3ea22d4c244,291aa1c6-c027-45a2-a129-c24ef9759940,2020-12-29,2020-12-30,265.34,0.0852350150019592,0,280.3045888888887,261.92,14.964588888888729,280.3045888888887
42d15a2a-ba40-45c3-2cfd-c3ea22d4c244,291aa1c6-c027-45a2-a129-c24ef9759940,2020-12-30,2020-12-31,244.86,0.0595838313874599,0,279.3410555555554,265.34,34.48105555555537,279.3410555555554
4aeeb3f8-8bcf-49b4-4a15-bf867a8086be,4c4bc7b4-117e-47b3-b4c9-827d0c7ba64a,2020-08-23,2020-08-24,384.43,0.0380155226958721,0,399.9698944444445,388.01,15.539894444444483,399.9698944444445
4aeeb3f8-8bcf-49b4-4a15-bf867a8086be,4c4bc7b4-117e-47b3-b4c9-827d0c7ba64a,2020-08-24,2020-08-25,368.05,0.0222928410743588,0,408.392011111111,384.43,40.34201111111099,408.392011111111
4aeeb3f8-8bcf-49b4-4a15-bf867a8086be,4c4bc7b4-117e-47b3-b4c9-827d0c7ba64a,2020-08-25,2020-08-26,370.98,0.0358838196919108,0,399.9403166666666,368.05,28.960316666666586,399.9403166666666
4aeeb3f8-8bcf-49b4-4a15-bf867a8086be,4c4bc7b4-117e-47b3-b4c9-827d0c7ba64a,2020-08-26,2020-08-27,356.22,0.032877370296886,0,402.0162666666668,370.98,45.796266666666725,402.0162666666668
4aeeb3f8-8bcf-49b4-4a15-bf867a8086be,4c4bc7b4-117e-47b3-b4c9-827d0c7ba64a,2020-08-27,2020-08-28,405.82,0.02360573441992,0,396.0408666666669,356.22,9.779133333333109,396.0408666666669
4aeeb3f8-8bcf-49b4-4a15-bf867a8086be,4c4bc7b4-117e-47b3-b4c9-827d0c7ba64a,2020-08-28,2020-08-29,407.96,0.0440651799448703,0,400.86772777777776,405.82,7.0922722222222205,400.86772777777776
4aeeb3f8-8bcf-49b4-4a15-bf867a8086be,4c4bc7b4-117e-47b3-b4c9-827d0c7ba64a,2020-08-29,2020-08-30,411.64,0.0430719000937013,0,395.1903722222224,407.96,16.44962777777755,395.1903722222224
4aeeb3f8-8bcf-49b4-4a15-bf867a8086be,4c4bc7b4-117e-47b3-b4c9-827d0c7ba64a,2020-08-30,2020-08-31,377.9,0.0384452932873049,0,396.7475,411.64,18.847500000000025,396.7475
4aeeb3f8-8bcf-49b4-4a15-bf867a8086be,4c4bc7b4-117e-47b3-b4c9-827d0c7ba64a,2020-08-31,2020-09-01,361.25,0.0572492098128536,0,393.239088888889,377.9,31.989088888889,393.239088888889
4aeeb3f8-8bcf-49b4-4a15-bf867a8086be,4c4bc7b4-117e-47b3-b4c9-827d0c7ba64a,2020-09-01,2020-09-02,367.38,0.0323632153020366,0,386.72471666666667,361.25,19.34471666666667,386.72471666666667
4aeeb3f8-8bcf-49b4-4a15-bf867a8086be,4c4bc7b4-117e-47b3-b4c9-827d0c7ba64a,2020-09-02,2020-09-03,395.33,0.0941168017696425,0,387.0591222222223,367.38,8.270877777777685,387.0591222222223
4aeeb3f8-8bcf-49b4-4a15-bf867a8086be,4c4bc7b4-117e-47b3-b4c9-827d0c7ba64a,2020-09-03,2020-09-04,377.66,0.0409041503439204,0,384.3184611111113,395.33,6.658461111111251,384.3184611111113
4aeeb3f8-8bcf-49b4-4a15-bf867a8086be,4c4bc7b4-117e-47b3-b4c9-827d0c7ba64a,2020-09-04,2020-09-05,363.5,0.0225178042259336,0,401.9072777777777,377.66,38.40727777777772,401.9072777777777
4aeeb3f8-8bcf-49b4-4a15-bf867a8086be,4c4bc7b4-117e-47b3-b4c9-827d0c7ba64a,2020-09-05,2020-09-06,417.13,0.0256589570631854,0,399.0330666666665,363.5,18.09693333333348,399.0330666666665
4aeeb3f8-8bcf-49b4-4a15-bf867a8086be,4c4bc7b4-117e-47b3-b4c9-827d0c7ba64a,2020-09-06,2020-09-07,371.21,0.0852818739831747,0,402.3388944444442,417.13,31.1288944444442,402.3388944444442
4aeeb3f8-8bcf-49b4-4a15-bf867a8086be,4c4bc7b4-117e-47b3-b4c9-827d0c7ba64a,2020-09-07,2020-09-08,415.11,0.0552029761857775,0,388.41328333333325,371.21,26.69671666666676,388.41328333333325
4aeeb3f8-8bcf-49b4-4a15-bf867a8086be,4c4bc7b4-117e-47b3-b4c9-827d0c7ba64a,2020-09-08,2020-09-09,373.31,0.0704067112076154,0,388.3548944444448,415.11,15.044894444444822,388.3548944444448
4aeeb3f8-8bcf-49b4-4a15-bf867a8086be,4c4bc7b4-117e-47b3-b4c9-827d0c7ba64a,2020-09-09,2020-09-10,374.81,0.0558265598400288,0,388.6715388888889,373.31,13.861538888888845,388.6715388888889
4aeeb3f8-8bcf-49b4-4a15-bf867a8086be,4c4bc7b4-117e-47b3-b4c9-827d0c7ba64a,2020-09-10,2020-09-11,382.48,0.0244703627164733,0,395.9442777777778,374.81,13.464277777777797,395.9442777777778
4aeeb3f8-8bcf-49b4-4a15-bf867a8086be,4c4bc7b4-117e-47b3-b4c9-827d0c7ba64a,2020-09-11,2020-09-12,382.31,0.071293013566152,0,388.7661611111111,382.48,6.456161111111044,388.7661611111111
4aeeb3f8-8bcf-49b4-4a15-bf867a8086be,4c4bc7b4-117e-47b3-b4c9-827d0c7ba64a,2020-09-12,2020-09-13,394.32,0.0359130747783852,0,386.27102777777776,382.31,8.048972222222233,386.27102777777776
4aeeb3f8-8bcf-49b4-4a15-bf867a8086be,4c4bc7b4-117e-47b3-b4c9-827d0c7ba64a,2020-09-13,2020-09-14,389.38,0.0854309031524497,0,400.1751388888888,394.32,10.795138888888744,400.1751388888888
4aeeb3f8-8bcf-49b4-4a15-bf867a8086be,4c4bc7b4-117e-47b3-b4c9-827d0c7ba64a,2020-09-14,2020-09-15,403.26,0.0529324808317128,0,389.4359111111109,389.38,13.824088888889094,389.4359111111109
4aeeb3f8-8bcf-49b4-4a15-bf867a8086be,4c4bc7b4-117e-47b3-b4c9-827d0c7ba64a,2020-09-15,2020-09-16,358.86,0.0501917763187478,0,400.8132722222222,403.26,41.95327222222221,400.8132722222222
4aeeb3f8-8bcf-49b4-4a15-bf867a8086be,4c4bc7b4-117e-47b3-b4c9-827d0c7ba64a,2020-09-16,2020-09-17,364.1,0.077301652338835,0,389.409872222222,358.86,25.309872222222,389.409872222222
4aeeb3f8-8bcf-49b4-4a15-bf867a8086be,4c4bc7b4-117e-47b3-b4c9-827d0c7ba64a,2020-09-17,2020-09-18,399.66,0.0606514202352332,0,389.08355,364.1,10.57645000000008,389.08355
4aeeb3f8-8bcf-49b4-4a15-bf867a8086be,4c4bc7b4-117e-47b3-b4c9-827d0c7ba64a,2020-09-18,2020-09-19,362.96,0.0682634204941596,0,391.711338888889,399.66,28.75133888888905,391.711338888889
4aeeb3f8-8bcf-49b4-4a15-bf867a8086be,4c4bc7b4-117e-47b3-b4c9-827d0c7ba64a,2020-09-19,2020-09-20,378.43,0.0734298968637573,0,394.5727,362.96,16.14269999999999,394.5727
4aeeb3f8-8bcf-49b4-4a15-bf867a8086be,4c4bc7b4-117e-47b3-b4c9-827d0c7ba64a,2020-09-20,2020-09-21,357.36,0.0486229256025087,0,390.71931666666666,378.43,33.35931666666664,390.71931666666666
4aeeb3f8-8bcf-49b4-4a15-bf867a8086be,4c4bc7b4-117e-47b3-b4c9-827d0c7ba64a,2020-09-21,2020-09-22,397.44,0.0486235301587205,0,389.9109444444444,357.36,7.529055555555601,389.9109444444444
4aeeb3f8-8bcf-49b4-4a15-bf867a8086be,4c4bc7b4-117e-47b3-b4c9-827d0c7ba64a,2020-09-22,2020-09-23,352.74,0.0548044546393771,0,397.2539277777777,397.44,44.51392777777767,397.2539277777777
4aeeb3f8-8bcf-49b4-4a15-bf867a8086be,4c4bc7b4-117e-47b3-b4c9-827d0c7ba64a,2020-09-23,2020-09-24,372.09,0.0712286769211353,0,384.3783444444444,352.74,12.28834444444442,384.3783444444444
4aeeb3f8-8bcf-49b4-4a15-bf867a8086be,4c4bc7b4-117e-47b3-b4c9-827d0c7ba64a,2020-09-24,2020-09-25,360.3,0.0651939535921385,0,375.534761111111,372.09,15.23476111111097,375.534761111111
4aeeb3f8-8bcf-49b4-4a15-bf867a8086be,4c4bc7b4-117e-47b3-b4c9-827d0c7ba64a,2020-09-25,2020-09-26,385.51,0.0758043106488166,0,393.1667666666665,360.3,7.656766666666499,393.1667666666665
4aeeb3f8-8bcf-49b4-4a15-bf867a8086be,4c4bc7b4-117e-47b3-b4c9-827d0c7ba64a,2020-09-26,2020-09-27,385.89,0.0654883881777568,0,378.4598277777779,385.51,7.430172222222097,378.4598277777779
4aeeb3f8-8bcf-49b4-4a15-bf867a8086be,4c4bc7b4-117e-47b3-b4c9-827d0c7ba64a,2020-09-27,2020-09-28,404.75,0.078855394644943,0,385.8100944444444,385.89,18.939905555555583,385.8100944444444
4aeeb3f8-8bcf-49b4-4a15-bf867a8086be,4c4bc7b4-117e-47b3-b4c9-827d0c7ba64a,2020-09-28,2020-09-29,383.36,0.0544864291516137,0,390.7606277777778,404.75,7.4006277777778,390.7606277777778
4aeeb3f8-8bcf-49b4-4a15-bf867a8086be,4c4bc7b4-117e-47b3-b4c9-827d0c7ba64a,2020-09-29,2020-09-30,363.69,0.0578189987142732,0,395.1549444444443,383.36,31.464944444444317,395.1549444444443
4aeeb3f8-8bcf-49b4-4a15-bf867a8086be,4c4bc7b4-117e-47b3-b4c9-827d0c7ba64a,2020-09-30,2020-10-01,379.48,0.0673196124519983,0,379.9229555555556,363.69,0.4429555555555566,379.9229555555556
4aeeb3f8-8bcf-49b4-4a15-bf867a8086be,4c4bc7b4-117e-47b3-b4c9-827d0c7ba64a,2020-10-01,2020-10-02,387.58,0.0801652262925881,0,380.7435166666667,379.48,6.836483333333263,380.7435166666667
4aeeb3f8-8bcf-49b4-4a15-bf867a8086be,4c4bc7b4-117e-47b3-b4c9-827d0c7ba64a,2020-10-02,2020-10-03,393.11,0.0801178842729119,0,383.81750555555567,387.58,9.292494444444344,383.81750555555567
4aeeb3f8-8bcf-49b4-4a15-bf867a8086be,4c4bc7b4-117e-47b3-b4c9-827d0c7ba64a,2020-10-03,2020-10-04,376.27,0.0889142702429969,0,391.7534833333333,393.11,15.48348333333331,391.7534833333333
4aeeb3f8-8bcf-49b4-4a15-bf867a8086be,4c4bc7b4-117e-47b3-b4c9-827d0c7ba64a,2020-10-04,2020-10-05,394.49,0.0849003127532704,0,393.5061444444447,376.27,0.9838555555553512,393.5061444444447
4aeeb3f8-8bcf-49b4-4a15-bf867a8086be,4c4bc7b4-117e-47b3-b4c9-827d0c7ba64a,2020-10-05,2020-10-06,374.58,0.0707579059538248,0,399.67696666666666,394.49,25.096966666666678,399.67696666666666
4aeeb3f8-8bcf-49b4-4a15-bf867a8086be,4c4bc7b4-117e-47b3-b4c9-827d0c7ba64a,2020-10-06,2020-10-07,355.72,0.0699203740165526,0,388.6384055555555,374.58,32.918405555555466,388.6384055555555
4aeeb3f8-8bcf-49b4-4a15-bf867a8086be,4c4bc7b4-117e-47b3-b4c9-827d0c7ba64a,2020-10-07,2020-10-08,357.7,0.073876195820292,0,381.69367777777785,355.72,23.99367777777786,381.69367777777785
4aeeb3f8-8bcf-49b4-4a15-bf867a8086be,4c4bc7b4-117e-47b3-b4c9-827d0c7ba64a,2020-10-08,2020-10-09,371.59,0.0732727268725977,0,382.20430000000016,357.7,10.614300000000185,382.20430000000016
4aeeb3f8-8bcf-49b4-4a15-bf867a8086be,4c4bc7b4-117e-47b3-b4c9-827d0c7ba64a,2020-10-09,2020-10-10,370.69,0.0644289474565519,0,384.2416555555553,371.59,13.551655555555328,384.2416555555553
4aeeb3f8-8bcf-49b4-4a15-bf867a8086be,4c4bc7b4-117e-47b3-b4c9-827d0c7ba64a,2020-10-10,2020-10-11,373.69,0.0687275956391893,0,388.32207777777774,370.69,14.632077777777738,388.32207777777774
4aeeb3f8-8bcf-49b4-4a15-bf867a8086be,4c4bc7b4-117e-47b3-b4c9-827d0c7ba64a,2020-10-11,2020-10-12,404.97,0.1014321196909681,0,380.915572222222,373.69,24.054427777778017,380.915572222222
4aeeb3f8-8bcf-49b4-4a15-bf867a8086be,4c4bc7b4-117e-47b3-b4c9-827d0c7ba64a,2020-10-12,2020-10-13,376.02,0.0609781227847171,0,394.5602666666668,404.97,18.54026666666681,394.5602666666668
4aeeb3f8-8bcf-49b4-4a15-bf867a8086be,4c4bc7b4-117e-47b3-b4c9-827d0c7ba64a,2020-10-13,2020-10-14,389.67,0.076765069581785,0,382.703172222222,376.02,6.9668277777780645,382.703172222222
4aeeb3f8-8bcf-49b4-4a15-bf867a8086be,4c4bc7b4-117e-47b3-b4c9-827d0c7ba64a,2020-10-14,2020-10-15,381.81,0.0665277887588692,0,381.23032777777786,389.67,0.5796722222221433,381.23032777777786
4aeeb3f8-8bcf-49b4-4a15-bf867a8086be,4c4bc7b4-117e-47b3-b4c9-827d0c7ba64a,2020-10-15,2020-10-16,386.01,0.0959619593811914,0,383.1669722222224,381.81,2.8430277777776496,383.1669722222224
4aeeb3f8-8bcf-49b4-4a15-bf867a8086be,4c4bc7b4-117e-47b3-b4c9-827d0c7ba64a,2020-10-16,2020-10-17,354.99,0.0669156832855641,0,383.8418277777777,386.01,28.851827777777714,383.8418277777777
4aeeb3f8-8bcf-49b4-4a15-bf867a8086be,4c4bc7b4-117e-47b3-b4c9-827d0c7ba64a,2020-10-17,2020-10-18,379.39,0.0730214233734706,0,385.2508055555555,354.99,5.860805555555487,385.2508055555555
4aeeb3f8-8bcf-49b4-4a15-bf867a8086be,4c4bc7b4-117e-47b3-b4c9-827d0c7ba64a,2020-10-18,2020-10-19,400.4,0.0752192704670707,0,382.0387555555554,379.39,18.361244444444598,382.0387555555554
4aeeb3f8-8bcf-49b4-4a15-bf867a8086be,4c4bc7b4-117e-47b3-b4c9-827d0c7ba64a,2020-10-19,2020-10-20,360.5,0.0690563434503939,0,400.11053888888887,400.4,39.61053888888887,400.11053888888887
4aeeb3f8-8bcf-49b4-4a15-bf867a8086be,4c4bc7b4-117e-47b3-b4c9-827d0c7ba64a,2020-10-20,2020-10-21,361.12,0.0820729902605539,0,388.7565333333332,360.5,27.636533333333205,388.7565333333332
4aeeb3f8-8bcf-49b4-4a15-bf867a8086be,4c4bc7b4-117e-47b3-b4c9-827d0c7ba64a,2020-10-21,2020-10-22,362.89,0.0881183063641943,0,386.7568555555556,361.12,23.866855555555617,386.7568555555556
4aeeb3f8-8bcf-49b4-4a15-bf867a8086be,4c4bc7b4-117e-47b3-b4c9-827d0c7ba64a,2020-10-22,2020-10-23,386.82,0.0716813982233091,0,383.01308888888894,362.89,3.8069111111110487,383.01308888888894
4aeeb3f8-8bcf-49b4-4a15-bf867a8086be,4c4bc7b4-117e-47b3-b4c9-827d0c7ba64a,2020-10-23,2020-10-24,356.52,0.0705453838055344,0,386.1242333333336,386.82,29.604233333333585,386.1242333333336
4aeeb3f8-8bcf-49b4-4a15-bf867a8086be,4c4bc7b4-117e-47b3-b4c9-827d0c7ba64a,2020-10-24,2020-10-25,362.14,0.0786357385481993,0,379.7699944444444,356.52,17.629994444444435,379.7699944444444
4aeeb3f8-8bcf-49b4-4a15-bf867a8086be,4c4bc7b4-117e-47b3-b4c9-827d0c7ba64a,2020-10-25,2020-10-26,359.92,0.0859973606268394,0,379.4660666666667,362.14,19.54606666666666,379.4660666666667
4aeeb3f8-8bcf-49b4-4a15-bf867a8086be,4c4bc7b4-117e-47b3-b4c9-827d0c7ba64a,2020-10-26,2020-10-27,353.27,0.0633038026510507,0,387.9782444444444,359.92,34.708244444444404,387.9782444444444
4aeeb3f8-8bcf-49b4-4a15-bf867a8086be,4c4bc7b4-117e-47b3-b4c9-827d0c7ba64a,2020-10-27,2020-10-28,345.35,0.0932599069723805,0,365.695911111111,353.27,20.34591111111098,365.695911111111
4aeeb3f8-8bcf-49b4-4a15-bf867a8086be,4c4bc7b4-117e-47b3-b4c9-827d0c7ba64a,2020-10-28,2020-10-29,368.17,0.068598261274078,0,363.2265111111112,345.35,4.943488888888851,363.2265111111112
4aeeb3f8-8bcf-49b4-4a15-bf867a8086be,4c4bc7b4-117e-47b3-b4c9-827d0c7ba64a,2020-10-29,2020-10-30,386.35,0.06727611501252,0,364.3600444444445,368.17,21.989955555555586,364.3600444444445
4aeeb3f8-8bcf-49b4-4a15-bf867a8086be,4c4bc7b4-117e-47b3-b4c9-827d0c7ba64a,2020-10-30,2020-10-31,342.47,0.0719923311368069,0,385.2688444444445,386.35,42.79884444444451,385.2688444444445
4aeeb3f8-8bcf-49b4-4a15-bf867a8086be,4c4bc7b4-117e-47b3-b4c9-827d0c7ba64a,2020-10-31,2020-11-01,372.0,0.0650520498641445,0,372.2790833333332,342.47,0.279083333333233,372.2790833333332
4aeeb3f8-8bcf-49b4-4a15-bf867a8086be,4c4bc7b4-117e-47b3-b4c9-827d0c7ba64a,2020-11-01,2020-11-02,408.8,0.074085381518052,0,362.4308666666666,372.0,46.36913333333342,362.4308666666666
4aeeb3f8-8bcf-49b4-4a15-bf867a8086be,4c4bc7b4-117e-47b3-b4c9-827d0c7ba64a,2020-11-02,2020-11-03,358.45,0.0871782409621344,0,384.6118388888891,408.8,26.16183888888912,384.6118388888891
4aeeb3f8-8bcf-49b4-4a15-bf867a8086be,4c4bc7b4-117e-47b3-b4c9-827d0c7ba64a,2020-11-03,2020-11-04,375.11,0.0763819929453656,0,379.1526666666665,358.45,4.042666666666491,379.1526666666665
4aeeb3f8-8bcf-49b4-4a15-bf867a8086be,4c4bc7b4-117e-47b3-b4c9-827d0c7ba64a,2020-11-04,2020-11-05,374.81,0.081498534343036,0,366.984638888889,375.11,7.825361111110965,366.984638888889
4aeeb3f8-8bcf-49b4-4a15-bf867a8086be,4c4bc7b4-117e-47b3-b4c9-827d0c7ba64a,2020-11-05,2020-11-06,351.19,0.0815825639168464,0,376.8707833333332,374.81,25.68078333333318,376.8707833333332
4aeeb3f8-8bcf-49b4-4a15-bf867a8086be,4c4bc7b4-117e-47b3-b4c9-827d0c7ba64a,2020-11-06,2020-11-07,368.89,0.0740833506814694,0,382.4459500000001,351.19,13.55595000000011,382.4459500000001
4aeeb3f8-8bcf-49b4-4a15-bf867a8086be,4c4bc7b4-117e-47b3-b4c9-827d0c7ba64a,2020-11-07,2020-11-08,342.14,0.0802344436672788,0,362.48453888888895,368.89,20.34453888888896,362.48453888888895
4aeeb3f8-8bcf-49b4-4a15-bf867a8086be,4c4bc7b4-117e-47b3-b4c9-827d0c7ba64a,2020-11-08,2020-11-09,366.05,0.0784182361678424,0,373.9223,342.14,7.872299999999939,373.9223
4aeeb3f8-8bcf-49b4-4a15-bf867a8086be,4c4bc7b4-117e-47b3-b4c9-827d0c7ba64a,2020-11-09,2020-11-10,404.43,0.0669827377967422,0,384.1960666666667,366.05,20.23393333333331,384.1960666666667
4aeeb3f8-8bcf-49b4-4a15-bf867a8086be,4c4bc7b4-117e-47b3-b4c9-827d0c7ba64a,2020-11-10,2020-11-11,410.08,0.0788064863872508,0,382.02574444444457,404.43,28.05425555555541,382.02574444444457
4aeeb3f8-8bcf-49b4-4a15-bf867a8086be,4c4bc7b4-117e-47b3-b4c9-827d0c7ba64a,2020-11-11,2020-11-12,340.43,0.0831861249891721,0,396.16982777777775,410.08,55.73982777777775,396.16982777777775
4aeeb3f8-8bcf-49b4-4a15-bf867a8086be,4c4bc7b4-117e-47b3-b4c9-827d0c7ba64a,2020-11-12,2020-11-13,344.0,0.0789115084336194,0,380.244,340.43,36.24400000000003,380.244
4aeeb3f8-8bcf-49b4-4a15-bf867a8086be,4c4bc7b4-117e-47b3-b4c9-827d0c7ba64a,2020-11-13,2020-11-14,383.64,0.0739099265708295,0,357.90841111111126,344.0,25.731588888888723,357.90841111111126
4aeeb3f8-8bcf-49b4-4a15-bf867a8086be,4c4bc7b4-117e-47b3-b4c9-827d0c7ba64a,2020-11-14,2020-11-15,364.92,0.0744655125074911,0,370.8232861111107,383.64,5.903286111110674,370.8232861111107
4aeeb3f8-8bcf-49b4-4a15-bf867a8086be,4c4bc7b4-117e-47b3-b4c9-827d0c7ba64a,2020-11-15,2020-11-16,378.71,0.08313985525848,0,375.5333944444446,364.92,3.1766055555553976,375.5333944444446
4aeeb3f8-8bcf-49b4-4a15-bf867a8086be,4c4bc7b4-117e-47b3-b4c9-827d0c7ba64a,2020-11-16,2020-11-17,0.0,0.0762800092093416,0,375.2728111111111,378.71,375.2728111111111,375.2728111111111
4aeeb3f8-8bcf-49b4-4a15-bf867a8086be,4c4bc7b4-117e-47b3-b4c9-827d0c7ba64a,2020-11-17,2020-11-18,352.75,0.0047670297485204,0,393.6842611111112,0.0,40.93426111111114,393.6842611111112
4aeeb3f8-8bcf-49b4-4a15-bf867a8086be,4c4bc7b4-117e-47b3-b4c9-827d0c7ba64a,2020-11-18,2020-11-19,392.1,0.1065572183497428,0,382.5302388888887,352.75,9.569761111111347,382.5302388888887
4aeeb3f8-8bcf-49b4-4a15-bf867a8086be,4c4bc7b4-117e-47b3-b4c9-827d0c7ba64a,2020-11-19,2020-11-20,337.0,0.0717619808416723,0,366.3257800000002,392.1,29.32578000000018,366.3257800000002
4aeeb3f8-8bcf-49b4-4a15-bf867a8086be,4c4bc7b4-117e-47b3-b4c9-827d0c7ba64a,2020-11-20,2020-11-21,359.23,0.0824000578058156,0,358.17955,337.0,1.050450000000012,358.17955
4aeeb3f8-8bcf-49b4-4a15-bf867a8086be,4c4bc7b4-117e-47b3-b4c9-827d0c7ba64a,2020-11-21,2020-11-22,361.12,0.0704768112896063,0,364.4125166666665,359.23,3.292516666666472,364.4125166666665
4aeeb3f8-8bcf-49b4-4a15-bf867a8086be,4c4bc7b4-117e-47b3-b4c9-827d0c7ba64a,2020-11-22,2020-11-23,347.12,0.0731496780697025,0,362.08062777777775,361.12,14.960627777777743,362.08062777777775
4aeeb3f8-8bcf-49b4-4a15-bf867a8086be,4c4bc7b4-117e-47b3-b4c9-827d0c7ba64a,2020-11-23,2020-11-24,356.46,0.0699492686246816,0,364.94635,347.12,8.486349999999959,364.94635
4aeeb3f8-8bcf-49b4-4a15-bf867a8086be,4c4bc7b4-117e-47b3-b4c9-827d0c7ba64a,2020-11-24,2020-11-25,367.75,0.089291147134181,0,356.89386111111105,356.46,10.85613888888895,356.89386111111105
4aeeb3f8-8bcf-49b4-4a15-bf867a8086be,4c4bc7b4-117e-47b3-b4c9-827d0c7ba64a,2020-11-25,2020-11-26,367.64,0.0857690950899587,0,361.2519222222222,367.75,6.388077777777767,361.2519222222222
4aeeb3f8-8bcf-49b4-4a15-bf867a8086be,4c4bc7b4-117e-47b3-b4c9-827d0c7ba64a,2020-11-26,2020-11-27,378.19,0.0811140078557348,0,381.2528944444445,367.64,3.062894444444453,381.2528944444445
4aeeb3f8-8bcf-49b4-4a15-bf867a8086be,4c4bc7b4-117e-47b3-b4c9-827d0c7ba64a,2020-11-27,2020-11-28,401.05,0.0778915049009315,0,365.4559666666667,378.19,35.5940333333333,365.4559666666667
4aeeb3f8-8bcf-49b4-4a15-bf867a8086be,4c4bc7b4-117e-47b3-b4c9-827d0c7ba64a,2020-11-28,2020-11-29,365.88,0.0853764310713612,0,384.2807055555554,401.05,18.40070555555548,384.2807055555554
4aeeb3f8-8bcf-49b4-4a15-bf867a8086be,4c4bc7b4-117e-47b3-b4c9-827d0c7ba64a,2020-11-29,2020-11-30,359.87,0.0811399880992187,0,383.3540083333331,365.88,23.48400833333312,383.3540083333331
4aeeb3f8-8bcf-49b4-4a15-bf867a8086be,4c4bc7b4-117e-47b3-b4c9-827d0c7ba64a,2020-11-30,2020-12-01,359.99,0.0694039578706154,0,365.1830500000002,359.87,5.193050000000199,365.1830500000002
4aeeb3f8-8bcf-49b4-4a15-bf867a8086be,4c4bc7b4-117e-47b3-b4c9-827d0c7ba64a,2020-12-01,2020-12-02,338.7,0.0849278186554244,0,368.02618888888907,359.99,29.32618888888908,368.02618888888907
4aeeb3f8-8bcf-49b4-4a15-bf867a8086be,4c4bc7b4-117e-47b3-b4c9-827d0c7ba64a,2020-12-02,2020-12-03,374.29,0.0811879055119333,0,366.29598333333325,338.7,7.9940166666667665,366.29598333333325
4aeeb3f8-8bcf-49b4-4a15-bf867a8086be,4c4bc7b4-117e-47b3-b4c9-827d0c7ba64a,2020-12-03,2020-12-04,352.81,0.0943471679958819,0,366.2958305555553,374.29,13.48583055555531,366.2958305555553
4aeeb3f8-8bcf-49b4-4a15-bf867a8086be,4c4bc7b4-117e-47b3-b4c9-827d0c7ba64a,2020-12-04,2020-12-05,390.7,0.0808057517343034,0,375.40828055555545,352.81,15.29171944444454,375.40828055555545
4aeeb3f8-8bcf-49b4-4a15-bf867a8086be,4c4bc7b4-117e-47b3-b4c9-827d0c7ba64a,2020-12-05,2020-12-06,348.88,0.0747917866695576,0,390.4531611111111,390.7,41.57316111111106,390.4531611111111
4aeeb3f8-8bcf-49b4-4a15-bf867a8086be,4c4bc7b4-117e-47b3-b4c9-827d0c7ba64a,2020-12-06,2020-12-07,364.89,0.1035455674640167,0,376.1741055555554,348.88,11.284105555555414,376.1741055555554
4aeeb3f8-8bcf-49b4-4a15-bf867a8086be,4c4bc7b4-117e-47b3-b4c9-827d0c7ba64a,2020-12-07,2020-12-08,383.06,0.0839134032573503,0,360.8990555555556,364.89,22.160944444444453,360.8990555555556
4aeeb3f8-8bcf-49b4-4a15-bf867a8086be,4c4bc7b4-117e-47b3-b4c9-827d0c7ba64a,2020-12-08,2020-12-09,364.19,0.0768195485432598,0,370.2241444444443,383.06,6.03414444444428,370.2241444444443
4aeeb3f8-8bcf-49b4-4a15-bf867a8086be,4c4bc7b4-117e-47b3-b4c9-827d0c7ba64a,2020-12-09,2020-12-10,369.02,0.077824072679947,0,370.297677777778,364.19,1.277677777777967,370.297677777778
4aeeb3f8-8bcf-49b4-4a15-bf867a8086be,4c4bc7b4-117e-47b3-b4c9-827d0c7ba64a,2020-12-10,2020-12-11,374.7,0.0885633134310872,0,373.9843249999999,369.02,0.7156750000000898,373.9843249999999
4aeeb3f8-8bcf-49b4-4a15-bf867a8086be,4c4bc7b4-117e-47b3-b4c9-827d0c7ba64a,2020-12-11,2020-12-12,349.66,0.084933268945307,0,368.87205555555545,374.7,19.212055555555423,368.87205555555545
4aeeb3f8-8bcf-49b4-4a15-bf867a8086be,4c4bc7b4-117e-47b3-b4c9-827d0c7ba64a,2020-12-12,2020-12-13,398.15,0.0785858008980421,0,381.5287611111109,349.66,16.62123888888908,381.5287611111109
4aeeb3f8-8bcf-49b4-4a15-bf867a8086be,4c4bc7b4-117e-47b3-b4c9-827d0c7ba64a,2020-12-13,2020-12-14,330.63,0.094047026464615,0,374.3675777777779,398.15,43.73757777777792,374.3675777777779
4aeeb3f8-8bcf-49b4-4a15-bf867a8086be,4c4bc7b4-117e-47b3-b4c9-827d0c7ba64a,2020-12-14,2020-12-15,358.09,0.0791908520359391,0,375.70055555555547,330.63,17.610555555555493,375.70055555555547
4aeeb3f8-8bcf-49b4-4a15-bf867a8086be,4c4bc7b4-117e-47b3-b4c9-827d0c7ba64a,2020-12-15,2020-12-16,357.8,0.0943595644837709,0,370.34054166666647,358.09,12.540541666666456,370.34054166666647
4aeeb3f8-8bcf-49b4-4a15-bf867a8086be,4c4bc7b4-117e-47b3-b4c9-827d0c7ba64a,2020-12-16,2020-12-17,379.22,0.0808747540166949,0,367.42817777777776,357.8,11.791822222222264,367.42817777777776
4aeeb3f8-8bcf-49b4-4a15-bf867a8086be,4c4bc7b4-117e-47b3-b4c9-827d0c7ba64a,2020-12-17,2020-12-18,355.36,0.0888017771116899,0,371.1717222222221,379.22,15.811722222222102,371.1717222222221
4aeeb3f8-8bcf-49b4-4a15-bf867a8086be,4c4bc7b4-117e-47b3-b4c9-827d0c7ba64a,2020-12-18,2020-12-19,336.32,0.0869508465147048,0,375.769938888889,355.36,39.449938888888994,375.769938888889
4aeeb3f8-8bcf-49b4-4a15-bf867a8086be,4c4bc7b4-117e-47b3-b4c9-827d0c7ba64a,2020-12-19,2020-12-20,360.5,0.0905882446668557,0,357.3671666666668,336.32,3.132833333333224,357.3671666666668
4aeeb3f8-8bcf-49b4-4a15-bf867a8086be,4c4bc7b4-117e-47b3-b4c9-827d0c7ba64a,2020-12-20,2020-12-21,367.66,0.0927922487915193,0,375.2146944444444,360.5,7.554694444444408,375.2146944444444
4aeeb3f8-8bcf-49b4-4a15-bf867a8086be,4c4bc7b4-117e-47b3-b4c9-827d0c7ba64a,2020-12-21,2020-12-22,347.16,0.0684006462427887,0,358.7966111111112,367.66,11.636611111111163,358.7966111111112
4aeeb3f8-8bcf-49b4-4a15-bf867a8086be,4c4bc7b4-117e-47b3-b4c9-827d0c7ba64a,2020-12-22,2020-12-23,344.06,0.0940242253133727,0,359.8265611111112,347.16,15.766561111111171,359.8265611111112
4aeeb3f8-8bcf-49b4-4a15-bf867a8086be,4c4bc7b4-117e-47b3-b4c9-827d0c7ba64a,2020-12-23,2020-12-24,357.31,0.0797644053389255,0,355.9827111111112,344.06,1.327288888888802,355.9827111111112
4aeeb3f8-8bcf-49b4-4a15-bf867a8086be,4c4bc7b4-117e-47b3-b4c9-827d0c7ba64a,2020-12-24,2020-12-25,336.94,0.1036022699737949,0,364.4736777777779,357.31,27.53367777777788,364.4736777777779
4aeeb3f8-8bcf-49b4-4a15-bf867a8086be,4c4bc7b4-117e-47b3-b4c9-827d0c7ba64a,2020-12-25,2020-12-26,365.82,0.0913135055597121,0,357.1527444444445,336.94,8.667255555555471,357.1527444444445
4aeeb3f8-8bcf-49b4-4a15-bf867a8086be,4c4bc7b4-117e-47b3-b4c9-827d0c7ba64a,2020-12-26,2020-12-27,353.8,0.0988848770695297,0,353.45537777777787,365.82,0.3446222222221422,353.45537777777787
4aeeb3f8-8bcf-49b4-4a15-bf867a8086be,4c4bc7b4-117e-47b3-b4c9-827d0c7ba64a,2020-12-27,2020-12-28,349.23,0.1083421182994899,0,361.50714444444446,353.8,12.277144444444446,361.50714444444446
4aeeb3f8-8bcf-49b4-4a15-bf867a8086be,4c4bc7b4-117e-47b3-b4c9-827d0c7ba64a,2020-12-28,2020-12-29,378.88,0.0695128049189214,0,359.8836611111111,349.23,18.99633888888889,359.8836611111111
4aeeb3f8-8bcf-49b4-4a15-bf867a8086be,4c4bc7b4-117e-47b3-b4c9-827d0c7ba64a,2020-12-29,2020-12-30,372.33,0.0847885282271802,0,360.02093333333335,378.88,12.309066666666638,360.02093333333335
4aeeb3f8-8bcf-49b4-4a15-bf867a8086be,4c4bc7b4-117e-47b3-b4c9-827d0c7ba64a,2020-12-30,2020-12-31,337.98,0.0894103764700425,0,366.0797611111112,372.33,28.09976111111115,366.0797611111112
4b09b86d-5b70-40e9-5794-464c1d5826c4,f62dab14-cd6c-46e4-3aa2-d3c0ccca7b4c,2020-08-23,2020-08-24,747.91,0.1770659309867822,1,0.0,807.53,747.91,807.53
4b09b86d-5b70-40e9-5794-464c1d5826c4,f62dab14-cd6c-46e4-3aa2-d3c0ccca7b4c,2020-08-24,2020-08-25,788.02,0.2846458722577222,1,0.0,747.91,788.02,747.91
4b09b86d-5b70-40e9-5794-464c1d5826c4,f62dab14-cd6c-46e4-3aa2-d3c0ccca7b4c,2020-08-25,2020-08-26,807.02,0.2866450214806783,1,0.0,788.02,807.02,788.02
4b09b86d-5b70-40e9-5794-464c1d5826c4,f62dab14-cd6c-46e4-3aa2-d3c0ccca7b4c,2020-08-26,2020-08-27,872.79,0.1449991084958401,0,788.3120222222217,807.02,84.47797777777828,788.3120222222217
4b09b86d-5b70-40e9-5794-464c1d5826c4,f62dab14-cd6c-46e4-3aa2-d3c0ccca7b4c,2020-08-27,2020-08-28,795.74,0.132402906000757,0,801.0748388888887,872.79,5.334838888888726,801.0748388888887
4b09b86d-5b70-40e9-5794-464c1d5826c4,f62dab14-cd6c-46e4-3aa2-d3c0ccca7b4c,2020-08-28,2020-08-29,776.52,0.1442456825173136,0,810.2798111111109,795.74,33.759811111110935,810.2798111111109
4b09b86d-5b70-40e9-5794-464c1d5826c4,f62dab14-cd6c-46e4-3aa2-d3c0ccca7b4c,2020-08-29,2020-08-30,805.39,0.1726124508612979,1,0.0,776.52,805.39,776.52
4b09b86d-5b70-40e9-5794-464c1d5826c4,f62dab14-cd6c-46e4-3aa2-d3c0ccca7b4c,2020-08-30,2020-08-31,776.87,0.1547327256240546,1,0.0,805.39,776.87,805.39
4b09b86d-5b70-40e9-5794-464c1d5826c4,f62dab14-cd6c-46e4-3aa2-d3c0ccca7b4c,2020-08-31,2020-09-01,822.43,0.2740844854245279,1,0.0,776.87,822.43,776.87
4b09b86d-5b70-40e9-5794-464c1d5826c4,f62dab14-cd6c-46e4-3aa2-d3c0ccca7b4c,2020-09-01,2020-09-02,0.0,0.2369892557989423,1,0.0,822.43,0.0,822.43
4b09b86d-5b70-40e9-5794-464c1d5826c4,f62dab14-cd6c-46e4-3aa2-d3c0ccca7b4c,2020-09-02,2020-09-03,744.36,0.0326895036371485,0,804.7243000000007,0.0,60.36430000000064,804.7243000000007
4b09b86d-5b70-40e9-5794-464c1d5826c4,f62dab14-cd6c-46e4-3aa2-d3c0ccca7b4c,2020-09-03,2020-09-04,868.61,0.1117162514428591,0,835.7127361111113,744.36,32.89726388888869,835.7127361111113
4b09b86d-5b70-40e9-5794-464c1d5826c4,f62dab14-cd6c-46e4-3aa2-d3c0ccca7b4c,2020-09-04,2020-09-05,803.01,0.0996529861913082,0,811.8939833333337,868.61,8.883983333333731,811.8939833333337
4b09b86d-5b70-40e9-5794-464c1d5826c4,f62dab14-cd6c-46e4-3aa2-d3c0ccca7b4c,2020-09-05,2020-09-06,763.42,0.0972235342482701,0,831.4873666666662,803.01,68.0673666666662,831.4873666666662
4b09b86d-5b70-40e9-5794-464c1d5826c4,f62dab14-cd6c-46e4-3aa2-d3c0ccca7b4c,2020-09-06,2020-09-07,766.27,0.122127909535699,0,823.582744444444,763.42,57.31274444444398,823.582744444444
4b09b86d-5b70-40e9-5794-464c1d5826c4,f62dab14-cd6c-46e4-3aa2-d3c0ccca7b4c,2020-09-07,2020-09-08,835.76,0.257440626825636,1,0.0,766.27,835.76,766.27
4b09b86d-5b70-40e9-5794-464c1d5826c4,f62dab14-cd6c-46e4-3aa2-d3c0ccca7b4c,2020-09-08,2020-09-09,740.37,0.2022653869954826,1,0.0,835.76,740.37,835.76
4b09b86d-5b70-40e9-5794-464c1d5826c4,f62dab14-cd6c-46e4-3aa2-d3c0ccca7b4c,2020-09-09,2020-09-10,793.24,0.0568050810475251,0,793.8762638888893,740.37,0.6362638888892889,793.8762638888893
4b09b86d-5b70-40e9-5794-464c1d5826c4,f62dab14-cd6c-46e4-3aa2-d3c0ccca7b4c,2020-09-10,2020-09-11,782.71,0.1302208907354961,0,819.9654333333331,793.24,37.25543333333303,819.9654333333331
4b09b86d-5b70-40e9-5794-464c1d5826c4,f62dab14-cd6c-46e4-3aa2-d3c0ccca7b4c,2020-09-11,2020-09-12,826.47,0.1545311169765129,1,0.0,782.71,826.47,782.71
4b09b86d-5b70-40e9-5794-464c1d5826c4,f62dab14-cd6c-46e4-3aa2-d3c0ccca7b4c,2020-09-12,2020-09-13,792.15,0.1525090302904188,1,0.0,826.47,792.15,826.47
4b09b86d-5b70-40e9-5794-464c1d5826c4,f62dab14-cd6c-46e4-3aa2-d3c0ccca7b4c,2020-09-13,2020-09-14,787.77,0.1295891349628943,0,813.0284444444442,792.15,25.258444444444194,813.0284444444442
4b09b86d-5b70-40e9-5794-464c1d5826c4,f62dab14-cd6c-46e4-3aa2-d3c0ccca7b4c,2020-09-14,2020-09-15,775.0,0.2427019657649067,1,0.0,787.77,775.0,787.77
4b09b86d-5b70-40e9-5794-464c1d5826c4,f62dab14-cd6c-46e4-3aa2-d3c0ccca7b4c,2020-09-15,2020-09-16,778.45,0.2789938501318226,1,0.0,775.0,778.45,775.0
4b09b86d-5b70-40e9-5794-464c1d5826c4,f62dab14-cd6c-46e4-3aa2-d3c0ccca7b4c,2020-09-16,2020-09-17,816.17,0.1633752781291187,1,0.0,778.45,816.17,778.45
4b09b86d-5b70-40e9-5794-464c1d5826c4,f62dab14-cd6c-46e4-3aa2-d3c0ccca7b4c,2020-09-17,2020-09-18,762.44,0.1382171072494263,0,815.683138888888,816.17,53.243138888887984,815.683138888888
4b09b86d-5b70-40e9-5794-464c1d5826c4,f62dab14-cd6c-46e4-3aa2-d3c0ccca7b4c,2020-09-18,2020-09-19,796.23,0.1324585837976473,0,810.6125722222225,762.44,14.382572222222509,810.6125722222225
4b09b86d-5b70-40e9-5794-464c1d5826c4,f62dab14-cd6c-46e4-3aa2-d3c0ccca7b4c,2020-09-19,2020-09-20,831.07,0.2148636289122853,1,0.0,796.23,831.07,796.23
4b09b86d-5b70-40e9-5794-464c1d5826c4,f62dab14-cd6c-46e4-3aa2-d3c0ccca7b4c,2020-09-20,2020-09-21,739.55,0.1362145706228099,0,799.1853055555563,831.07,59.63530555555633,799.1853055555563
4b09b86d-5b70-40e9-5794-464c1d5826c4,f62dab14-cd6c-46e4-3aa2-d3c0ccca7b4c,2020-09-21,2020-09-22,803.27,0.2228882649797725,1,0.0,739.55,803.27,739.55
4b09b86d-5b70-40e9-5794-464c1d5826c4,f62dab14-cd6c-46e4-3aa2-d3c0ccca7b4c,2020-09-22,2020-09-23,798.72,0.2579340490362651,1,0.0,803.27,798.72,803.27
4b09b86d-5b70-40e9-5794-464c1d5826c4,f62dab14-cd6c-46e4-3aa2-d3c0ccca7b4c,2020-09-23,2020-09-24,807.17,0.1298616786438444,0,805.6208499999997,798.72,1.5491500000002816,805.6208499999997
4b09b86d-5b70-40e9-5794-464c1d5826c4,f62dab14-cd6c-46e4-3aa2-d3c0ccca7b4c,2020-09-24,2020-09-25,763.79,0.1632425167197946,1,0.0,807.17,763.79,807.17
4b09b86d-5b70-40e9-5794-464c1d5826c4,f62dab14-cd6c-46e4-3aa2-d3c0ccca7b4c,2020-09-25,2020-09-26,865.59,0.1152937501940005,0,827.7761555555553,763.79,37.813844444444726,827.7761555555553
4b09b86d-5b70-40e9-5794-464c1d5826c4,f62dab14-cd6c-46e4-3aa2-d3c0ccca7b4c,2020-09-26,2020-09-27,768.92,0.1045409865263927,0,798.47735,865.59,29.55735000000004,798.47735
4b09b86d-5b70-40e9-5794-464c1d5826c4,f62dab14-cd6c-46e4-3aa2-d3c0ccca7b4c,2020-09-27,2020-09-28,858.3,0.1694943747591509,1,0.0,768.92,858.3,768.92
4b09b86d-5b70-40e9-5794-464c1d5826c4,f62dab14-cd6c-46e4-3aa2-d3c0ccca7b4c,2020-09-28,2020-09-29,801.58,0.3162958831104742,1,0.0,858.3,801.58,858.3
4b09b86d-5b70-40e9-5794-464c1d5826c4,f62dab14-cd6c-46e4-3aa2-d3c0ccca7b4c,2020-09-29,2020-09-30,852.01,0.2061135884600796,1,0.0,801.58,852.01,801.58
4b09b86d-5b70-40e9-5794-464c1d5826c4,f62dab14-cd6c-46e4-3aa2-d3c0ccca7b4c,2020-09-30,2020-10-01,866.78,0.183561031133061,1,0.0,852.01,866.78,852.01
4b09b86d-5b70-40e9-5794-464c1d5826c4,f62dab14-cd6c-46e4-3aa2-d3c0ccca7b4c,2020-10-01,2020-10-02,790.78,0.1473692235465112,0,803.9833499999996,866.78,13.20334999999966,803.9833499999996
4b09b86d-5b70-40e9-5794-464c1d5826c4,f62dab14-cd6c-46e4-3aa2-d3c0ccca7b4c,2020-10-02,2020-10-03,831.07,0.1383126996634522,0,814.2771388888883,790.78,16.792861111111733,814.2771388888883
4b09b86d-5b70-40e9-5794-464c1d5826c4,f62dab14-cd6c-46e4-3aa2-d3c0ccca7b4c,2020-10-03,2020-10-04,850.6,0.2025205036462323,1,0.0,831.07,850.6,831.07
4b09b86d-5b70-40e9-5794-464c1d5826c4,f62dab14-cd6c-46e4-3aa2-d3c0ccca7b4c,2020-10-04,2020-10-05,838.48,0.1208374702531245,0,813.3581333333333,850.6,25.121866666666733,813.3581333333333
4b09b86d-5b70-40e9-5794-464c1d5826c4,f62dab14-cd6c-46e4-3aa2-d3c0ccca7b4c,2020-10-05,2020-10-06,731.13,0.2848793035431755,1,0.0,838.48,731.13,838.48
4b09b86d-5b70-40e9-5794-464c1d5826c4,f62dab14-cd6c-46e4-3aa2-d3c0ccca7b4c,2020-10-06,2020-10-07,756.31,0.2237276099529925,1,0.0,731.13,756.31,731.13
4b09b86d-5b70-40e9-5794-464c1d5826c4,f62dab14-cd6c-46e4-3aa2-d3c0ccca7b4c,2020-10-07,2020-10-08,772.43,0.2081304362364612,1,0.0,756.31,772.43,756.31
4b09b86d-5b70-40e9-5794-464c1d5826c4,f62dab14-cd6c-46e4-3aa2-d3c0ccca7b4c,2020-10-08,2020-10-09,811.02,0.1974320520268649,1,0.0,772.43,811.02,772.43
4b09b86d-5b70-40e9-5794-464c1d5826c4,f62dab14-cd6c-46e4-3aa2-d3c0ccca7b4c,2020-10-09,2020-10-10,744.41,0.201408978114232,1,0.0,811.02,744.41,811.02
4b09b86d-5b70-40e9-5794-464c1d5826c4,f62dab14-cd6c-46e4-3aa2-d3c0ccca7b4c,2020-10-10,2020-10-11,738.3,0.1775930596053203,1,0.0,744.41,738.3,744.41
4b09b86d-5b70-40e9-5794-464c1d5826c4,f62dab14-cd6c-46e4-3aa2-d3c0ccca7b4c,2020-10-11,2020-10-12,783.55,0.1643161677960082,1,0.0,738.3,783.55,738.3
4b09b86d-5b70-40e9-5794-464c1d5826c4,f62dab14-cd6c-46e4-3aa2-d3c0ccca7b4c,2020-10-12,2020-10-13,759.56,0.3118827090637083,1,0.0,783.55,759.56,783.55
4b09b86d-5b70-40e9-5794-464c1d5826c4,f62dab14-cd6c-46e4-3aa2-d3c0ccca7b4c,2020-10-13,2020-10-14,728.93,0.1692519315822836,1,0.0,759.56,728.93,759.56
4b09b86d-5b70-40e9-5794-464c1d5826c4,f62dab14-cd6c-46e4-3aa2-d3c0ccca7b4c,2020-10-14,2020-10-15,768.13,0.1513945009904511,1,0.0,728.93,768.13,728.93
4b09b86d-5b70-40e9-5794-464c1d5826c4,f62dab14-cd6c-46e4-3aa2-d3c0ccca7b4c,2020-10-15,2020-10-16,772.88,0.1407855791472095,0,818.4324388888886,768.13,45.55243888888856,818.4324388888886
4b09b86d-5b70-40e9-5794-464c1d5826c4,f62dab14-cd6c-46e4-3aa2-d3c0ccca7b4c,2020-10-16,2020-10-17,807.64,0.1843077125995622,1,0.0,772.88,807.64,772.88
4b09b86d-5b70-40e9-5794-464c1d5826c4,f62dab14-cd6c-46e4-3aa2-d3c0ccca7b4c,2020-10-17,2020-10-18,752.29,0.1491845505001967,0,792.8758388888889,807.64,40.58583888888893,792.8758388888889
4b09b86d-5b70-40e9-5794-464c1d5826c4,f62dab14-cd6c-46e4-3aa2-d3c0ccca7b4c,2020-10-18,2020-10-19,724.92,0.1005122028974789,0,831.9184055555548,752.29,106.99840555555488,831.9184055555548
4b09b86d-5b70-40e9-5794-464c1d5826c4,f62dab14-cd6c-46e4-3aa2-d3c0ccca7b4c,2020-10-19,2020-10-20,812.7,0.2618272758220956,1,0.0,724.92,812.7,724.92
4b09b86d-5b70-40e9-5794-464c1d5826c4,f62dab14-cd6c-46e4-3aa2-d3c0ccca7b4c,2020-10-20,2020-10-21,0.0,0.2008719151431843,1,0.0,812.7,0.0,812.7
4b09b86d-5b70-40e9-5794-464c1d5826c4,f62dab14-cd6c-46e4-3aa2-d3c0ccca7b4c,2020-10-21,2020-10-22,782.66,0.0208812225300244,0,806.0062888888888,0.0,23.346288888888807,806.0062888888888
4b09b86d-5b70-40e9-5794-464c1d5826c4,f62dab14-cd6c-46e4-3aa2-d3c0ccca7b4c,2020-10-22,2020-10-23,717.64,0.1063573100338144,0,835.2723527777779,782.66,117.6323527777779,835.2723527777779
4b09b86d-5b70-40e9-5794-464c1d5826c4,f62dab14-cd6c-46e4-3aa2-d3c0ccca7b4c,2020-10-23,2020-10-24,761.34,0.1108820969702038,0,803.6226027777769,717.64,42.2826027777769,803.6226027777769
4b09b86d-5b70-40e9-5794-464c1d5826c4,f62dab14-cd6c-46e4-3aa2-d3c0ccca7b4c,2020-10-24,2020-10-25,758.57,0.1751885153080384,1,0.0,761.34,758.57,761.34
4b09b86d-5b70-40e9-5794-464c1d5826c4,f62dab14-cd6c-46e4-3aa2-d3c0ccca7b4c,2020-10-25,2020-10-26,744.52,0.1299181285703085,0,807.1478222222222,758.57,62.62782222222222,807.1478222222222
4b09b86d-5b70-40e9-5794-464c1d5826c4,f62dab14-cd6c-46e4-3aa2-d3c0ccca7b4c,2020-10-26,2020-10-27,750.95,0.2299180228762365,1,0.0,744.52,750.95,744.52
4b09b86d-5b70-40e9-5794-464c1d5826c4,f62dab14-cd6c-46e4-3aa2-d3c0ccca7b4c,2020-10-27,2020-10-28,699.57,0.2069835143612149,1,0.0,750.95,699.57,750.95
4b09b86d-5b70-40e9-5794-464c1d5826c4,f62dab14-cd6c-46e4-3aa2-d3c0ccca7b4c,2020-10-28,2020-10-29,774.51,0.0875723483790669,0,764.2013805555555,699.57,10.308619444444505,764.2013805555555
4b09b86d-5b70-40e9-5794-464c1d5826c4,f62dab14-cd6c-46e4-3aa2-d3c0ccca7b4c,2020-10-29,2020-10-30,721.38,0.1758990917033964,1,0.0,774.51,721.38,774.51
4b09b86d-5b70-40e9-5794-464c1d5826c4,f62dab14-cd6c-46e4-3aa2-d3c0ccca7b4c,2020-10-30,2020-10-31,700.26,0.144820876077211,0,791.8965083333334,721.38,91.63650833333338,791.8965083333334
4b09b86d-5b70-40e9-5794-464c1d5826c4,f62dab14-cd6c-46e4-3aa2-d3c0ccca7b4c,2020-10-31,2020-11-01,773.24,0.1649912177278141,1,0.0,700.26,773.24,700.26
4b09b86d-5b70-40e9-5794-464c1d5826c4,f62dab14-cd6c-46e4-3aa2-d3c0ccca7b4c,2020-11-01,2020-11-02,744.51,0.1332616693091655,0,813.8691777777783,773.24,69.35917777777831,813.8691777777783
4b09b86d-5b70-40e9-5794-464c1d5826c4,f62dab14-cd6c-46e4-3aa2-d3c0ccca7b4c,2020-11-02,2020-11-03,778.33,0.2220189361034678,1,0.0,744.51,778.33,744.51
4b09b86d-5b70-40e9-5794-464c1d5826c4,f62dab14-cd6c-46e4-3aa2-d3c0ccca7b4c,2020-11-03,2020-11-04,0.0,0.1728981174474078,1,0.0,778.33,0.0,778.33
4b09b86d-5b70-40e9-5794-464c1d5826c4,f62dab14-cd6c-46e4-3aa2-d3c0ccca7b4c,2020-11-04,2020-11-05,769.73,0.0281291702515779,0,776.9790888888889,0.0,7.249088888888878,776.9790888888889
4b09b86d-5b70-40e9-5794-464c1d5826c4,f62dab14-cd6c-46e4-3aa2-d3c0ccca7b4c,2020-11-05,2020-11-06,705.48,0.0973936524588491,0,827.3232083333335,769.73,121.84320833333344,827.3232083333335
4b09b86d-5b70-40e9-5794-464c1d5826c4,f62dab14-cd6c-46e4-3aa2-d3c0ccca7b4c,2020-11-06,2020-11-07,760.07,0.1085143563081296,0,789.7494472222219,705.48,29.679447222221825,789.7494472222219
4b09b86d-5b70-40e9-5794-464c1d5826c4,f62dab14-cd6c-46e4-3aa2-d3c0ccca7b4c,2020-11-07,2020-11-08,0.0,0.1443785005470203,0,777.2518833333336,760.07,777.2518833333336,777.2518833333336
4b09b86d-5b70-40e9-5794-464c1d5826c4,f62dab14-cd6c-46e4-3aa2-d3c0ccca7b4c,2020-11-08,2020-11-09,768.61,0.0293181165754844,0,769.4665388888887,0.0,0.8565388888887355,769.4665388888887
4b09b86d-5b70-40e9-5794-464c1d5826c4,f62dab14-cd6c-46e4-3aa2-d3c0ccca7b4c,2020-11-09,2020-11-10,831.16,0.1773212286925234,1,0.0,768.61,831.16,768.61
4b09b86d-5b70-40e9-5794-464c1d5826c4,f62dab14-cd6c-46e4-3aa2-d3c0ccca7b4c,2020-11-10,2020-11-11,748.64,0.1306568919186501,0,794.4012000000001,831.16,45.761200000000144,794.4012000000001
4b09b86d-5b70-40e9-5794-464c1d5826c4,f62dab14-cd6c-46e4-3aa2-d3c0ccca7b4c,2020-11-11,2020-11-12,806.69,0.0683162925788073,0,757.8093944444449,748.64,48.88060555555512,757.8093944444449
4b09b86d-5b70-40e9-5794-464c1d5826c4,f62dab14-cd6c-46e4-3aa2-d3c0ccca7b4c,2020-11-12,2020-11-13,759.61,0.1248441365054844,0,824.8892500000003,806.69,65.27925000000027,824.8892500000003
4b09b86d-5b70-40e9-5794-464c1d5826c4,f62dab14-cd6c-46e4-3aa2-d3c0ccca7b4c,2020-11-13,2020-11-14,713.28,0.1035741064182445,0,804.0869000000001,759.61,90.80690000000016,804.0869000000001
4b09b86d-5b70-40e9-5794-464c1d5826c4,f62dab14-cd6c-46e4-3aa2-d3c0ccca7b4c,2020-11-14,2020-11-15,755.98,0.1313221607818818,0,784.2846638888888,713.28,28.30466388888874,784.2846638888888
4b09b86d-5b70-40e9-5794-464c1d5826c4,f62dab14-cd6c-46e4-3aa2-d3c0ccca7b4c,2020-11-15,2020-11-16,751.66,0.0823134902881517,0,789.257263888889,755.98,37.597263888889074,789.257263888889
4b09b86d-5b70-40e9-5794-464c1d5826c4,f62dab14-cd6c-46e4-3aa2-d3c0ccca7b4c,2020-11-16,2020-11-17,846.13,0.2119612056249568,1,0.0,751.66,846.13,751.66
4b09b86d-5b70-40e9-5794-464c1d5826c4,f62dab14-cd6c-46e4-3aa2-d3c0ccca7b4c,2020-11-17,2020-11-18,750.77,0.2204447930430253,1,0.0,846.13,750.77,846.13
4b09b86d-5b70-40e9-5794-464c1d5826c4,f62dab14-cd6c-46e4-3aa2-d3c0ccca7b4c,2020-11-18,2020-11-19,813.64,0.1055059608103145,0,807.1476611111112,750.77,6.492338888888753,807.1476611111112
4b09b86d-5b70-40e9-5794-464c1d5826c4,f62dab14-cd6c-46e4-3aa2-d3c0ccca7b4c,2020-11-19,2020-11-20,754.32,0.2002635798296297,1,0.0,813.64,754.32,813.64
4b09b86d-5b70-40e9-5794-464c1d5826c4,f62dab14-cd6c-46e4-3aa2-d3c0ccca7b4c,2020-11-20,2020-11-21,743.14,0.1343989163105115,0,824.4694555555554,754.32,81.32945555555546,824.4694555555554
4b09b86d-5b70-40e9-5794-464c1d5826c4,f62dab14-cd6c-46e4-3aa2-d3c0ccca7b4c,2020-11-21,2020-11-22,682.77,0.1521128866218052,1,0.0,743.14,682.77,743.14
4b09b86d-5b70-40e9-5794-464c1d5826c4,f62dab14-cd6c-46e4-3aa2-d3c0ccca7b4c,2020-11-22,2020-11-23,802.14,0.1578338945936363,1,0.0,682.77,802.14,682.77
4b09b86d-5b70-40e9-5794-464c1d5826c4,f62dab14-cd6c-46e4-3aa2-d3c0ccca7b4c,2020-11-23,2020-11-24,699.24,0.2677346487563208,1,0.0,802.14,699.24,802.14
4b09b86d-5b70-40e9-5794-464c1d5826c4,f62dab14-cd6c-46e4-3aa2-d3c0ccca7b4c,2020-11-24,2020-11-25,740.47,0.182157331965507,1,0.0,699.24,740.47,699.24
4b09b86d-5b70-40e9-5794-464c1d5826c4,f62dab14-cd6c-46e4-3aa2-d3c0ccca7b4c,2020-11-25,2020-11-26,736.14,0.1685322313416929,1,0.0,740.47,736.14,740.47
4b09b86d-5b70-40e9-5794-464c1d5826c4,f62dab14-cd6c-46e4-3aa2-d3c0ccca7b4c,2020-11-26,2020-11-27,758.1,0.1354831799613278,0,815.3051305555557,736.14,57.20513055555568,815.3051305555557
4b09b86d-5b70-40e9-5794-464c1d5826c4,f62dab14-cd6c-46e4-3aa2-d3c0ccca7b4c,2020-11-27,2020-11-28,749.68,0.1287627342647367,0,827.1160500000004,758.1,77.43605000000048,827.1160500000004
4b09b86d-5b70-40e9-5794-464c1d5826c4,f62dab14-cd6c-46e4-3aa2-d3c0ccca7b4c,2020-11-28,2020-11-29,774.46,0.129127980839654,0,803.9746750000005,749.68,29.514675000000462,803.9746750000005
4b09b86d-5b70-40e9-5794-464c1d5826c4,f62dab14-cd6c-46e4-3aa2-d3c0ccca7b4c,2020-11-29,2020-11-30,727.87,0.1123405747239033,0,786.5605944444445,774.46,58.690594444444514,786.5605944444445
4b09b86d-5b70-40e9-5794-464c1d5826c4,f62dab14-cd6c-46e4-3aa2-d3c0ccca7b4c,2020-11-30,2020-12-01,767.11,0.2661652354857253,1,0.0,727.87,767.11,727.87
4b09b86d-5b70-40e9-5794-464c1d5826c4,f62dab14-cd6c-46e4-3aa2-d3c0ccca7b4c,2020-12-01,2020-12-02,749.19,0.1701571155895549,1,0.0,767.11,749.19,767.11
4b09b86d-5b70-40e9-5794-464c1d5826c4,f62dab14-cd6c-46e4-3aa2-d3c0ccca7b4c,2020-12-02,2020-12-03,718.73,0.1407785392917313,0,814.4351472222221,749.19,95.70514722222208,814.4351472222221
4b09b86d-5b70-40e9-5794-464c1d5826c4,f62dab14-cd6c-46e4-3aa2-d3c0ccca7b4c,2020-12-03,2020-12-04,762.88,0.1479477381201638,0,801.0533083333331,718.73,38.173308333333125,801.0533083333331
4b09b86d-5b70-40e9-5794-464c1d5826c4,f62dab14-cd6c-46e4-3aa2-d3c0ccca7b4c,2020-12-04,2020-12-05,805.71,0.145948878305515,0,821.7867666666663,762.88,16.07676666666623,821.7867666666663
4b09b86d-5b70-40e9-5794-464c1d5826c4,f62dab14-cd6c-46e4-3aa2-d3c0ccca7b4c,2020-12-05,2020-12-06,783.13,0.1405508503211406,0,820.4762722222221,805.71,37.34627222222207,820.4762722222221
4b09b86d-5b70-40e9-5794-464c1d5826c4,f62dab14-cd6c-46e4-3aa2-d3c0ccca7b4c,2020-12-06,2020-12-07,761.26,0.1204487801957721,0,834.1365222222217,783.13,72.87652222222175,834.1365222222217
4b09b86d-5b70-40e9-5794-464c1d5826c4,f62dab14-cd6c-46e4-3aa2-d3c0ccca7b4c,2020-12-07,2020-12-08,730.41,0.2756205446332038,1,0.0,761.26,730.41,761.26
4b09b86d-5b70-40e9-5794-464c1d5826c4,f62dab14-cd6c-46e4-3aa2-d3c0ccca7b4c,2020-12-08,2020-12-09,630.93,0.1848867455732279,1,0.0,730.41,630.93,730.41
4b09b86d-5b70-40e9-5794-464c1d5826c4,f62dab14-cd6c-46e4-3aa2-d3c0ccca7b4c,2020-12-09,2020-12-10,709.38,0.1389506597344497,0,791.035841666667,630.93,81.65584166666702,791.035841666667
4b09b86d-5b70-40e9-5794-464c1d5826c4,f62dab14-cd6c-46e4-3aa2-d3c0ccca7b4c,2020-12-10,2020-12-11,721.22,0.1429672852312941,0,774.2644694444451,709.38,53.0444694444451,774.2644694444451
4b09b86d-5b70-40e9-5794-464c1d5826c4,f62dab14-cd6c-46e4-3aa2-d3c0ccca7b4c,2020-12-11,2020-12-12,714.19,0.1505182612292698,1,0.0,721.22,714.19,721.22
4b09b86d-5b70-40e9-5794-464c1d5826c4,f62dab14-cd6c-46e4-3aa2-d3c0ccca7b4c,2020-12-12,2020-12-13,700.67,0.1645450368608724,1,0.0,714.19,700.67,714.19
4b09b86d-5b70-40e9-5794-464c1d5826c4,f62dab14-cd6c-46e4-3aa2-d3c0ccca7b4c,2020-12-13,2020-12-14,760.37,0.1228719229654921,0,807.1270361111111,700.67,46.75703611111112,807.1270361111111
4b09b86d-5b70-40e9-5794-464c1d5826c4,f62dab14-cd6c-46e4-3aa2-d3c0ccca7b4c,2020-12-14,2020-12-15,691.01,0.277738317386443,1,0.0,760.37,691.01,760.37
4b09b86d-5b70-40e9-5794-464c1d5826c4,f62dab14-cd6c-46e4-3aa2-d3c0ccca7b4c,2020-12-15,2020-12-16,717.29,0.1758471484564728,1,0.0,691.01,717.29,691.01
4b09b86d-5b70-40e9-5794-464c1d5826c4,f62dab14-cd6c-46e4-3aa2-d3c0ccca7b4c,2020-12-16,2020-12-17,770.92,0.1219880660938423,0,743.2505138888889,717.29,27.66948611111104,743.2505138888889
4b09b86d-5b70-40e9-5794-464c1d5826c4,f62dab14-cd6c-46e4-3aa2-d3c0ccca7b4c,2020-12-17,2020-12-18,833.04,0.1221078447439829,0,795.9671222222224,770.92,37.072877777777535,795.9671222222224
4b09b86d-5b70-40e9-5794-464c1d5826c4,f62dab14-cd6c-46e4-3aa2-d3c0ccca7b4c,2020-12-18,2020-12-19,739.87,0.1173296780637818,0,784.7168833333335,833.04,44.84688333333349,784.7168833333335
4b09b86d-5b70-40e9-5794-464c1d5826c4,f62dab14-cd6c-46e4-3aa2-d3c0ccca7b4c,2020-12-19,2020-12-20,652.87,0.0951432410006118,0,801.4016194444439,739.87,148.5316194444439,801.4016194444439
4b09b86d-5b70-40e9-5794-464c1d5826c4,f62dab14-cd6c-46e4-3aa2-d3c0ccca7b4c,2020-12-20,2020-12-21,744.89,0.112498101550747,0,785.2724472222221,652.87,40.38244722222214,785.2724472222221
4b09b86d-5b70-40e9-5794-464c1d5826c4,f62dab14-cd6c-46e4-3aa2-d3c0ccca7b4c,2020-12-21,2020-12-22,0.0,0.2345805629871277,1,0.0,744.89,0.0,744.89
4b09b86d-5b70-40e9-5794-464c1d5826c4,f62dab14-cd6c-46e4-3aa2-d3c0ccca7b4c,2020-12-22,2020-12-23,731.39,0.035326149999421,0,758.0908111111107,0.0,26.70081111111074,758.0908111111107
4b09b86d-5b70-40e9-5794-464c1d5826c4,f62dab14-cd6c-46e4-3aa2-d3c0ccca7b4c,2020-12-23,2020-12-24,782.19,0.1051063249238284,0,794.6794027777776,731.39,12.489402777777514,794.6794027777776
4b09b86d-5b70-40e9-5794-464c1d5826c4,f62dab14-cd6c-46e4-3aa2-d3c0ccca7b4c,2020-12-24,2020-12-25,735.26,0.1277021897570087,0,818.0327277777777,782.19,82.77272777777773,818.0327277777777
4b09b86d-5b70-40e9-5794-464c1d5826c4,f62dab14-cd6c-46e4-3aa2-d3c0ccca7b4c,2020-12-25,2020-12-26,743.33,0.1345303067449719,0,803.7719361111108,735.26,60.44193611111075,803.7719361111108
4b09b86d-5b70-40e9-5794-464c1d5826c4,f62dab14-cd6c-46e4-3aa2-d3c0ccca7b4c,2020-12-26,2020-12-27,751.13,0.1264728328136396,0,789.1317777777776,743.33,38.00177777777765,789.1317777777776
4b09b86d-5b70-40e9-5794-464c1d5826c4,f62dab14-cd6c-46e4-3aa2-d3c0ccca7b4c,2020-12-27,2020-12-28,707.62,0.1191309041794963,0,775.357333333334,751.13,67.73733333333405,775.357333333334
4b09b86d-5b70-40e9-5794-464c1d5826c4,f62dab14-cd6c-46e4-3aa2-d3c0ccca7b4c,2020-12-28,2020-12-29,720.2,0.2126790155580347,1,0.0,707.62,720.2,707.62
4b09b86d-5b70-40e9-5794-464c1d5826c4,f62dab14-cd6c-46e4-3aa2-d3c0ccca7b4c,2020-12-29,2020-12-30,724.69,0.1026809072796822,0,761.2963527777782,720.2,36.60635277777817,761.2963527777782
4b09b86d-5b70-40e9-5794-464c1d5826c4,f62dab14-cd6c-46e4-3aa2-d3c0ccca7b4c,2020-12-30,2020-12-31,703.89,0.1585217346897183,1,0.0,724.69,703.89,724.69
4ece1f9f-5f91-42f4-3861-ddb968821472,4c4bc7b4-117e-47b3-b4c9-827d0c7ba64a,2020-08-23,2020-08-24,422.04,0.0264490069053569,0,428.561272222222,425.03,6.521272222221967,428.561272222222
4ece1f9f-5f91-42f4-3861-ddb968821472,4c4bc7b4-117e-47b3-b4c9-827d0c7ba64a,2020-08-24,2020-08-25,410.24,0.0682618120835959,0,429.4434833333335,422.04,19.20348333333345,429.4434833333335
4ece1f9f-5f91-42f4-3861-ddb968821472,4c4bc7b4-117e-47b3-b4c9-827d0c7ba64a,2020-08-25,2020-08-26,399.6,0.0545822633307851,0,428.88268333333343,410.24,29.28268333333341,428.88268333333343
4ece1f9f-5f91-42f4-3861-ddb968821472,4c4bc7b4-117e-47b3-b4c9-827d0c7ba64a,2020-08-26,2020-08-27,402.41,0.0552674665154532,0,428.11273888888906,399.6,25.70273888888903,428.11273888888906
4ece1f9f-5f91-42f4-3861-ddb968821472,4c4bc7b4-117e-47b3-b4c9-827d0c7ba64a,2020-08-27,2020-08-28,427.31,0.0397170767337027,0,425.7591833333332,402.41,1.5508166666667762,425.7591833333332
4ece1f9f-5f91-42f4-3861-ddb968821472,4c4bc7b4-117e-47b3-b4c9-827d0c7ba64a,2020-08-28,2020-08-29,401.33,0.0145798975291357,0,431.0878444444444,427.31,29.7578444444444,431.0878444444444
4ece1f9f-5f91-42f4-3861-ddb968821472,4c4bc7b4-117e-47b3-b4c9-827d0c7ba64a,2020-08-29,2020-08-30,411.0,0.0554456966396675,0,425.54041666666654,401.33,14.540416666666545,425.54041666666654
4ece1f9f-5f91-42f4-3861-ddb968821472,4c4bc7b4-117e-47b3-b4c9-827d0c7ba64a,2020-08-30,2020-08-31,409.51,0.0713816553100694,0,424.8682499999998,411.0,15.358249999999828,424.8682499999998
4ece1f9f-5f91-42f4-3861-ddb968821472,4c4bc7b4-117e-47b3-b4c9-827d0c7ba64a,2020-08-31,2020-09-01,452.76,0.0267574157234231,0,427.0470999999995,409.51,25.712900000000506,427.0470999999995
4ece1f9f-5f91-42f4-3861-ddb968821472,4c4bc7b4-117e-47b3-b4c9-827d0c7ba64a,2020-09-01,2020-09-02,419.31,0.036645354538109,0,422.1119722222221,452.76,2.801972222222048,422.1119722222221
4ece1f9f-5f91-42f4-3861-ddb968821472,4c4bc7b4-117e-47b3-b4c9-827d0c7ba64a,2020-09-02,2020-09-03,421.49,0.0601480429720126,0,431.6617166666665,419.31,10.171716666666498,431.6617166666665
4ece1f9f-5f91-42f4-3861-ddb968821472,4c4bc7b4-117e-47b3-b4c9-827d0c7ba64a,2020-09-03,2020-09-04,398.05,0.0705158682781968,0,432.2695222222225,421.49,34.21952222222251,432.2695222222225
4ece1f9f-5f91-42f4-3861-ddb968821472,4c4bc7b4-117e-47b3-b4c9-827d0c7ba64a,2020-09-04,2020-09-05,398.04,0.0515936085363301,0,426.2986388888889,398.05,28.258638888888868,426.2986388888889
4ece1f9f-5f91-42f4-3861-ddb968821472,4c4bc7b4-117e-47b3-b4c9-827d0c7ba64a,2020-09-05,2020-09-06,394.11,0.0293518716141425,0,427.1421833333336,398.04,33.03218333333359,427.1421833333336
4ece1f9f-5f91-42f4-3861-ddb968821472,4c4bc7b4-117e-47b3-b4c9-827d0c7ba64a,2020-09-06,2020-09-07,412.53,0.0531734664709205,0,427.0755111111113,394.11,14.545511111111352,427.0755111111113
4ece1f9f-5f91-42f4-3861-ddb968821472,4c4bc7b4-117e-47b3-b4c9-827d0c7ba64a,2020-09-07,2020-09-08,381.5,0.023019738013412,0,431.9357111111112,412.53,50.43571111111123,431.9357111111112
4ece1f9f-5f91-42f4-3861-ddb968821472,4c4bc7b4-117e-47b3-b4c9-827d0c7ba64a,2020-09-08,2020-09-09,430.19,0.0340726405471378,0,427.7006222222221,381.5,2.489377777777918,427.7006222222221
4ece1f9f-5f91-42f4-3861-ddb968821472,4c4bc7b4-117e-47b3-b4c9-827d0c7ba64a,2020-09-09,2020-09-10,423.67,0.0253693174301667,0,422.44678333333326,430.19,1.223216666666758,422.44678333333326
4ece1f9f-5f91-42f4-3861-ddb968821472,4c4bc7b4-117e-47b3-b4c9-827d0c7ba64a,2020-09-10,2020-09-11,389.38,0.0478754481175929,0,425.51972777777786,423.67,36.13972777777786,425.51972777777786
4ece1f9f-5f91-42f4-3861-ddb968821472,4c4bc7b4-117e-47b3-b4c9-827d0c7ba64a,2020-09-11,2020-09-12,408.73,0.0292759095197676,0,423.88073888888897,389.38,15.150738888888952,423.88073888888897
4ece1f9f-5f91-42f4-3861-ddb968821472,4c4bc7b4-117e-47b3-b4c9-827d0c7ba64a,2020-09-12,2020-09-13,437.98,0.0280129514426565,0,420.9293388888887,408.73,17.05066111111131,420.9293388888887
4ece1f9f-5f91-42f4-3861-ddb968821472,4c4bc7b4-117e-47b3-b4c9-827d0c7ba64a,2020-09-13,2020-09-14,412.32,0.0229620600319629,0,420.86315,437.98,8.543149999999969,420.86315
4ece1f9f-5f91-42f4-3861-ddb968821472,4c4bc7b4-117e-47b3-b4c9-827d0c7ba64a,2020-09-14,2020-09-15,387.9,0.0387538558200279,0,431.59377222222247,412.32,43.69377222222249,431.59377222222247
4ece1f9f-5f91-42f4-3861-ddb968821472,4c4bc7b4-117e-47b3-b4c9-827d0c7ba64a,2020-09-15,2020-09-16,438.21,0.077609930487502,0,428.01303333333306,387.9,10.196966666666924,428.01303333333306
4ece1f9f-5f91-42f4-3861-ddb968821472,4c4bc7b4-117e-47b3-b4c9-827d0c7ba64a,2020-09-16,2020-09-17,433.74,0.0702831754756719,0,420.0770611111108,438.21,13.662938888889189,420.0770611111108
4ece1f9f-5f91-42f4-3861-ddb968821472,4c4bc7b4-117e-47b3-b4c9-827d0c7ba64a,2020-09-17,2020-09-18,438.04,0.0401939047716264,0,429.055522222222,433.74,8.984477777778011,429.055522222222
4ece1f9f-5f91-42f4-3861-ddb968821472,4c4bc7b4-117e-47b3-b4c9-827d0c7ba64a,2020-09-18,2020-09-19,392.13,0.0401463527395312,0,426.35231666666687,438.04,34.22231666666687,426.35231666666687
4ece1f9f-5f91-42f4-3861-ddb968821472,4c4bc7b4-117e-47b3-b4c9-827d0c7ba64a,2020-09-19,2020-09-20,481.07,0.0568761752634749,0,432.0262833333338,392.13,49.04371666666617,432.0262833333338
4ece1f9f-5f91-42f4-3861-ddb968821472,4c4bc7b4-117e-47b3-b4c9-827d0c7ba64a,2020-09-20,2020-09-21,418.68,0.0540664162004008,0,427.8842633333333,481.07,9.204263333333245,427.8842633333333
4ece1f9f-5f91-42f4-3861-ddb968821472,4c4bc7b4-117e-47b3-b4c9-827d0c7ba64a,2020-09-21,2020-09-22,409.63,0.042746891154594,0,433.92777777777775,418.68,24.297777777777757,433.92777777777775
4ece1f9f-5f91-42f4-3861-ddb968821472,4c4bc7b4-117e-47b3-b4c9-827d0c7ba64a,2020-09-22,2020-09-23,417.12,0.0281031431754201,0,429.0302222222223,409.63,11.910222222222274,429.0302222222223
4ece1f9f-5f91-42f4-3861-ddb968821472,4c4bc7b4-117e-47b3-b4c9-827d0c7ba64a,2020-09-23,2020-09-24,428.47,0.0242871359509391,0,427.6294999999999,417.12,0.8405000000001337,427.6294999999999
4ece1f9f-5f91-42f4-3861-ddb968821472,4c4bc7b4-117e-47b3-b4c9-827d0c7ba64a,2020-09-24,2020-09-25,443.57,0.0461856095326036,0,430.61050555555545,428.47,12.959494444444545,430.61050555555545
4ece1f9f-5f91-42f4-3861-ddb968821472,4c4bc7b4-117e-47b3-b4c9-827d0c7ba64a,2020-09-25,2020-09-26,393.03,0.058462348436969,0,424.17256666666657,443.57,31.1425666666666,424.17256666666657
4ece1f9f-5f91-42f4-3861-ddb968821472,4c4bc7b4-117e-47b3-b4c9-827d0c7ba64a,2020-09-26,2020-09-27,403.02,0.0345683575298668,0,430.8066277777778,393.03,27.786627777777824,430.8066277777778
4ece1f9f-5f91-42f4-3861-ddb968821472,4c4bc7b4-117e-47b3-b4c9-827d0c7ba64a,2020-09-27,2020-09-28,393.86,0.0410991632622988,0,435.3558722222224,403.02,41.49587222222243,435.3558722222224
4ece1f9f-5f91-42f4-3861-ddb968821472,4c4bc7b4-117e-47b3-b4c9-827d0c7ba64a,2020-09-28,2020-09-29,376.9,0.0409098601572036,0,429.3021722222224,393.86,52.40217222222236,429.3021722222224
4ece1f9f-5f91-42f4-3861-ddb968821472,4c4bc7b4-117e-47b3-b4c9-827d0c7ba64a,2020-09-29,2020-09-30,414.18,0.0119515526367082,0,424.72546666666665,376.9,10.54546666666664,424.72546666666665
4ece1f9f-5f91-42f4-3861-ddb968821472,4c4bc7b4-117e-47b3-b4c9-827d0c7ba64a,2020-09-30,2020-10-01,428.37,0.0184775186582902,0,421.4434444444444,414.18,6.926555555555581,421.4434444444444
4ece1f9f-5f91-42f4-3861-ddb968821472,4c4bc7b4-117e-47b3-b4c9-827d0c7ba64a,2020-10-01,2020-10-02,392.6,0.0224752693666557,0,424.7410833333333,428.37,32.14108333333331,424.7410833333333
4ece1f9f-5f91-42f4-3861-ddb968821472,4c4bc7b4-117e-47b3-b4c9-827d0c7ba64a,2020-10-02,2020-10-03,394.88,0.0662325317136807,0,425.6270444444445,392.6,30.747044444444494,425.6270444444445
4ece1f9f-5f91-42f4-3861-ddb968821472,4c4bc7b4-117e-47b3-b4c9-827d0c7ba64a,2020-10-03,2020-10-04,394.69,0.0707573831860349,0,419.1195333333331,394.88,24.429533333333097,419.1195333333331
4ece1f9f-5f91-42f4-3861-ddb968821472,4c4bc7b4-117e-47b3-b4c9-827d0c7ba64a,2020-10-04,2020-10-05,428.14,0.0479041621348111,0,420.6030444444443,394.69,7.536955555555664,420.6030444444443
4ece1f9f-5f91-42f4-3861-ddb968821472,4c4bc7b4-117e-47b3-b4c9-827d0c7ba64a,2020-10-05,2020-10-06,396.69,0.0529264139082535,0,423.61562777777766,428.14,26.925627777777663,423.61562777777766
4ece1f9f-5f91-42f4-3861-ddb968821472,4c4bc7b4-117e-47b3-b4c9-827d0c7ba64a,2020-10-06,2020-10-07,364.27,0.0756564280146947,0,418.1041666666666,396.69,53.83416666666659,418.1041666666666
4ece1f9f-5f91-42f4-3861-ddb968821472,4c4bc7b4-117e-47b3-b4c9-827d0c7ba64a,2020-10-07,2020-10-08,408.29,0.0741403550858836,0,420.4520888888887,364.27,12.16208888888866,420.4520888888887
4ece1f9f-5f91-42f4-3861-ddb968821472,4c4bc7b4-117e-47b3-b4c9-827d0c7ba64a,2020-10-08,2020-10-09,397.59,0.0342994635173668,0,420.7822722222221,408.29,23.19227222222213,420.7822722222221
4ece1f9f-5f91-42f4-3861-ddb968821472,4c4bc7b4-117e-47b3-b4c9-827d0c7ba64a,2020-10-09,2020-10-10,384.97,0.0286266478101708,0,415.3728666666667,397.59,30.40286666666668,415.3728666666667
4ece1f9f-5f91-42f4-3861-ddb968821472,4c4bc7b4-117e-47b3-b4c9-827d0c7ba64a,2020-10-10,2020-10-11,406.01,0.025560227076788,0,418.2522055555556,384.97,12.242205555555586,418.2522055555556
4ece1f9f-5f91-42f4-3861-ddb968821472,4c4bc7b4-117e-47b3-b4c9-827d0c7ba64a,2020-10-11,2020-10-12,409.13,0.0598675348215802,0,420.9668388888886,406.01,11.836838888888622,420.9668388888886
4ece1f9f-5f91-42f4-3861-ddb968821472,4c4bc7b4-117e-47b3-b4c9-827d0c7ba64a,2020-10-12,2020-10-13,399.0,0.0643691131140694,0,426.1271111111109,409.13,27.12711111111093,426.1271111111109
4ece1f9f-5f91-42f4-3861-ddb968821472,4c4bc7b4-117e-47b3-b4c9-827d0c7ba64a,2020-10-13,2020-10-14,401.39,0.0407075008743662,0,420.71635000000026,399.0,19.326350000000275,420.71635000000026
4ece1f9f-5f91-42f4-3861-ddb968821472,4c4bc7b4-117e-47b3-b4c9-827d0c7ba64a,2020-10-14,2020-10-15,371.47,0.0494332073629475,0,413.6774444444444,401.39,42.20744444444432,413.6774444444444
4ece1f9f-5f91-42f4-3861-ddb968821472,4c4bc7b4-117e-47b3-b4c9-827d0c7ba64a,2020-10-15,2020-10-16,0.0,0.0477613481981266,0,423.0829555555554,371.47,423.0829555555554,423.0829555555554
4ece1f9f-5f91-42f4-3861-ddb968821472,4c4bc7b4-117e-47b3-b4c9-827d0c7ba64a,2020-10-16,2020-10-17,409.8,0.0085529333043477,0,404.2987222222219,0.0,5.501277777778114,404.2987222222219
4ece1f9f-5f91-42f4-3861-ddb968821472,4c4bc7b4-117e-47b3-b4c9-827d0c7ba64a,2020-10-17,2020-10-18,418.31,0.0575518572847919,0,407.0731222222221,409.8,11.23687777777792,407.0731222222221
4ece1f9f-5f91-42f4-3861-ddb968821472,4c4bc7b4-117e-47b3-b4c9-827d0c7ba64a,2020-10-18,2020-10-19,387.87,0.0511505646461432,0,425.9086499999999,418.31,38.03864999999985,425.9086499999999
4ece1f9f-5f91-42f4-3861-ddb968821472,4c4bc7b4-117e-47b3-b4c9-827d0c7ba64a,2020-10-19,2020-10-20,441.87,0.0632450750759047,0,418.99561666666654,387.87,22.87438333333347,418.99561666666654
4ece1f9f-5f91-42f4-3861-ddb968821472,4c4bc7b4-117e-47b3-b4c9-827d0c7ba64a,2020-10-20,2020-10-21,398.22,0.0542010561756315,0,419.8609777777779,441.87,21.64097777777789,419.8609777777779
4ece1f9f-5f91-42f4-3861-ddb968821472,4c4bc7b4-117e-47b3-b4c9-827d0c7ba64a,2020-10-21,2020-10-22,388.04,0.0505077828879877,0,423.8565833333332,398.22,35.81658333333314,423.8565833333332
4ece1f9f-5f91-42f4-3861-ddb968821472,4c4bc7b4-117e-47b3-b4c9-827d0c7ba64a,2020-10-22,2020-10-23,405.25,0.0398834391878402,0,401.7064055555552,388.04,3.543594444444807,401.7064055555552
4ece1f9f-5f91-42f4-3861-ddb968821472,4c4bc7b4-117e-47b3-b4c9-827d0c7ba64a,2020-10-23,2020-10-24,408.65,0.0536197335825414,0,412.18903333333327,405.25,3.5390333333332933,412.18903333333327
4ece1f9f-5f91-42f4-3861-ddb968821472,4c4bc7b4-117e-47b3-b4c9-827d0c7ba64a,2020-10-24,2020-10-25,402.24,0.0317259220650877,0,430.304888888889,408.65,28.064888888889016,430.304888888889
4ece1f9f-5f91-42f4-3861-ddb968821472,4c4bc7b4-117e-47b3-b4c9-827d0c7ba64a,2020-10-25,2020-10-26,400.21,0.0620254006024225,0,430.21812222222223,402.24,30.00812222222225,430.21812222222223
4ece1f9f-5f91-42f4-3861-ddb968821472,4c4bc7b4-117e-47b3-b4c9-827d0c7ba64a,2020-10-26,2020-10-27,411.87,0.0341477763132232,0,420.3472277777777,400.21,8.477227777777728,420.3472277777777
4ece1f9f-5f91-42f4-3861-ddb968821472,4c4bc7b4-117e-47b3-b4c9-827d0c7ba64a,2020-10-27,2020-10-28,428.17,0.0542737771550419,0,425.0141777777778,411.87,3.1558222222221843,425.0141777777778
4ece1f9f-5f91-42f4-3861-ddb968821472,4c4bc7b4-117e-47b3-b4c9-827d0c7ba64a,2020-10-28,2020-10-29,381.02,0.0484349700815317,0,428.7418333333333,428.17,47.721833333333336,428.7418333333333
4ece1f9f-5f91-42f4-3861-ddb968821472,4c4bc7b4-117e-47b3-b4c9-827d0c7ba64a,2020-10-29,2020-10-30,383.63,0.0527400067480261,0,425.4708722222224,381.02,41.8408722222224,425.4708722222224
4ece1f9f-5f91-42f4-3861-ddb968821472,4c4bc7b4-117e-47b3-b4c9-827d0c7ba64a,2020-10-30,2020-10-31,401.14,0.0625207991818181,0,421.5578,383.63,20.4178,421.5578
4ece1f9f-5f91-42f4-3861-ddb968821472,4c4bc7b4-117e-47b3-b4c9-827d0c7ba64a,2020-10-31,2020-11-01,416.44,0.0257140569556245,0,425.1404333333332,401.14,8.700433333333194,425.1404333333332
4ece1f9f-5f91-42f4-3861-ddb968821472,4c4bc7b4-117e-47b3-b4c9-827d0c7ba64a,2020-11-01,2020-11-02,0.0,0.1036235780037005,0,427.9563833333332,416.44,427.9563833333332,427.9563833333332
4ece1f9f-5f91-42f4-3861-ddb968821472,4c4bc7b4-117e-47b3-b4c9-827d0c7ba64a,2020-11-02,2020-11-03,401.25,0.0119443160142729,0,425.59376666666657,0.0,24.343766666666568,425.59376666666657
4ece1f9f-5f91-42f4-3861-ddb968821472,4c4bc7b4-117e-47b3-b4c9-827d0c7ba64a,2020-11-03,2020-11-04,432.53,0.0708248902191943,0,418.4117555555555,401.25,14.118244444444484,418.4117555555555
4ece1f9f-5f91-42f4-3861-ddb968821472,4c4bc7b4-117e-47b3-b4c9-827d0c7ba64a,2020-11-04,2020-11-05,402.87,0.0608461604254771,0,420.52946666666656,432.53,17.65946666666656,420.52946666666656
4ece1f9f-5f91-42f4-3861-ddb968821472,4c4bc7b4-117e-47b3-b4c9-827d0c7ba64a,2020-11-05,2020-11-06,408.94,0.0765583588444338,0,417.7264944444444,402.87,8.786494444444429,417.7264944444444
4ece1f9f-5f91-42f4-3861-ddb968821472,4c4bc7b4-117e-47b3-b4c9-827d0c7ba64a,2020-11-06,2020-11-07,399.26,0.0458981838453392,0,416.2135388888887,408.94,16.953538888888716,416.2135388888887
4ece1f9f-5f91-42f4-3861-ddb968821472,4c4bc7b4-117e-47b3-b4c9-827d0c7ba64a,2020-11-07,2020-11-08,402.63,0.0546000452018122,0,424.11917222222206,399.26,21.489172222222063,424.11917222222206
4ece1f9f-5f91-42f4-3861-ddb968821472,4c4bc7b4-117e-47b3-b4c9-827d0c7ba64a,2020-11-08,2020-11-09,410.35,0.0482211142515016,0,426.6267888888888,402.63,16.276788888888746,426.6267888888888
4ece1f9f-5f91-42f4-3861-ddb968821472,4c4bc7b4-117e-47b3-b4c9-827d0c7ba64a,2020-11-09,2020-11-10,380.82,0.0677330389935966,0,421.1567666666664,410.35,40.33676666666639,421.1567666666664
4ece1f9f-5f91-42f4-3861-ddb968821472,4c4bc7b4-117e-47b3-b4c9-827d0c7ba64a,2020-11-10,2020-11-11,370.3,0.0767247162997822,0,428.0212500000003,380.82,57.72125000000028,428.0212500000003
4ece1f9f-5f91-42f4-3861-ddb968821472,4c4bc7b4-117e-47b3-b4c9-827d0c7ba64a,2020-11-11,2020-11-12,407.12,0.0872761720641207,0,419.3209833333333,370.3,12.20098333333334,419.3209833333333
4ece1f9f-5f91-42f4-3861-ddb968821472,4c4bc7b4-117e-47b3-b4c9-827d0c7ba64a,2020-11-12,2020-11-13,396.02,0.0640691490170147,0,421.9584444444444,407.12,25.93844444444437,421.9584444444444
4ece1f9f-5f91-42f4-3861-ddb968821472,4c4bc7b4-117e-47b3-b4c9-827d0c7ba64a,2020-11-13,2020-11-14,433.61,0.0777184747038281,0,426.4397944444444,396.02,7.17020555555564,426.4397944444444
4ece1f9f-5f91-42f4-3861-ddb968821472,4c4bc7b4-117e-47b3-b4c9-827d0c7ba64a,2020-11-14,2020-11-15,367.75,0.0852968674437647,0,428.2168999999999,433.61,60.466899999999896,428.2168999999999
4ece1f9f-5f91-42f4-3861-ddb968821472,4c4bc7b4-117e-47b3-b4c9-827d0c7ba64a,2020-11-15,2020-11-16,412.75,0.079580168519393,0,425.91416666666686,367.75,13.164166666666858,425.91416666666686
4ece1f9f-5f91-42f4-3861-ddb968821472,4c4bc7b4-117e-47b3-b4c9-827d0c7ba64a,2020-11-16,2020-11-17,374.94,0.0473728598799554,0,421.77723333333336,412.75,46.83723333333336,421.77723333333336
4ece1f9f-5f91-42f4-3861-ddb968821472,4c4bc7b4-117e-47b3-b4c9-827d0c7ba64a,2020-11-17,2020-11-18,397.59,0.0422983252158791,0,415.825061111111,374.94,18.23506111111101,415.825061111111
4ece1f9f-5f91-42f4-3861-ddb968821472,4c4bc7b4-117e-47b3-b4c9-827d0c7ba64a,2020-11-18,2020-11-19,406.35,0.0537403255410792,0,407.5749555555555,397.59,1.224955555555482,407.5749555555555
4ece1f9f-5f91-42f4-3861-ddb968821472,4c4bc7b4-117e-47b3-b4c9-827d0c7ba64a,2020-11-19,2020-11-20,392.76,0.0736530657766103,0,429.8205277777778,406.35,37.06052777777779,429.8205277777778
4ece1f9f-5f91-42f4-3861-ddb968821472,4c4bc7b4-117e-47b3-b4c9-827d0c7ba64a,2020-11-20,2020-11-21,394.43,0.0558949908148654,0,424.1565888888887,392.76,29.72658888888867,424.1565888888887
4ece1f9f-5f91-42f4-3861-ddb968821472,4c4bc7b4-117e-47b3-b4c9-827d0c7ba64a,2020-11-21,2020-11-22,389.51,0.0750541985367461,0,423.1689999999999,394.43,33.658999999999935,423.1689999999999
4ece1f9f-5f91-42f4-3861-ddb968821472,4c4bc7b4-117e-47b3-b4c9-827d0c7ba64a,2020-11-22,2020-11-23,392.53,0.0590599461611446,0,412.4169944444441,389.51,19.8869944444441,412.4169944444441
4ece1f9f-5f91-42f4-3861-ddb968821472,4c4bc7b4-117e-47b3-b4c9-827d0c7ba64a,2020-11-23,2020-11-24,368.13,0.0614724535662306,0,420.20897777777776,392.53,52.078977777777766,420.20897777777776
4ece1f9f-5f91-42f4-3861-ddb968821472,4c4bc7b4-117e-47b3-b4c9-827d0c7ba64a,2020-11-24,2020-11-25,373.4,0.0869763810622383,0,413.5896333333332,368.13,40.189633333333234,413.5896333333332
4ece1f9f-5f91-42f4-3861-ddb968821472,4c4bc7b4-117e-47b3-b4c9-827d0c7ba64a,2020-11-25,2020-11-26,390.06,0.0613814555597812,0,410.4084944444445,373.4,20.34849444444444,410.4084944444445
4ece1f9f-5f91-42f4-3861-ddb968821472,4c4bc7b4-117e-47b3-b4c9-827d0c7ba64a,2020-11-26,2020-11-27,391.48,0.0764952296982753,0,416.790111111111,390.06,25.310111111110984,416.790111111111
4ece1f9f-5f91-42f4-3861-ddb968821472,4c4bc7b4-117e-47b3-b4c9-827d0c7ba64a,2020-11-27,2020-11-28,388.04,0.0413935905642273,0,414.10997222222215,391.48,26.06997222222213,414.10997222222215
4ece1f9f-5f91-42f4-3861-ddb968821472,4c4bc7b4-117e-47b3-b4c9-827d0c7ba64a,2020-11-28,2020-11-29,369.23,0.0387223472671767,0,416.075777777778,388.04,46.84577777777798,416.075777777778
4ece1f9f-5f91-42f4-3861-ddb968821472,4c4bc7b4-117e-47b3-b4c9-827d0c7ba64a,2020-11-29,2020-11-30,408.73,0.0545125415392046,0,409.3299166666666,369.23,0.5999166666666156,409.3299166666666
4ece1f9f-5f91-42f4-3861-ddb968821472,4c4bc7b4-117e-47b3-b4c9-827d0c7ba64a,2020-11-30,2020-12-01,395.03,0.0757903281092961,0,415.8374333333333,408.73,20.80743333333328,415.8374333333333
4ece1f9f-5f91-42f4-3861-ddb968821472,4c4bc7b4-117e-47b3-b4c9-827d0c7ba64a,2020-12-01,2020-12-02,393.98,0.0454951578389637,0,412.7836611111109,395.03,18.803661111110895,412.7836611111109
4ece1f9f-5f91-42f4-3861-ddb968821472,4c4bc7b4-117e-47b3-b4c9-827d0c7ba64a,2020-12-02,2020-12-03,388.96,0.0449242009615017,0,409.4556666666664,393.98,20.49566666666641,409.4556666666664
4ece1f9f-5f91-42f4-3861-ddb968821472,4c4bc7b4-117e-47b3-b4c9-827d0c7ba64a,2020-12-03,2020-12-04,368.34,0.0786591723901102,0,417.2242333333332,388.96,48.88423333333321,417.2242333333332
4ece1f9f-5f91-42f4-3861-ddb968821472,4c4bc7b4-117e-47b3-b4c9-827d0c7ba64a,2020-12-04,2020-12-05,357.06,0.0944748303266841,0,415.66464444444455,368.34,58.60464444444455,415.66464444444455
4ece1f9f-5f91-42f4-3861-ddb968821472,4c4bc7b4-117e-47b3-b4c9-827d0c7ba64a,2020-12-05,2020-12-06,388.47,0.0753926608663188,0,404.16412777777776,357.06,15.694127777777735,404.16412777777776
4ece1f9f-5f91-42f4-3861-ddb968821472,4c4bc7b4-117e-47b3-b4c9-827d0c7ba64a,2020-12-06,2020-12-07,374.42,0.0669206647920563,0,397.29640555555534,388.47,22.876405555555323,397.29640555555534
4ece1f9f-5f91-42f4-3861-ddb968821472,4c4bc7b4-117e-47b3-b4c9-827d0c7ba64a,2020-12-07,2020-12-08,375.43,0.0579263141248042,0,415.81305555555554,374.42,40.38305555555553,415.81305555555554
4ece1f9f-5f91-42f4-3861-ddb968821472,4c4bc7b4-117e-47b3-b4c9-827d0c7ba64a,2020-12-08,2020-12-09,399.66,0.0647219209771629,0,405.4031222222223,375.43,5.743122222222269,405.4031222222223
4ece1f9f-5f91-42f4-3861-ddb968821472,4c4bc7b4-117e-47b3-b4c9-827d0c7ba64a,2020-12-09,2020-12-10,382.29,0.0720965877038512,0,412.53143333333327,399.66,30.241433333333248,412.53143333333327
4ece1f9f-5f91-42f4-3861-ddb968821472,4c4bc7b4-117e-47b3-b4c9-827d0c7ba64a,2020-12-10,2020-12-11,398.29,0.077085960611351,0,410.2919944444447,382.29,12.001994444444676,410.2919944444447
4ece1f9f-5f91-42f4-3861-ddb968821472,4c4bc7b4-117e-47b3-b4c9-827d0c7ba64a,2020-12-11,2020-12-12,372.77,0.0716160677914027,0,405.5535888888889,398.29,32.783588888888914,405.5535888888889
4ece1f9f-5f91-42f4-3861-ddb968821472,4c4bc7b4-117e-47b3-b4c9-827d0c7ba64a,2020-12-12,2020-12-13,378.49,0.0571710889787842,0,405.48140555555534,372.77,26.99140555555533,405.48140555555534
4ece1f9f-5f91-42f4-3861-ddb968821472,4c4bc7b4-117e-47b3-b4c9-827d0c7ba64a,2020-12-13,2020-12-14,381.9,0.06002015213774,0,403.8787888888887,378.49,21.978788888888687,403.8787888888887
4ece1f9f-5f91-42f4-3861-ddb968821472,4c4bc7b4-117e-47b3-b4c9-827d0c7ba64a,2020-12-14,2020-12-15,350.98,0.0764014112920124,0,400.6413111111108,381.9,49.66131111111076,400.6413111111108
4ece1f9f-5f91-42f4-3861-ddb968821472,4c4bc7b4-117e-47b3-b4c9-827d0c7ba64a,2020-12-15,2020-12-16,369.07,0.0500086449448583,0,394.95483888888873,350.98,25.884838888888737,394.95483888888873
4ece1f9f-5f91-42f4-3861-ddb968821472,4c4bc7b4-117e-47b3-b4c9-827d0c7ba64a,2020-12-16,2020-12-17,410.34,0.0625192560599303,0,397.8109666666665,369.07,12.529033333333471,397.8109666666665
4ece1f9f-5f91-42f4-3861-ddb968821472,4c4bc7b4-117e-47b3-b4c9-827d0c7ba64a,2020-12-17,2020-12-18,370.53,0.0704266925747089,0,406.8213055555556,410.34,36.2913055555556,406.8213055555556
4ece1f9f-5f91-42f4-3861-ddb968821472,4c4bc7b4-117e-47b3-b4c9-827d0c7ba64a,2020-12-18,2020-12-19,385.81,0.061911353925193,0,419.1136999999999,370.53,33.30369999999988,419.1136999999999
4ece1f9f-5f91-42f4-3861-ddb968821472,4c4bc7b4-117e-47b3-b4c9-827d0c7ba64a,2020-12-19,2020-12-20,368.51,0.0390574661524426,0,395.9299722222216,385.81,27.419972222221645,395.9299722222216
4ece1f9f-5f91-42f4-3861-ddb968821472,4c4bc7b4-117e-47b3-b4c9-827d0c7ba64a,2020-12-20,2020-12-21,368.46,0.0662334717257439,0,400.982994444444,368.51,32.52299444444401,400.982994444444
4ece1f9f-5f91-42f4-3861-ddb968821472,4c4bc7b4-117e-47b3-b4c9-827d0c7ba64a,2020-12-21,2020-12-22,385.94,0.0995750073738708,0,392.9389666666666,368.46,6.998966666666604,392.9389666666666
4ece1f9f-5f91-42f4-3861-ddb968821472,4c4bc7b4-117e-47b3-b4c9-827d0c7ba64a,2020-12-22,2020-12-23,359.39,0.0672099890748792,0,387.80074444444426,385.94,28.41074444444428,387.80074444444426
4ece1f9f-5f91-42f4-3861-ddb968821472,4c4bc7b4-117e-47b3-b4c9-827d0c7ba64a,2020-12-23,2020-12-24,396.38,0.0495086842440267,0,397.3019444444443,359.39,0.921944444444307,397.3019444444443
4ece1f9f-5f91-42f4-3861-ddb968821472,4c4bc7b4-117e-47b3-b4c9-827d0c7ba64a,2020-12-24,2020-12-25,394.73,0.0570022644231131,0,411.6698777777774,396.38,16.939877777777383,411.6698777777774
4ece1f9f-5f91-42f4-3861-ddb968821472,4c4bc7b4-117e-47b3-b4c9-827d0c7ba64a,2020-12-25,2020-12-26,391.8,0.0381491184983654,0,406.8301777777774,394.73,15.030177777777396,406.8301777777774
4ece1f9f-5f91-42f4-3861-ddb968821472,4c4bc7b4-117e-47b3-b4c9-827d0c7ba64a,2020-12-26,2020-12-27,341.87,0.0423717131195941,0,409.2976055555552,391.8,67.42760555555515,409.2976055555552
4ece1f9f-5f91-42f4-3861-ddb968821472,4c4bc7b4-117e-47b3-b4c9-827d0c7ba64a,2020-12-27,2020-12-28,380.22,0.0710616424603974,0,394.7138444444445,341.87,14.493844444444504,394.7138444444445
4ece1f9f-5f91-42f4-3861-ddb968821472,4c4bc7b4-117e-47b3-b4c9-827d0c7ba64a,2020-12-28,2020-12-29,416.76,0.0756355690517297,0,382.3956555555552,380.22,34.36434444444478,382.3956555555552
4ece1f9f-5f91-42f4-3861-ddb968821472,4c4bc7b4-117e-47b3-b4c9-827d0c7ba64a,2020-12-29,2020-12-30,345.36,0.0555489753560995,0,411.561311111111,416.76,66.20131111111101,411.561311111111
4ece1f9f-5f91-42f4-3861-ddb968821472,4c4bc7b4-117e-47b3-b4c9-827d0c7ba64a,2020-12-30,2020-12-31,410.39,0.0767483674979367,0,399.5189888888891,345.36,10.871011111110874,399.5189888888891
52220d06-bfd2-4a27-e62e-fffd73937af4,fd03d0d4-e46a-488c-fa66-6d525011cbb7,2020-08-23,2020-08-24,4972.31,0.2918987032225126,1,0.0,4930.31,4972.31,4930.31
52220d06-bfd2-4a27-e62e-fffd73937af4,fd03d0d4-e46a-488c-fa66-6d525011cbb7,2020-08-24,2020-08-25,4861.04,0.1128156277269504,0,5221.799444444446,4972.31,360.75944444444576,5221.799444444446
52220d06-bfd2-4a27-e62e-fffd73937af4,fd03d0d4-e46a-488c-fa66-6d525011cbb7,2020-08-25,2020-08-26,5388.26,0.1150920278734057,0,5217.239894444444,4861.04,171.02010555555626,5217.239894444444
52220d06-bfd2-4a27-e62e-fffd73937af4,fd03d0d4-e46a-488c-fa66-6d525011cbb7,2020-08-26,2020-08-27,4937.0,0.2052722761814049,1,0.0,5388.26,4937.0,5388.26
52220d06-bfd2-4a27-e62e-fffd73937af4,fd03d0d4-e46a-488c-fa66-6d525011cbb7,2020-08-27,2020-08-28,4847.85,0.1572205325184303,1,0.0,4937.0,4847.85,4937.0
52220d06-bfd2-4a27-e62e-fffd73937af4,fd03d0d4-e46a-488c-fa66-6d525011cbb7,2020-08-28,2020-08-29,5457.49,0.1284253147372343,0,5396.23537222222,4847.85,61.25462777778012,5396.23537222222
52220d06-bfd2-4a27-e62e-fffd73937af4,fd03d0d4-e46a-488c-fa66-6d525011cbb7,2020-08-29,2020-08-30,5067.94,0.4090976398601477,1,0.0,5457.49,5067.94,5457.49
52220d06-bfd2-4a27-e62e-fffd73937af4,fd03d0d4-e46a-488c-fa66-6d525011cbb7,2020-08-30,2020-08-31,4799.94,0.1993282297390435,1,0.0,5067.94,4799.94,5067.94
52220d06-bfd2-4a27-e62e-fffd73937af4,fd03d0d4-e46a-488c-fa66-6d525011cbb7,2020-08-31,2020-09-01,5244.61,0.1410688580046245,0,5350.77766111111,4799.94,106.16766111111065,5350.77766111111
52220d06-bfd2-4a27-e62e-fffd73937af4,fd03d0d4-e46a-488c-fa66-6d525011cbb7,2020-09-01,2020-09-02,5142.81,0.2196031157879344,1,0.0,5244.61,5142.81,5244.61
52220d06-bfd2-4a27-e62e-fffd73937af4,fd03d0d4-e46a-488c-fa66-6d525011cbb7,2020-09-02,2020-09-03,4990.63,0.2397613806369216,1,0.0,5142.81,4990.63,5142.81
52220d06-bfd2-4a27-e62e-fffd73937af4,fd03d0d4-e46a-488c-fa66-6d525011cbb7,2020-09-03,2020-09-04,5068.4,0.2952022395618049,1,0.0,4990.63,5068.4,4990.63
52220d06-bfd2-4a27-e62e-fffd73937af4,fd03d0d4-e46a-488c-fa66-6d525011cbb7,2020-09-04,2020-09-05,5080.89,0.245886541826448,1,0.0,5068.4,5080.89,5068.4
52220d06-bfd2-4a27-e62e-fffd73937af4,fd03d0d4-e46a-488c-fa66-6d525011cbb7,2020-09-05,2020-09-06,5034.18,0.149810600363648,0,5116.822983333331,5080.89,82.64298333333045,5116.822983333331
52220d06-bfd2-4a27-e62e-fffd73937af4,fd03d0d4-e46a-488c-fa66-6d525011cbb7,2020-09-06,2020-09-07,5370.55,0.3357900327869685,1,0.0,5034.18,5370.55,5034.18
52220d06-bfd2-4a27-e62e-fffd73937af4,fd03d0d4-e46a-488c-fa66-6d525011cbb7,2020-09-07,2020-09-08,4936.8,0.2075841125615115,1,0.0,5370.55,4936.8,5370.55
52220d06-bfd2-4a27-e62e-fffd73937af4,fd03d0d4-e46a-488c-fa66-6d525011cbb7,2020-09-08,2020-09-09,5002.27,0.1974799482569221,1,0.0,4936.8,5002.27,4936.8
52220d06-bfd2-4a27-e62e-fffd73937af4,fd03d0d4-e46a-488c-fa66-6d525011cbb7,2020-09-09,2020-09-10,5185.48,0.1808306009064614,1,0.0,5002.27,5185.48,5002.27
52220d06-bfd2-4a27-e62e-fffd73937af4,fd03d0d4-e46a-488c-fa66-6d525011cbb7,2020-09-10,2020-09-11,4911.13,0.2615046557524648,1,0.0,5185.48,4911.13,5185.48
52220d06-bfd2-4a27-e62e-fffd73937af4,fd03d0d4-e46a-488c-fa66-6d525011cbb7,2020-09-11,2020-09-12,4708.38,0.1415508975375666,0,5155.151427777776,4911.13,446.7714277777759,5155.151427777776
52220d06-bfd2-4a27-e62e-fffd73937af4,fd03d0d4-e46a-488c-fa66-6d525011cbb7,2020-09-12,2020-09-13,4631.97,0.324730372763418,1,0.0,4708.38,4631.97,4708.38
52220d06-bfd2-4a27-e62e-fffd73937af4,fd03d0d4-e46a-488c-fa66-6d525011cbb7,2020-09-13,2020-09-14,4627.25,0.3799138046143743,1,0.0,4631.97,4627.25,4631.97
52220d06-bfd2-4a27-e62e-fffd73937af4,fd03d0d4-e46a-488c-fa66-6d525011cbb7,2020-09-14,2020-09-15,4679.91,0.1759556398801303,1,0.0,4627.25,4679.91,4627.25
52220d06-bfd2-4a27-e62e-fffd73937af4,fd03d0d4-e46a-488c-fa66-6d525011cbb7,2020-09-15,2020-09-16,4676.43,0.1444612439102396,0,5267.85937777778,4679.91,591.4293777777793,5267.85937777778
52220d06-bfd2-4a27-e62e-fffd73937af4,fd03d0d4-e46a-488c-fa66-6d525011cbb7,2020-09-16,2020-09-17,5112.52,0.2142173210315974,1,0.0,4676.43,5112.52,4676.43
52220d06-bfd2-4a27-e62e-fffd73937af4,fd03d0d4-e46a-488c-fa66-6d525011cbb7,2020-09-17,2020-09-18,4530.02,0.2714390076882682,1,0.0,5112.52,4530.02,5112.52
52220d06-bfd2-4a27-e62e-fffd73937af4,fd03d0d4-e46a-488c-fa66-6d525011cbb7,2020-09-18,2020-09-19,4829.99,0.204877927299083,1,0.0,4530.02,4829.99,4530.02
52220d06-bfd2-4a27-e62e-fffd73937af4,fd03d0d4-e46a-488c-fa66-6d525011cbb7,2020-09-19,2020-09-20,5312.4,0.2616002711637425,1,0.0,4829.99,5312.4,4829.99
52220d06-bfd2-4a27-e62e-fffd73937af4,fd03d0d4-e46a-488c-fa66-6d525011cbb7,2020-09-20,2020-09-21,4786.58,0.2815380687507323,1,0.0,5312.4,4786.58,5312.4
52220d06-bfd2-4a27-e62e-fffd73937af4,fd03d0d4-e46a-488c-fa66-6d525011cbb7,2020-09-21,2020-09-22,5368.96,0.1458172779771645,0,5119.656527777778,4786.58,249.3034722222219,5119.656527777778
52220d06-bfd2-4a27-e62e-fffd73937af4,fd03d0d4-e46a-488c-fa66-6d525011cbb7,2020-09-22,2020-09-23,5251.83,0.1619998180544082,1,0.0,5368.96,5251.83,5368.96
52220d06-bfd2-4a27-e62e-fffd73937af4,fd03d0d4-e46a-488c-fa66-6d525011cbb7,2020-09-23,2020-09-24,4636.7,0.1940766611124629,1,0.0,5251.83,4636.7,5251.83
52220d06-bfd2-4a27-e62e-fffd73937af4,fd03d0d4-e46a-488c-fa66-6d525011cbb7,2020-09-24,2020-09-25,4793.19,0.2124103618095467,1,0.0,4636.7,4793.19,4636.7
52220d06-bfd2-4a27-e62e-fffd73937af4,fd03d0d4-e46a-488c-fa66-6d525011cbb7,2020-09-25,2020-09-26,4917.93,0.2773030984470176,1,0.0,4793.19,4917.93,4793.19
52220d06-bfd2-4a27-e62e-fffd73937af4,fd03d0d4-e46a-488c-fa66-6d525011cbb7,2020-09-26,2020-09-27,4824.24,0.2486714530228755,1,0.0,4917.93,4824.24,4917.93
52220d06-bfd2-4a27-e62e-fffd73937af4,fd03d0d4-e46a-488c-fa66-6d525011cbb7,2020-09-27,2020-09-28,4871.49,0.2140731970516207,1,0.0,4824.24,4871.49,4824.24
52220d06-bfd2-4a27-e62e-fffd73937af4,fd03d0d4-e46a-488c-fa66-6d525011cbb7,2020-09-28,2020-09-29,5036.91,0.1406545054849924,0,5253.040750000004,4871.49,216.1307500000039,5253.040750000004
52220d06-bfd2-4a27-e62e-fffd73937af4,fd03d0d4-e46a-488c-fa66-6d525011cbb7,2020-09-29,2020-09-30,5026.07,0.1840511746983641,1,0.0,5036.91,5026.07,5036.91
52220d06-bfd2-4a27-e62e-fffd73937af4,fd03d0d4-e46a-488c-fa66-6d525011cbb7,2020-09-30,2020-10-01,4471.59,0.1982780947443974,1,0.0,5026.07,4471.59,5026.07
52220d06-bfd2-4a27-e62e-fffd73937af4,fd03d0d4-e46a-488c-fa66-6d525011cbb7,2020-10-01,2020-10-02,5027.18,0.1808607154456549,1,0.0,4471.59,5027.18,4471.59
52220d06-bfd2-4a27-e62e-fffd73937af4,fd03d0d4-e46a-488c-fa66-6d525011cbb7,2020-10-02,2020-10-03,5185.52,0.2090476905693541,1,0.0,5027.18,5185.52,5027.18
52220d06-bfd2-4a27-e62e-fffd73937af4,fd03d0d4-e46a-488c-fa66-6d525011cbb7,2020-10-03,2020-10-04,4836.53,0.216756067881719,1,0.0,5185.52,4836.53,5185.52
52220d06-bfd2-4a27-e62e-fffd73937af4,fd03d0d4-e46a-488c-fa66-6d525011cbb7,2020-10-04,2020-10-05,4669.5,0.2328914888047044,1,0.0,4836.53,4669.5,4836.53
52220d06-bfd2-4a27-e62e-fffd73937af4,fd03d0d4-e46a-488c-fa66-6d525011cbb7,2020-10-05,2020-10-06,4911.77,0.15428289692521,1,0.0,4669.5,4911.77,4669.5
52220d06-bfd2-4a27-e62e-fffd73937af4,fd03d0d4-e46a-488c-fa66-6d525011cbb7,2020-10-06,2020-10-07,5321.6,0.1847075640761554,1,0.0,4911.77,5321.6,4911.77
52220d06-bfd2-4a27-e62e-fffd73937af4,fd03d0d4-e46a-488c-fa66-6d525011cbb7,2020-10-07,2020-10-08,5284.14,0.2887895275404427,1,0.0,5321.6,5284.14,5321.6
52220d06-bfd2-4a27-e62e-fffd73937af4,fd03d0d4-e46a-488c-fa66-6d525011cbb7,2020-10-08,2020-10-09,5214.21,0.2042056221626754,1,0.0,5284.14,5214.21,5284.14
52220d06-bfd2-4a27-e62e-fffd73937af4,fd03d0d4-e46a-488c-fa66-6d525011cbb7,2020-10-09,2020-10-10,5027.1,0.1804382017691977,1,0.0,5214.21,5027.1,5214.21
52220d06-bfd2-4a27-e62e-fffd73937af4,fd03d0d4-e46a-488c-fa66-6d525011cbb7,2020-10-10,2020-10-11,4729.4,0.21715549028031,1,0.0,5027.1,4729.4,5027.1
52220d06-bfd2-4a27-e62e-fffd73937af4,fd03d0d4-e46a-488c-fa66-6d525011cbb7,2020-10-11,2020-10-12,4984.12,0.3158064819705641,1,0.0,4729.4,4984.12,4729.4
52220d06-bfd2-4a27-e62e-fffd73937af4,fd03d0d4-e46a-488c-fa66-6d525011cbb7,2020-10-12,2020-10-13,4811.39,0.1846332208234258,1,0.0,4984.12,4811.39,4984.12
52220d06-bfd2-4a27-e62e-fffd73937af4,fd03d0d4-e46a-488c-fa66-6d525011cbb7,2020-10-13,2020-10-14,4999.0,0.2426746223230457,1,0.0,4811.39,4999.0,4811.39
52220d06-bfd2-4a27-e62e-fffd73937af4,fd03d0d4-e46a-488c-fa66-6d525011cbb7,2020-10-14,2020-10-15,5044.03,0.1897331366696723,1,0.0,4999.0,5044.03,4999.0
52220d06-bfd2-4a27-e62e-fffd73937af4,fd03d0d4-e46a-488c-fa66-6d525011cbb7,2020-10-15,2020-10-16,4734.72,0.1999132009172463,1,0.0,5044.03,4734.72,5044.03
52220d06-bfd2-4a27-e62e-fffd73937af4,fd03d0d4-e46a-488c-fa66-6d525011cbb7,2020-10-16,2020-10-17,4818.43,0.2293301975353277,1,0.0,4734.72,4818.43,4734.72
52220d06-bfd2-4a27-e62e-fffd73937af4,fd03d0d4-e46a-488c-fa66-6d525011cbb7,2020-10-17,2020-10-18,4828.71,0.2617498743922551,1,0.0,4818.43,4828.71,4818.43
52220d06-bfd2-4a27-e62e-fffd73937af4,fd03d0d4-e46a-488c-fa66-6d525011cbb7,2020-10-18,2020-10-19,4645.82,0.1782844759274195,1,0.0,4828.71,4645.82,4828.71
52220d06-bfd2-4a27-e62e-fffd73937af4,fd03d0d4-e46a-488c-fa66-6d525011cbb7,2020-10-19,2020-10-20,4488.23,0.1504844281441273,1,0.0,4645.82,4488.23,4645.82
52220d06-bfd2-4a27-e62e-fffd73937af4,fd03d0d4-e46a-488c-fa66-6d525011cbb7,2020-10-20,2020-10-21,5130.39,0.1206827776208942,0,5316.26517222222,4488.23,185.8751722222196,5316.26517222222
52220d06-bfd2-4a27-e62e-fffd73937af4,fd03d0d4-e46a-488c-fa66-6d525011cbb7,2020-10-21,2020-10-22,4774.41,0.1844725112734227,1,0.0,5130.39,4774.41,5130.39
52220d06-bfd2-4a27-e62e-fffd73937af4,fd03d0d4-e46a-488c-fa66-6d525011cbb7,2020-10-22,2020-10-23,5205.76,0.1960888285398056,1,0.0,4774.41,5205.76,4774.41
52220d06-bfd2-4a27-e62e-fffd73937af4,fd03d0d4-e46a-488c-fa66-6d525011cbb7,2020-10-23,2020-10-24,5043.66,0.220057385230426,1,0.0,5205.76,5043.66,5205.76
52220d06-bfd2-4a27-e62e-fffd73937af4,fd03d0d4-e46a-488c-fa66-6d525011cbb7,2020-10-24,2020-10-25,5158.24,0.1583497221885896,1,0.0,5043.66,5158.24,5043.66
52220d06-bfd2-4a27-e62e-fffd73937af4,fd03d0d4-e46a-488c-fa66-6d525011cbb7,2020-10-25,2020-10-26,5083.64,0.1800015152428641,1,0.0,5158.24,5083.64,5158.24
52220d06-bfd2-4a27-e62e-fffd73937af4,fd03d0d4-e46a-488c-fa66-6d525011cbb7,2020-10-26,2020-10-27,5000.85,0.129594126113236,0,5235.523488888886,5083.64,234.6734888888859,5235.523488888886
52220d06-bfd2-4a27-e62e-fffd73937af4,fd03d0d4-e46a-488c-fa66-6d525011cbb7,2020-10-27,2020-10-28,4912.9,0.1676760996019706,1,0.0,5000.85,4912.9,5000.85
52220d06-bfd2-4a27-e62e-fffd73937af4,fd03d0d4-e46a-488c-fa66-6d525011cbb7,2020-10-28,2020-10-29,4894.13,0.1966013812361793,1,0.0,4912.9,4894.13,4912.9
52220d06-bfd2-4a27-e62e-fffd73937af4,fd03d0d4-e46a-488c-fa66-6d525011cbb7,2020-10-29,2020-10-30,4945.07,0.2065647390795678,1,0.0,4894.13,4945.07,4894.13
52220d06-bfd2-4a27-e62e-fffd73937af4,fd03d0d4-e46a-488c-fa66-6d525011cbb7,2020-10-30,2020-10-31,4853.89,0.2210694715120008,1,0.0,4945.07,4853.89,4945.07
52220d06-bfd2-4a27-e62e-fffd73937af4,fd03d0d4-e46a-488c-fa66-6d525011cbb7,2020-10-31,2020-11-01,4876.85,0.2010335597807295,1,0.0,4853.89,4876.85,4853.89
52220d06-bfd2-4a27-e62e-fffd73937af4,fd03d0d4-e46a-488c-fa66-6d525011cbb7,2020-11-01,2020-11-02,5033.32,0.3135830334044736,1,0.0,4876.85,5033.32,4876.85
52220d06-bfd2-4a27-e62e-fffd73937af4,fd03d0d4-e46a-488c-fa66-6d525011cbb7,2020-11-02,2020-11-03,4866.39,0.134767440718541,0,5179.30055,5033.32,312.9105499999996,5179.30055
52220d06-bfd2-4a27-e62e-fffd73937af4,fd03d0d4-e46a-488c-fa66-6d525011cbb7,2020-11-03,2020-11-04,4704.29,0.1356099720247257,0,5113.858422222225,4866.39,409.5684222222253,5113.858422222225
52220d06-bfd2-4a27-e62e-fffd73937af4,fd03d0d4-e46a-488c-fa66-6d525011cbb7,2020-11-04,2020-11-05,4806.06,0.1856984416708372,1,0.0,4704.29,4806.06,4704.29
52220d06-bfd2-4a27-e62e-fffd73937af4,fd03d0d4-e46a-488c-fa66-6d525011cbb7,2020-11-05,2020-11-06,4510.15,0.2721944548569205,1,0.0,4806.06,4510.15,4806.06
52220d06-bfd2-4a27-e62e-fffd73937af4,fd03d0d4-e46a-488c-fa66-6d525011cbb7,2020-11-06,2020-11-07,4950.19,0.1969528841413155,1,0.0,4510.15,4950.19,4510.15
52220d06-bfd2-4a27-e62e-fffd73937af4,fd03d0d4-e46a-488c-fa66-6d525011cbb7,2020-11-07,2020-11-08,4831.9,0.2138262632955546,1,0.0,4950.19,4831.9,4950.19
52220d06-bfd2-4a27-e62e-fffd73937af4,fd03d0d4-e46a-488c-fa66-6d525011cbb7,2020-11-08,2020-11-09,4891.02,0.1973596032534967,1,0.0,4831.9,4891.02,4831.9
52220d06-bfd2-4a27-e62e-fffd73937af4,fd03d0d4-e46a-488c-fa66-6d525011cbb7,2020-11-09,2020-11-10,0.0,0.1659216695541691,1,0.0,4891.02,0.0,4891.02
52220d06-bfd2-4a27-e62e-fffd73937af4,fd03d0d4-e46a-488c-fa66-6d525011cbb7,2020-11-10,2020-11-11,4750.53,0.0466883334328444,0,5250.315322222228,0.0,499.7853222222284,5250.315322222228
52220d06-bfd2-4a27-e62e-fffd73937af4,fd03d0d4-e46a-488c-fa66-6d525011cbb7,2020-11-11,2020-11-12,4238.17,0.0774485694871503,0,5173.891900000006,4750.53,935.721900000006,5173.891900000006
52220d06-bfd2-4a27-e62e-fffd73937af4,fd03d0d4-e46a-488c-fa66-6d525011cbb7,2020-11-12,2020-11-13,4591.35,0.1162717120277906,0,5179.399427777779,4238.17,588.0494277777789,5179.399427777779
52220d06-bfd2-4a27-e62e-fffd73937af4,fd03d0d4-e46a-488c-fa66-6d525011cbb7,2020-11-13,2020-11-14,0.0,0.1196988775656549,0,5231.612377777777,4591.35,5231.612377777777,5231.612377777777
52220d06-bfd2-4a27-e62e-fffd73937af4,fd03d0d4-e46a-488c-fa66-6d525011cbb7,2020-11-14,2020-11-15,4660.04,0.0325273984494269,0,5141.741661111114,0.0,481.70166111111394,5141.741661111114
52220d06-bfd2-4a27-e62e-fffd73937af4,fd03d0d4-e46a-488c-fa66-6d525011cbb7,2020-11-15,2020-11-16,4624.87,0.0950562995696682,0,5024.710172222232,4660.04,399.84017222223247,5024.710172222232
52220d06-bfd2-4a27-e62e-fffd73937af4,fd03d0d4-e46a-488c-fa66-6d525011cbb7,2020-11-16,2020-11-17,4873.09,0.1096919042154292,0,5097.663050000003,4624.87,224.5730500000027,5097.663050000003
52220d06-bfd2-4a27-e62e-fffd73937af4,fd03d0d4-e46a-488c-fa66-6d525011cbb7,2020-11-17,2020-11-18,4664.89,0.0777695774090221,0,5376.574705555555,4873.09,711.6847055555545,5376.574705555555
52220d06-bfd2-4a27-e62e-fffd73937af4,fd03d0d4-e46a-488c-fa66-6d525011cbb7,2020-11-18,2020-11-19,4948.48,0.1133860360367926,0,5413.685744444436,4664.89,465.2057444444363,5413.685744444436
52220d06-bfd2-4a27-e62e-fffd73937af4,fd03d0d4-e46a-488c-fa66-6d525011cbb7,2020-11-19,2020-11-20,4260.55,0.1569761667525619,1,0.0,4948.48,4260.55,4948.48
52220d06-bfd2-4a27-e62e-fffd73937af4,fd03d0d4-e46a-488c-fa66-6d525011cbb7,2020-11-20,2020-11-21,4847.87,0.133943940125773,0,5208.737294444444,4260.55,360.8672944444442,5208.737294444444
52220d06-bfd2-4a27-e62e-fffd73937af4,fd03d0d4-e46a-488c-fa66-6d525011cbb7,2020-11-21,2020-11-22,4864.37,0.0915846883737694,0,5366.001049999995,4847.87,501.6310499999954,5366.001049999995
52220d06-bfd2-4a27-e62e-fffd73937af4,fd03d0d4-e46a-488c-fa66-6d525011cbb7,2020-11-22,2020-11-23,5070.99,0.2021389747069791,1,0.0,4864.37,5070.99,4864.37
52220d06-bfd2-4a27-e62e-fffd73937af4,fd03d0d4-e46a-488c-fa66-6d525011cbb7,2020-11-23,2020-11-24,4293.62,0.1006540340284167,0,5290.884927777773,5070.99,997.2649277777728,5290.884927777773
52220d06-bfd2-4a27-e62e-fffd73937af4,fd03d0d4-e46a-488c-fa66-6d525011cbb7,2020-11-24,2020-11-25,4335.78,0.1144725535695612,0,5416.983933333327,4293.62,1081.2039333333269,5416.983933333327
52220d06-bfd2-4a27-e62e-fffd73937af4,fd03d0d4-e46a-488c-fa66-6d525011cbb7,2020-11-25,2020-11-26,4755.19,0.1540173193381633,1,0.0,4335.78,4755.19,4335.78
52220d06-bfd2-4a27-e62e-fffd73937af4,fd03d0d4-e46a-488c-fa66-6d525011cbb7,2020-11-26,2020-11-27,4524.7,0.1614811408654416,1,0.0,4755.19,4524.7,4755.19
52220d06-bfd2-4a27-e62e-fffd73937af4,fd03d0d4-e46a-488c-fa66-6d525011cbb7,2020-11-27,2020-11-28,4692.38,0.1457723018563925,0,5275.418049999998,4524.7,583.0380499999983,5275.418049999998
52220d06-bfd2-4a27-e62e-fffd73937af4,fd03d0d4-e46a-488c-fa66-6d525011cbb7,2020-11-28,2020-11-29,4707.26,0.2021981348508667,1,0.0,4692.38,4707.26,4692.38
52220d06-bfd2-4a27-e62e-fffd73937af4,fd03d0d4-e46a-488c-fa66-6d525011cbb7,2020-11-29,2020-11-30,4848.69,0.1367985051245046,0,5336.921144444441,4707.26,488.23114444444127,5336.921144444441
52220d06-bfd2-4a27-e62e-fffd73937af4,fd03d0d4-e46a-488c-fa66-6d525011cbb7,2020-11-30,2020-12-01,4854.77,0.1152079823780243,0,5337.6114777777775,4848.69,482.8414777777771,5337.6114777777775
52220d06-bfd2-4a27-e62e-fffd73937af4,fd03d0d4-e46a-488c-fa66-6d525011cbb7,2020-12-01,2020-12-02,4934.11,0.1199235809730618,0,5323.286138888886,4854.77,389.1761388888863,5323.286138888886
52220d06-bfd2-4a27-e62e-fffd73937af4,fd03d0d4-e46a-488c-fa66-6d525011cbb7,2020-12-02,2020-12-03,4753.29,0.1739419448281996,1,0.0,4934.11,4753.29,4934.11
52220d06-bfd2-4a27-e62e-fffd73937af4,fd03d0d4-e46a-488c-fa66-6d525011cbb7,2020-12-03,2020-12-04,4405.79,0.1707257708630861,1,0.0,4753.29,4405.79,4753.29
52220d06-bfd2-4a27-e62e-fffd73937af4,fd03d0d4-e46a-488c-fa66-6d525011cbb7,2020-12-04,2020-12-05,5071.69,0.2187744762752997,1,0.0,4405.79,5071.69,4405.79
52220d06-bfd2-4a27-e62e-fffd73937af4,fd03d0d4-e46a-488c-fa66-6d525011cbb7,2020-12-05,2020-12-06,5171.34,0.194407943880941,1,0.0,5071.69,5171.34,5071.69
52220d06-bfd2-4a27-e62e-fffd73937af4,fd03d0d4-e46a-488c-fa66-6d525011cbb7,2020-12-06,2020-12-07,4635.01,0.158095791453132,1,0.0,5171.34,4635.01,5171.34
52220d06-bfd2-4a27-e62e-fffd73937af4,fd03d0d4-e46a-488c-fa66-6d525011cbb7,2020-12-07,2020-12-08,4684.91,0.0952936682992489,0,5297.445627777776,4635.01,612.5356277777764,5297.445627777776
52220d06-bfd2-4a27-e62e-fffd73937af4,fd03d0d4-e46a-488c-fa66-6d525011cbb7,2020-12-08,2020-12-09,4846.19,0.1335664242714513,0,5257.293005555556,4684.91,411.1030055555566,5257.293005555556
52220d06-bfd2-4a27-e62e-fffd73937af4,fd03d0d4-e46a-488c-fa66-6d525011cbb7,2020-12-09,2020-12-10,4456.16,0.1652276801112122,1,0.0,4846.19,4456.16,4846.19
52220d06-bfd2-4a27-e62e-fffd73937af4,fd03d0d4-e46a-488c-fa66-6d525011cbb7,2020-12-10,2020-12-11,4979.15,0.2182154812523355,1,0.0,4456.16,4979.15,4456.16
52220d06-bfd2-4a27-e62e-fffd73937af4,fd03d0d4-e46a-488c-fa66-6d525011cbb7,2020-12-11,2020-12-12,4618.4,0.1953350613926209,1,0.0,4979.15,4618.4,4979.15
52220d06-bfd2-4a27-e62e-fffd73937af4,fd03d0d4-e46a-488c-fa66-6d525011cbb7,2020-12-12,2020-12-13,4339.17,0.1478158777854315,0,5262.693111111111,4618.4,923.5231111111108,5262.693111111111
52220d06-bfd2-4a27-e62e-fffd73937af4,fd03d0d4-e46a-488c-fa66-6d525011cbb7,2020-12-13,2020-12-14,4650.7,0.1742788242621577,1,0.0,4339.17,4650.7,4339.17
52220d06-bfd2-4a27-e62e-fffd73937af4,fd03d0d4-e46a-488c-fa66-6d525011cbb7,2020-12-14,2020-12-15,4547.65,0.1146210523401386,0,5260.897555555554,4650.7,713.2475555555548,5260.897555555554
52220d06-bfd2-4a27-e62e-fffd73937af4,fd03d0d4-e46a-488c-fa66-6d525011cbb7,2020-12-15,2020-12-16,4538.66,0.1493353549581492,0,5272.276616666666,4547.65,733.6166166666662,5272.276616666666
52220d06-bfd2-4a27-e62e-fffd73937af4,fd03d0d4-e46a-488c-fa66-6d525011cbb7,2020-12-16,2020-12-17,4404.06,0.1456400244639517,0,5204.814627777781,4538.66,800.754627777781,5204.814627777781
52220d06-bfd2-4a27-e62e-fffd73937af4,fd03d0d4-e46a-488c-fa66-6d525011cbb7,2020-12-17,2020-12-18,4517.94,0.1464771920906492,0,5274.847472222223,4404.06,756.9074722222231,5274.847472222223
52220d06-bfd2-4a27-e62e-fffd73937af4,fd03d0d4-e46a-488c-fa66-6d525011cbb7,2020-12-18,2020-12-19,5051.38,0.1375237103441738,0,5242.464683333334,4517.94,191.0846833333335,5242.464683333334
52220d06-bfd2-4a27-e62e-fffd73937af4,fd03d0d4-e46a-488c-fa66-6d525011cbb7,2020-12-19,2020-12-20,4319.73,0.1903813683114034,1,0.0,5051.38,4319.73,5051.38
52220d06-bfd2-4a27-e62e-fffd73937af4,fd03d0d4-e46a-488c-fa66-6d525011cbb7,2020-12-20,2020-12-21,4455.76,0.1651490424476284,1,0.0,4319.73,4455.76,4319.73
52220d06-bfd2-4a27-e62e-fffd73937af4,fd03d0d4-e46a-488c-fa66-6d525011cbb7,2020-12-21,2020-12-22,4537.99,0.1282663984145133,0,5240.797805555554,4455.76,702.8078055555543,5240.797805555554
52220d06-bfd2-4a27-e62e-fffd73937af4,fd03d0d4-e46a-488c-fa66-6d525011cbb7,2020-12-22,2020-12-23,4574.93,0.1133493108544454,0,5283.275,4537.99,708.3449999999993,5283.275
52220d06-bfd2-4a27-e62e-fffd73937af4,fd03d0d4-e46a-488c-fa66-6d525011cbb7,2020-12-23,2020-12-24,4306.79,0.1532048550342854,1,0.0,4574.93,4306.79,4574.93
52220d06-bfd2-4a27-e62e-fffd73937af4,fd03d0d4-e46a-488c-fa66-6d525011cbb7,2020-12-24,2020-12-25,4527.96,0.17607888822024,1,0.0,4306.79,4527.96,4306.79
52220d06-bfd2-4a27-e62e-fffd73937af4,fd03d0d4-e46a-488c-fa66-6d525011cbb7,2020-12-25,2020-12-26,4435.34,0.1304978520494537,0,5264.355066666667,4527.96,829.0150666666668,5264.355066666667
52220d06-bfd2-4a27-e62e-fffd73937af4,fd03d0d4-e46a-488c-fa66-6d525011cbb7,2020-12-26,2020-12-27,5034.75,0.1668104605319398,1,0.0,4435.34,5034.75,4435.34
52220d06-bfd2-4a27-e62e-fffd73937af4,fd03d0d4-e46a-488c-fa66-6d525011cbb7,2020-12-27,2020-12-28,4476.89,0.214675164229222,1,0.0,5034.75,4476.89,5034.75
52220d06-bfd2-4a27-e62e-fffd73937af4,fd03d0d4-e46a-488c-fa66-6d525011cbb7,2020-12-28,2020-12-29,4642.45,0.0926573304916233,0,5216.148138888888,4476.89,573.698138888888,5216.148138888888
52220d06-bfd2-4a27-e62e-fffd73937af4,fd03d0d4-e46a-488c-fa66-6d525011cbb7,2020-12-29,2020-12-30,4755.03,0.1434124783318699,0,5280.756155555556,4642.45,525.726155555556,5280.756155555556
52220d06-bfd2-4a27-e62e-fffd73937af4,fd03d0d4-e46a-488c-fa66-6d525011cbb7,2020-12-30,2020-12-31,4592.0,0.139182938250281,0,5315.608283333329,4755.03,723.6082833333294,5315.608283333329
55472630-5ac5-4cad-ede6-653bbc273e42,fd03d0d4-e46a-488c-fa66-6d525011cbb7,2020-08-23,2020-08-24,1330.95,0.2958973686337205,1,0.0,1350.51,1330.95,1350.51
55472630-5ac5-4cad-ede6-653bbc273e42,fd03d0d4-e46a-488c-fa66-6d525011cbb7,2020-08-24,2020-08-25,1337.54,0.2395133820512211,1,0.0,1330.95,1337.54,1330.95
55472630-5ac5-4cad-ede6-653bbc273e42,fd03d0d4-e46a-488c-fa66-6d525011cbb7,2020-08-25,2020-08-26,1317.69,0.2996748482040248,1,0.0,1337.54,1317.69,1337.54
55472630-5ac5-4cad-ede6-653bbc273e42,fd03d0d4-e46a-488c-fa66-6d525011cbb7,2020-08-26,2020-08-27,0.0,0.1245100839983972,0,1296.874250000001,1317.69,1296.874250000001,1296.874250000001
55472630-5ac5-4cad-ede6-653bbc273e42,fd03d0d4-e46a-488c-fa66-6d525011cbb7,2020-08-27,2020-08-28,1431.83,0.0123388677227152,0,1292.771000000001,0.0,139.05899999999883,1292.771000000001
55472630-5ac5-4cad-ede6-653bbc273e42,fd03d0d4-e46a-488c-fa66-6d525011cbb7,2020-08-28,2020-08-29,1217.6,0.1408917920184753,0,1330.8589888888891,1431.83,113.25898888888923,1330.8589888888891
55472630-5ac5-4cad-ede6-653bbc273e42,fd03d0d4-e46a-488c-fa66-6d525011cbb7,2020-08-29,2020-08-30,1223.7,0.1954390431053463,1,0.0,1217.6,1223.7,1217.6
55472630-5ac5-4cad-ede6-653bbc273e42,fd03d0d4-e46a-488c-fa66-6d525011cbb7,2020-08-30,2020-08-31,1339.09,0.3744792754849469,1,0.0,1223.7,1339.09,1223.7
55472630-5ac5-4cad-ede6-653bbc273e42,fd03d0d4-e46a-488c-fa66-6d525011cbb7,2020-08-31,2020-09-01,1327.4,0.1407122117325523,0,1298.8730555555555,1339.09,28.526944444444556,1298.8730555555555
55472630-5ac5-4cad-ede6-653bbc273e42,fd03d0d4-e46a-488c-fa66-6d525011cbb7,2020-09-01,2020-09-02,1442.35,0.1088022782050048,0,1301.3714111111103,1327.4,140.9785888888896,1301.3714111111103
55472630-5ac5-4cad-ede6-653bbc273e42,fd03d0d4-e46a-488c-fa66-6d525011cbb7,2020-09-02,2020-09-03,1323.14,0.1986193993056782,1,0.0,1442.35,1323.14,1442.35
55472630-5ac5-4cad-ede6-653bbc273e42,fd03d0d4-e46a-488c-fa66-6d525011cbb7,2020-09-03,2020-09-04,1309.75,0.0823382566115337,0,1343.7956444444446,1323.14,34.04564444444463,1343.7956444444446
55472630-5ac5-4cad-ede6-653bbc273e42,fd03d0d4-e46a-488c-fa66-6d525011cbb7,2020-09-04,2020-09-05,1369.43,0.1978783548336682,1,0.0,1309.75,1369.43,1309.75
55472630-5ac5-4cad-ede6-653bbc273e42,fd03d0d4-e46a-488c-fa66-6d525011cbb7,2020-09-05,2020-09-06,1471.11,0.2103596515662033,1,0.0,1369.43,1471.11,1369.43
55472630-5ac5-4cad-ede6-653bbc273e42,fd03d0d4-e46a-488c-fa66-6d525011cbb7,2020-09-06,2020-09-07,1339.06,0.3075461188232287,1,0.0,1471.11,1339.06,1471.11
55472630-5ac5-4cad-ede6-653bbc273e42,fd03d0d4-e46a-488c-fa66-6d525011cbb7,2020-09-07,2020-09-08,1216.23,0.1362088793380665,0,1298.6284833333332,1339.06,82.39848333333316,1298.6284833333332
55472630-5ac5-4cad-ede6-653bbc273e42,fd03d0d4-e46a-488c-fa66-6d525011cbb7,2020-09-08,2020-09-09,1442.92,0.1540144263661654,1,0.0,1216.23,1442.92,1216.23
55472630-5ac5-4cad-ede6-653bbc273e42,fd03d0d4-e46a-488c-fa66-6d525011cbb7,2020-09-09,2020-09-10,1303.82,0.2401028142445154,1,0.0,1442.92,1303.82,1442.92
55472630-5ac5-4cad-ede6-653bbc273e42,fd03d0d4-e46a-488c-fa66-6d525011cbb7,2020-09-10,2020-09-11,0.0,0.4093725201066051,1,0.0,1303.82,0.0,1303.82
55472630-5ac5-4cad-ede6-653bbc273e42,fd03d0d4-e46a-488c-fa66-6d525011cbb7,2020-09-11,2020-09-12,1160.03,0.0253969760567455,0,1302.1278,0.0,142.0978,1302.1278
55472630-5ac5-4cad-ede6-653bbc273e42,fd03d0d4-e46a-488c-fa66-6d525011cbb7,2020-09-12,2020-09-13,1245.64,0.2392038247291415,1,0.0,1160.03,1245.64,1160.03
55472630-5ac5-4cad-ede6-653bbc273e42,fd03d0d4-e46a-488c-fa66-6d525011cbb7,2020-09-13,2020-09-14,0.0,0.3935421595186767,1,0.0,1245.64,0.0,1245.64
55472630-5ac5-4cad-ede6-653bbc273e42,fd03d0d4-e46a-488c-fa66-6d525011cbb7,2020-09-14,2020-09-15,1260.33,0.0123253595917792,0,1225.7989111111117,0.0,34.531088888888235,1225.7989111111117
55472630-5ac5-4cad-ede6-653bbc273e42,fd03d0d4-e46a-488c-fa66-6d525011cbb7,2020-09-15,2020-09-16,1344.93,0.1541682924811812,1,0.0,1260.33,1344.93,1260.33
55472630-5ac5-4cad-ede6-653bbc273e42,fd03d0d4-e46a-488c-fa66-6d525011cbb7,2020-09-16,2020-09-17,1174.96,0.2351428498406553,1,0.0,1344.93,1174.96,1344.93
55472630-5ac5-4cad-ede6-653bbc273e42,fd03d0d4-e46a-488c-fa66-6d525011cbb7,2020-09-17,2020-09-18,1156.17,0.1781190214609534,1,0.0,1174.96,1156.17,1174.96
55472630-5ac5-4cad-ede6-653bbc273e42,fd03d0d4-e46a-488c-fa66-6d525011cbb7,2020-09-18,2020-09-19,1386.98,0.20035145884515,1,0.0,1156.17,1386.98,1156.17
55472630-5ac5-4cad-ede6-653bbc273e42,fd03d0d4-e46a-488c-fa66-6d525011cbb7,2020-09-19,2020-09-20,1316.41,0.2243847751662045,1,0.0,1386.98,1316.41,1386.98
55472630-5ac5-4cad-ede6-653bbc273e42,fd03d0d4-e46a-488c-fa66-6d525011cbb7,2020-09-20,2020-09-21,1274.82,0.3614572976729907,1,0.0,1316.41,1274.82,1316.41
55472630-5ac5-4cad-ede6-653bbc273e42,fd03d0d4-e46a-488c-fa66-6d525011cbb7,2020-09-21,2020-09-22,1322.01,0.1107569687498344,0,1324.2152,1274.82,2.2052000000001044,1324.2152
55472630-5ac5-4cad-ede6-653bbc273e42,fd03d0d4-e46a-488c-fa66-6d525011cbb7,2020-09-22,2020-09-23,1262.49,0.2615846642516247,1,0.0,1322.01,1262.49,1322.01
55472630-5ac5-4cad-ede6-653bbc273e42,fd03d0d4-e46a-488c-fa66-6d525011cbb7,2020-09-23,2020-09-24,1213.62,0.2782112893803903,1,0.0,1262.49,1213.62,1262.49
55472630-5ac5-4cad-ede6-653bbc273e42,fd03d0d4-e46a-488c-fa66-6d525011cbb7,2020-09-24,2020-09-25,1198.29,0.2188632200101671,1,0.0,1213.62,1198.29,1213.62
55472630-5ac5-4cad-ede6-653bbc273e42,fd03d0d4-e46a-488c-fa66-6d525011cbb7,2020-09-25,2020-09-26,1280.22,0.3713952549576306,1,0.0,1198.29,1280.22,1198.29
55472630-5ac5-4cad-ede6-653bbc273e42,fd03d0d4-e46a-488c-fa66-6d525011cbb7,2020-09-26,2020-09-27,0.0,0.3905769914958356,1,0.0,1280.22,0.0,1280.22
55472630-5ac5-4cad-ede6-653bbc273e42,fd03d0d4-e46a-488c-fa66-6d525011cbb7,2020-09-27,2020-09-28,1221.84,0.032472576723381,0,1267.0823166666655,0.0,45.2423166666656,1267.0823166666655
55472630-5ac5-4cad-ede6-653bbc273e42,fd03d0d4-e46a-488c-fa66-6d525011cbb7,2020-09-28,2020-09-29,1325.35,0.1011389270687673,0,1276.223394444445,1221.84,49.12660555555499,1276.223394444445
55472630-5ac5-4cad-ede6-653bbc273e42,fd03d0d4-e46a-488c-fa66-6d525011cbb7,2020-09-29,2020-09-30,1322.21,0.186408369190166,1,0.0,1325.35,1322.21,1325.35
55472630-5ac5-4cad-ede6-653bbc273e42,fd03d0d4-e46a-488c-fa66-6d525011cbb7,2020-09-30,2020-10-01,1174.91,0.2752161557169577,1,0.0,1322.21,1174.91,1322.21
55472630-5ac5-4cad-ede6-653bbc273e42,fd03d0d4-e46a-488c-fa66-6d525011cbb7,2020-10-01,2020-10-02,1344.18,0.2175973767768977,1,0.0,1174.91,1344.18,1174.91
55472630-5ac5-4cad-ede6-653bbc273e42,fd03d0d4-e46a-488c-fa66-6d525011cbb7,2020-10-02,2020-10-03,1257.3,0.2089784595875916,1,0.0,1344.18,1257.3,1344.18
55472630-5ac5-4cad-ede6-653bbc273e42,fd03d0d4-e46a-488c-fa66-6d525011cbb7,2020-10-03,2020-10-04,1233.12,0.2408104921428097,1,0.0,1257.3,1233.12,1257.3
55472630-5ac5-4cad-ede6-653bbc273e42,fd03d0d4-e46a-488c-fa66-6d525011cbb7,2020-10-04,2020-10-05,1304.03,0.2222118309281481,1,0.0,1233.12,1304.03,1233.12
55472630-5ac5-4cad-ede6-653bbc273e42,fd03d0d4-e46a-488c-fa66-6d525011cbb7,2020-10-05,2020-10-06,0.0,0.1978162409277206,1,0.0,1304.03,0.0,1304.03
55472630-5ac5-4cad-ede6-653bbc273e42,fd03d0d4-e46a-488c-fa66-6d525011cbb7,2020-10-06,2020-10-07,1146.73,0.0220299396059363,0,1276.6415999999997,0.0,129.91159999999968,1276.6415999999997
55472630-5ac5-4cad-ede6-653bbc273e42,fd03d0d4-e46a-488c-fa66-6d525011cbb7,2020-10-07,2020-10-08,1227.53,0.1496848003153231,0,1272.5859944444444,1146.73,45.05599444444442,1272.5859944444444
55472630-5ac5-4cad-ede6-653bbc273e42,fd03d0d4-e46a-488c-fa66-6d525011cbb7,2020-10-08,2020-10-09,1210.95,0.253325942458214,1,0.0,1227.53,1210.95,1227.53
55472630-5ac5-4cad-ede6-653bbc273e42,fd03d0d4-e46a-488c-fa66-6d525011cbb7,2020-10-09,2020-10-10,1239.76,0.2187556647840897,1,0.0,1210.95,1239.76,1210.95
55472630-5ac5-4cad-ede6-653bbc273e42,fd03d0d4-e46a-488c-fa66-6d525011cbb7,2020-10-10,2020-10-11,1284.88,0.3206328949673602,1,0.0,1239.76,1284.88,1239.76
55472630-5ac5-4cad-ede6-653bbc273e42,fd03d0d4-e46a-488c-fa66-6d525011cbb7,2020-10-11,2020-10-12,1203.13,0.3034881759841253,1,0.0,1284.88,1203.13,1284.88
55472630-5ac5-4cad-ede6-653bbc273e42,fd03d0d4-e46a-488c-fa66-6d525011cbb7,2020-10-12,2020-10-13,1339.11,0.1683501798270143,1,0.0,1203.13,1339.11,1203.13
55472630-5ac5-4cad-ede6-653bbc273e42,fd03d0d4-e46a-488c-fa66-6d525011cbb7,2020-10-13,2020-10-14,1260.47,0.1810087012487884,1,0.0,1339.11,1260.47,1339.11
55472630-5ac5-4cad-ede6-653bbc273e42,fd03d0d4-e46a-488c-fa66-6d525011cbb7,2020-10-14,2020-10-15,1287.21,0.2371072926249733,1,0.0,1260.47,1287.21,1260.47
55472630-5ac5-4cad-ede6-653bbc273e42,fd03d0d4-e46a-488c-fa66-6d525011cbb7,2020-10-15,2020-10-16,1218.72,0.3553289563091957,1,0.0,1287.21,1218.72,1287.21
55472630-5ac5-4cad-ede6-653bbc273e42,fd03d0d4-e46a-488c-fa66-6d525011cbb7,2020-10-16,2020-10-17,1338.92,0.3222448136030412,1,0.0,1218.72,1338.92,1218.72
55472630-5ac5-4cad-ede6-653bbc273e42,fd03d0d4-e46a-488c-fa66-6d525011cbb7,2020-10-17,2020-10-18,1304.45,0.417885926848808,1,0.0,1338.92,1304.45,1338.92
55472630-5ac5-4cad-ede6-653bbc273e42,fd03d0d4-e46a-488c-fa66-6d525011cbb7,2020-10-18,2020-10-19,1168.67,0.3936304956298228,1,0.0,1304.45,1168.67,1304.45
55472630-5ac5-4cad-ede6-653bbc273e42,fd03d0d4-e46a-488c-fa66-6d525011cbb7,2020-10-19,2020-10-20,1230.85,0.1883416061357923,1,0.0,1168.67,1230.85,1168.67
55472630-5ac5-4cad-ede6-653bbc273e42,fd03d0d4-e46a-488c-fa66-6d525011cbb7,2020-10-20,2020-10-21,1403.64,0.2198472586783612,1,0.0,1230.85,1403.64,1230.85
55472630-5ac5-4cad-ede6-653bbc273e42,fd03d0d4-e46a-488c-fa66-6d525011cbb7,2020-10-21,2020-10-22,1356.84,0.3375308750231928,1,0.0,1403.64,1356.84,1403.64
55472630-5ac5-4cad-ede6-653bbc273e42,fd03d0d4-e46a-488c-fa66-6d525011cbb7,2020-10-22,2020-10-23,1254.93,0.2700023695814314,1,0.0,1356.84,1254.93,1356.84
55472630-5ac5-4cad-ede6-653bbc273e42,fd03d0d4-e46a-488c-fa66-6d525011cbb7,2020-10-23,2020-10-24,1318.04,0.3573234188877914,1,0.0,1254.93,1318.04,1254.93
55472630-5ac5-4cad-ede6-653bbc273e42,fd03d0d4-e46a-488c-fa66-6d525011cbb7,2020-10-24,2020-10-25,1218.41,0.3915577325821779,1,0.0,1318.04,1218.41,1318.04
55472630-5ac5-4cad-ede6-653bbc273e42,fd03d0d4-e46a-488c-fa66-6d525011cbb7,2020-10-25,2020-10-26,1306.26,0.4805119437140356,1,0.0,1218.41,1306.26,1218.41
55472630-5ac5-4cad-ede6-653bbc273e42,fd03d0d4-e46a-488c-fa66-6d525011cbb7,2020-10-26,2020-10-27,1167.66,0.1698497587371657,1,0.0,1306.26,1167.66,1306.26
55472630-5ac5-4cad-ede6-653bbc273e42,fd03d0d4-e46a-488c-fa66-6d525011cbb7,2020-10-27,2020-10-28,1148.0,0.2203093845406559,1,0.0,1167.66,1148.0,1167.66
55472630-5ac5-4cad-ede6-653bbc273e42,fd03d0d4-e46a-488c-fa66-6d525011cbb7,2020-10-28,2020-10-29,1379.49,0.2530080094193367,1,0.0,1148.0,1379.49,1148.0
55472630-5ac5-4cad-ede6-653bbc273e42,fd03d0d4-e46a-488c-fa66-6d525011cbb7,2020-10-29,2020-10-30,1272.59,0.3376984791683247,1,0.0,1379.49,1272.59,1379.49
55472630-5ac5-4cad-ede6-653bbc273e42,fd03d0d4-e46a-488c-fa66-6d525011cbb7,2020-10-30,2020-10-31,1191.85,0.3268904815020106,1,0.0,1272.59,1191.85,1272.59
55472630-5ac5-4cad-ede6-653bbc273e42,fd03d0d4-e46a-488c-fa66-6d525011cbb7,2020-10-31,2020-11-01,1278.76,0.3950862152306577,1,0.0,1191.85,1278.76,1191.85
55472630-5ac5-4cad-ede6-653bbc273e42,fd03d0d4-e46a-488c-fa66-6d525011cbb7,2020-11-01,2020-11-02,1261.0,0.3732956996665119,1,0.0,1278.76,1261.0,1278.76
55472630-5ac5-4cad-ede6-653bbc273e42,fd03d0d4-e46a-488c-fa66-6d525011cbb7,2020-11-02,2020-11-03,1131.52,0.1267728150808787,0,1290.9441555555543,1261.0,159.4241555555543,1290.9441555555543
55472630-5ac5-4cad-ede6-653bbc273e42,fd03d0d4-e46a-488c-fa66-6d525011cbb7,2020-11-03,2020-11-04,1249.67,0.1880503804670085,1,0.0,1131.52,1249.67,1131.52
55472630-5ac5-4cad-ede6-653bbc273e42,fd03d0d4-e46a-488c-fa66-6d525011cbb7,2020-11-04,2020-11-05,1276.48,0.2604315044362471,1,0.0,1249.67,1276.48,1249.67
55472630-5ac5-4cad-ede6-653bbc273e42,fd03d0d4-e46a-488c-fa66-6d525011cbb7,2020-11-05,2020-11-06,0.0,0.3093997330245547,1,0.0,1276.48,0.0,1276.48
55472630-5ac5-4cad-ede6-653bbc273e42,fd03d0d4-e46a-488c-fa66-6d525011cbb7,2020-11-06,2020-11-07,1200.68,0.0139529717382173,0,1279.7948944444436,0.0,79.11489444444351,1279.7948944444436
55472630-5ac5-4cad-ede6-653bbc273e42,fd03d0d4-e46a-488c-fa66-6d525011cbb7,2020-11-07,2020-11-08,1112.39,0.1938938363302163,1,0.0,1200.68,1112.39,1200.68
55472630-5ac5-4cad-ede6-653bbc273e42,fd03d0d4-e46a-488c-fa66-6d525011cbb7,2020-11-08,2020-11-09,1171.84,0.2950469415334024,1,0.0,1112.39,1171.84,1112.39
55472630-5ac5-4cad-ede6-653bbc273e42,fd03d0d4-e46a-488c-fa66-6d525011cbb7,2020-11-09,2020-11-10,1175.04,0.150767796702979,1,0.0,1171.84,1175.04,1171.84
55472630-5ac5-4cad-ede6-653bbc273e42,fd03d0d4-e46a-488c-fa66-6d525011cbb7,2020-11-10,2020-11-11,1192.16,0.2139952096200177,1,0.0,1175.04,1192.16,1175.04
55472630-5ac5-4cad-ede6-653bbc273e42,fd03d0d4-e46a-488c-fa66-6d525011cbb7,2020-11-11,2020-11-12,1223.01,0.228361351203796,1,0.0,1192.16,1223.01,1192.16
55472630-5ac5-4cad-ede6-653bbc273e42,fd03d0d4-e46a-488c-fa66-6d525011cbb7,2020-11-12,2020-11-13,1233.49,0.2251552675880244,1,0.0,1223.01,1233.49,1223.01
55472630-5ac5-4cad-ede6-653bbc273e42,fd03d0d4-e46a-488c-fa66-6d525011cbb7,2020-11-13,2020-11-14,1343.75,0.2081212356225181,1,0.0,1233.49,1343.75,1233.49
55472630-5ac5-4cad-ede6-653bbc273e42,fd03d0d4-e46a-488c-fa66-6d525011cbb7,2020-11-14,2020-11-15,1099.6,0.3216024891256194,1,0.0,1343.75,1099.6,1343.75
55472630-5ac5-4cad-ede6-653bbc273e42,fd03d0d4-e46a-488c-fa66-6d525011cbb7,2020-11-15,2020-11-16,1085.93,0.3151043780386713,1,0.0,1099.6,1085.93,1099.6
55472630-5ac5-4cad-ede6-653bbc273e42,fd03d0d4-e46a-488c-fa66-6d525011cbb7,2020-11-16,2020-11-17,1188.01,0.1595533062935929,1,0.0,1085.93,1188.01,1085.93
55472630-5ac5-4cad-ede6-653bbc273e42,fd03d0d4-e46a-488c-fa66-6d525011cbb7,2020-11-17,2020-11-18,1135.55,0.2512181887377751,1,0.0,1188.01,1135.55,1188.01
55472630-5ac5-4cad-ede6-653bbc273e42,fd03d0d4-e46a-488c-fa66-6d525011cbb7,2020-11-18,2020-11-19,1182.5,0.2005295417269536,1,0.0,1135.55,1182.5,1135.55
55472630-5ac5-4cad-ede6-653bbc273e42,fd03d0d4-e46a-488c-fa66-6d525011cbb7,2020-11-19,2020-11-20,1102.53,0.2225738708281472,1,0.0,1182.5,1102.53,1182.5
55472630-5ac5-4cad-ede6-653bbc273e42,fd03d0d4-e46a-488c-fa66-6d525011cbb7,2020-11-20,2020-11-21,1307.71,0.2801612512579705,1,0.0,1102.53,1307.71,1102.53
55472630-5ac5-4cad-ede6-653bbc273e42,fd03d0d4-e46a-488c-fa66-6d525011cbb7,2020-11-21,2020-11-22,1318.21,0.2534881526550746,1,0.0,1307.71,1318.21,1307.71
55472630-5ac5-4cad-ede6-653bbc273e42,fd03d0d4-e46a-488c-fa66-6d525011cbb7,2020-11-22,2020-11-23,1204.65,0.3160187802354452,1,0.0,1318.21,1204.65,1318.21
55472630-5ac5-4cad-ede6-653bbc273e42,fd03d0d4-e46a-488c-fa66-6d525011cbb7,2020-11-23,2020-11-24,1323.93,0.137663195283575,0,1264.8375611111112,1204.65,59.092438888888864,1264.8375611111112
55472630-5ac5-4cad-ede6-653bbc273e42,fd03d0d4-e46a-488c-fa66-6d525011cbb7,2020-11-24,2020-11-25,1368.74,0.2284145773028318,1,0.0,1323.93,1368.74,1323.93
55472630-5ac5-4cad-ede6-653bbc273e42,fd03d0d4-e46a-488c-fa66-6d525011cbb7,2020-11-25,2020-11-26,1195.1,0.2305813102448217,1,0.0,1368.74,1195.1,1368.74
55472630-5ac5-4cad-ede6-653bbc273e42,fd03d0d4-e46a-488c-fa66-6d525011cbb7,2020-11-26,2020-11-27,1234.58,0.243108566327961,1,0.0,1195.1,1234.58,1195.1
55472630-5ac5-4cad-ede6-653bbc273e42,fd03d0d4-e46a-488c-fa66-6d525011cbb7,2020-11-27,2020-11-28,1119.24,0.30085469033916,1,0.0,1234.58,1119.24,1234.58
55472630-5ac5-4cad-ede6-653bbc273e42,fd03d0d4-e46a-488c-fa66-6d525011cbb7,2020-11-28,2020-11-29,1162.61,0.3443921684506015,1,0.0,1119.24,1162.61,1119.24
55472630-5ac5-4cad-ede6-653bbc273e42,fd03d0d4-e46a-488c-fa66-6d525011cbb7,2020-11-29,2020-11-30,1284.48,0.3275137849060065,1,0.0,1162.61,1284.48,1162.61
55472630-5ac5-4cad-ede6-653bbc273e42,fd03d0d4-e46a-488c-fa66-6d525011cbb7,2020-11-30,2020-12-01,1237.58,0.1632955036266099,1,0.0,1284.48,1237.58,1284.48
55472630-5ac5-4cad-ede6-653bbc273e42,fd03d0d4-e46a-488c-fa66-6d525011cbb7,2020-12-01,2020-12-02,1195.94,0.1861355127495922,1,0.0,1237.58,1195.94,1237.58
55472630-5ac5-4cad-ede6-653bbc273e42,fd03d0d4-e46a-488c-fa66-6d525011cbb7,2020-12-02,2020-12-03,1218.94,0.252390095469906,1,0.0,1195.94,1218.94,1195.94
55472630-5ac5-4cad-ede6-653bbc273e42,fd03d0d4-e46a-488c-fa66-6d525011cbb7,2020-12-03,2020-12-04,1250.24,0.2521031692268871,1,0.0,1218.94,1250.24,1218.94
55472630-5ac5-4cad-ede6-653bbc273e42,fd03d0d4-e46a-488c-fa66-6d525011cbb7,2020-12-04,2020-12-05,1268.55,0.264311754468486,1,0.0,1250.24,1268.55,1250.24
55472630-5ac5-4cad-ede6-653bbc273e42,fd03d0d4-e46a-488c-fa66-6d525011cbb7,2020-12-05,2020-12-06,1178.2,0.2908577266264759,1,0.0,1268.55,1178.2,1268.55
55472630-5ac5-4cad-ede6-653bbc273e42,fd03d0d4-e46a-488c-fa66-6d525011cbb7,2020-12-06,2020-12-07,1169.75,0.2915195527498018,1,0.0,1178.2,1169.75,1178.2
55472630-5ac5-4cad-ede6-653bbc273e42,fd03d0d4-e46a-488c-fa66-6d525011cbb7,2020-12-07,2020-12-08,1200.09,0.1579184697397566,1,0.0,1169.75,1200.09,1169.75
55472630-5ac5-4cad-ede6-653bbc273e42,fd03d0d4-e46a-488c-fa66-6d525011cbb7,2020-12-08,2020-12-09,1133.35,0.1782669636264327,1,0.0,1200.09,1133.35,1200.09
55472630-5ac5-4cad-ede6-653bbc273e42,fd03d0d4-e46a-488c-fa66-6d525011cbb7,2020-12-09,2020-12-10,1165.14,0.2328940757359771,1,0.0,1133.35,1165.14,1133.35
55472630-5ac5-4cad-ede6-653bbc273e42,fd03d0d4-e46a-488c-fa66-6d525011cbb7,2020-12-10,2020-12-11,1236.72,0.2205522052967978,1,0.0,1165.14,1236.72,1165.14
55472630-5ac5-4cad-ede6-653bbc273e42,fd03d0d4-e46a-488c-fa66-6d525011cbb7,2020-12-11,2020-12-12,1211.66,0.2693273878301808,1,0.0,1236.72,1211.66,1236.72
55472630-5ac5-4cad-ede6-653bbc273e42,fd03d0d4-e46a-488c-fa66-6d525011cbb7,2020-12-12,2020-12-13,1267.28,0.2793082974816339,1,0.0,1211.66,1267.28,1211.66
55472630-5ac5-4cad-ede6-653bbc273e42,fd03d0d4-e46a-488c-fa66-6d525011cbb7,2020-12-13,2020-12-14,1158.43,0.3103978533343681,1,0.0,1267.28,1158.43,1267.28
55472630-5ac5-4cad-ede6-653bbc273e42,fd03d0d4-e46a-488c-fa66-6d525011cbb7,2020-12-14,2020-12-15,1282.7,0.1288037489749221,0,1255.78255,1158.43,26.91744999999992,1255.78255
55472630-5ac5-4cad-ede6-653bbc273e42,fd03d0d4-e46a-488c-fa66-6d525011cbb7,2020-12-15,2020-12-16,1150.27,0.2025172165364524,1,0.0,1282.7,1150.27,1282.7
55472630-5ac5-4cad-ede6-653bbc273e42,fd03d0d4-e46a-488c-fa66-6d525011cbb7,2020-12-16,2020-12-17,1143.27,0.1938716201005863,1,0.0,1150.27,1143.27,1150.27
55472630-5ac5-4cad-ede6-653bbc273e42,fd03d0d4-e46a-488c-fa66-6d525011cbb7,2020-12-17,2020-12-18,1096.34,0.2443398427321794,1,0.0,1143.27,1096.34,1143.27
55472630-5ac5-4cad-ede6-653bbc273e42,fd03d0d4-e46a-488c-fa66-6d525011cbb7,2020-12-18,2020-12-19,1043.14,0.2639386731643971,1,0.0,1096.34,1043.14,1096.34
55472630-5ac5-4cad-ede6-653bbc273e42,fd03d0d4-e46a-488c-fa66-6d525011cbb7,2020-12-19,2020-12-20,1214.34,0.2923822188484146,1,0.0,1043.14,1214.34,1043.14
55472630-5ac5-4cad-ede6-653bbc273e42,fd03d0d4-e46a-488c-fa66-6d525011cbb7,2020-12-20,2020-12-21,1179.81,0.25649243317201,1,0.0,1214.34,1179.81,1214.34
55472630-5ac5-4cad-ede6-653bbc273e42,fd03d0d4-e46a-488c-fa66-6d525011cbb7,2020-12-21,2020-12-22,1207.21,0.1262089069276069,0,1242.073972222223,1179.81,34.863972222222856,1242.073972222223
55472630-5ac5-4cad-ede6-653bbc273e42,fd03d0d4-e46a-488c-fa66-6d525011cbb7,2020-12-22,2020-12-23,1169.35,0.1585328673061854,1,0.0,1207.21,1169.35,1207.21
55472630-5ac5-4cad-ede6-653bbc273e42,fd03d0d4-e46a-488c-fa66-6d525011cbb7,2020-12-23,2020-12-24,1159.59,0.2073831965417605,1,0.0,1169.35,1159.59,1169.35
55472630-5ac5-4cad-ede6-653bbc273e42,fd03d0d4-e46a-488c-fa66-6d525011cbb7,2020-12-24,2020-12-25,1190.44,0.2422198552993955,1,0.0,1159.59,1190.44,1159.59
55472630-5ac5-4cad-ede6-653bbc273e42,fd03d0d4-e46a-488c-fa66-6d525011cbb7,2020-12-25,2020-12-26,1247.0,0.2532090533823303,1,0.0,1190.44,1247.0,1190.44
55472630-5ac5-4cad-ede6-653bbc273e42,fd03d0d4-e46a-488c-fa66-6d525011cbb7,2020-12-26,2020-12-27,1214.99,0.2227441725008857,1,0.0,1247.0,1214.99,1247.0
55472630-5ac5-4cad-ede6-653bbc273e42,fd03d0d4-e46a-488c-fa66-6d525011cbb7,2020-12-27,2020-12-28,1271.99,0.2902998978263335,1,0.0,1214.99,1271.99,1214.99
55472630-5ac5-4cad-ede6-653bbc273e42,fd03d0d4-e46a-488c-fa66-6d525011cbb7,2020-12-28,2020-12-29,1202.61,0.1355324778316521,0,1271.1162611111108,1271.99,68.50626111111092,1271.1162611111108
55472630-5ac5-4cad-ede6-653bbc273e42,fd03d0d4-e46a-488c-fa66-6d525011cbb7,2020-12-29,2020-12-30,1132.31,0.1831148265204528,1,0.0,1202.61,1132.31,1202.61
55472630-5ac5-4cad-ede6-653bbc273e42,fd03d0d4-e46a-488c-fa66-6d525011cbb7,2020-12-30,2020-12-31,1315.92,0.2235931284163739,1,0.0,1132.31,1315.92,1132.31
58368a85-f8cb-4e2e-d8b8-4c358d670101,82d7852e-ca6d-4773-18e1-dd4a2cb51f7e,2020-08-23,2020-08-24,1550.0,0.0493275724729131,0,1579.3856611111132,1580.92,29.385661111113222,1579.3856611111132
58368a85-f8cb-4e2e-d8b8-4c358d670101,82d7852e-ca6d-4773-18e1-dd4a2cb51f7e,2020-08-24,2020-08-25,1530.26,0.0377790935809277,0,1702.0853833333335,1550.0,171.82538333333355,1702.0853833333335
58368a85-f8cb-4e2e-d8b8-4c358d670101,82d7852e-ca6d-4773-18e1-dd4a2cb51f7e,2020-08-25,2020-08-26,1720.2,0.0446173811405127,0,1654.3430277777798,1530.26,65.85697222222029,1654.3430277777798
58368a85-f8cb-4e2e-d8b8-4c358d670101,82d7852e-ca6d-4773-18e1-dd4a2cb51f7e,2020-08-26,2020-08-27,1533.1,0.1158556451254192,0,1667.9327888888895,1720.2,134.83278888888958,1667.9327888888895
58368a85-f8cb-4e2e-d8b8-4c358d670101,82d7852e-ca6d-4773-18e1-dd4a2cb51f7e,2020-08-27,2020-08-28,1578.49,0.0421087154706575,0,1619.8837888888925,1533.1,41.39378888889246,1619.8837888888925
58368a85-f8cb-4e2e-d8b8-4c358d670101,82d7852e-ca6d-4773-18e1-dd4a2cb51f7e,2020-08-28,2020-08-29,1595.17,0.0760270403029666,0,1624.2307166666703,1578.49,29.06071666667026,1624.2307166666703
58368a85-f8cb-4e2e-d8b8-4c358d670101,82d7852e-ca6d-4773-18e1-dd4a2cb51f7e,2020-08-29,2020-08-30,1653.52,0.0379722948788868,0,1650.325755555557,1595.17,3.1942444444430294,1650.325755555557
58368a85-f8cb-4e2e-d8b8-4c358d670101,82d7852e-ca6d-4773-18e1-dd4a2cb51f7e,2020-08-30,2020-08-31,1527.55,0.0317262985199324,0,1632.5198222222236,1653.52,104.96982222222368,1632.5198222222236
58368a85-f8cb-4e2e-d8b8-4c358d670101,82d7852e-ca6d-4773-18e1-dd4a2cb51f7e,2020-08-31,2020-09-01,1671.67,0.0669730973750528,0,1624.8556500000002,1527.55,46.81434999999988,1624.8556500000002
58368a85-f8cb-4e2e-d8b8-4c358d670101,82d7852e-ca6d-4773-18e1-dd4a2cb51f7e,2020-09-01,2020-09-02,1544.36,0.0347266782033219,0,1671.3028611111115,1671.67,126.9428611111116,1671.3028611111115
58368a85-f8cb-4e2e-d8b8-4c358d670101,82d7852e-ca6d-4773-18e1-dd4a2cb51f7e,2020-09-02,2020-09-03,1574.87,0.0796529272228466,0,1592.8012000000017,1544.36,17.93120000000181,1592.8012000000017
58368a85-f8cb-4e2e-d8b8-4c358d670101,82d7852e-ca6d-4773-18e1-dd4a2cb51f7e,2020-09-03,2020-09-04,1721.33,0.0941559707103896,0,1681.0766000000008,1574.87,40.25339999999915,1681.0766000000008
58368a85-f8cb-4e2e-d8b8-4c358d670101,82d7852e-ca6d-4773-18e1-dd4a2cb51f7e,2020-09-04,2020-09-05,1508.57,0.1011315999099211,0,1646.572344444446,1721.33,138.00234444444618,1646.572344444446
58368a85-f8cb-4e2e-d8b8-4c358d670101,82d7852e-ca6d-4773-18e1-dd4a2cb51f7e,2020-09-05,2020-09-06,1639.43,0.0537591451518761,0,1634.308222222222,1508.57,5.121777777778107,1634.308222222222
58368a85-f8cb-4e2e-d8b8-4c358d670101,82d7852e-ca6d-4773-18e1-dd4a2cb51f7e,2020-09-06,2020-09-07,1660.67,0.0466649607215851,0,1671.6195555555555,1639.43,10.949555555555662,1671.6195555555555
58368a85-f8cb-4e2e-d8b8-4c358d670101,82d7852e-ca6d-4773-18e1-dd4a2cb51f7e,2020-09-07,2020-09-08,1601.88,0.055297437231802,0,1625.9773944444455,1660.67,24.0973944444454,1625.9773944444455
58368a85-f8cb-4e2e-d8b8-4c358d670101,82d7852e-ca6d-4773-18e1-dd4a2cb51f7e,2020-09-08,2020-09-09,1565.97,0.0296537092592263,0,1601.4029722222228,1601.88,35.432972222222816,1601.4029722222228
58368a85-f8cb-4e2e-d8b8-4c358d670101,82d7852e-ca6d-4773-18e1-dd4a2cb51f7e,2020-09-09,2020-09-10,1749.56,0.0689371775533708,0,1627.2367666666678,1565.97,122.32323333333215,1627.2367666666678
58368a85-f8cb-4e2e-d8b8-4c358d670101,82d7852e-ca6d-4773-18e1-dd4a2cb51f7e,2020-09-10,2020-09-11,1570.02,0.0976432750627221,0,1611.5039111111128,1749.56,41.483911111112775,1611.5039111111128
58368a85-f8cb-4e2e-d8b8-4c358d670101,82d7852e-ca6d-4773-18e1-dd4a2cb51f7e,2020-09-11,2020-09-12,1585.17,0.0463114981623297,0,1607.689216666667,1570.02,22.519216666667035,1607.689216666667
58368a85-f8cb-4e2e-d8b8-4c358d670101,82d7852e-ca6d-4773-18e1-dd4a2cb51f7e,2020-09-12,2020-09-13,1540.91,0.0818296083913192,0,1636.731900000001,1585.17,95.82190000000082,1636.731900000001
58368a85-f8cb-4e2e-d8b8-4c358d670101,82d7852e-ca6d-4773-18e1-dd4a2cb51f7e,2020-09-13,2020-09-14,0.0,0.1051944025021091,0,1598.196983333335,1540.91,1598.196983333335,1598.196983333335
58368a85-f8cb-4e2e-d8b8-4c358d670101,82d7852e-ca6d-4773-18e1-dd4a2cb51f7e,2020-09-14,2020-09-15,1640.24,0.0125853168396537,0,1604.8795277777788,0.0,35.36047222222123,1604.8795277777788
58368a85-f8cb-4e2e-d8b8-4c358d670101,82d7852e-ca6d-4773-18e1-dd4a2cb51f7e,2020-09-15,2020-09-16,1539.72,0.0787482118257963,0,1688.7287111111093,1640.24,149.00871111110928,1688.7287111111093
58368a85-f8cb-4e2e-d8b8-4c358d670101,82d7852e-ca6d-4773-18e1-dd4a2cb51f7e,2020-09-16,2020-09-17,1403.07,0.0633560293007836,0,1620.2331888888916,1539.72,217.16318888889168,1620.2331888888916
58368a85-f8cb-4e2e-d8b8-4c358d670101,82d7852e-ca6d-4773-18e1-dd4a2cb51f7e,2020-09-17,2020-09-18,1597.6,0.0859728033231429,0,1597.507611111113,1403.07,0.0923888888869441,1597.507611111113
58368a85-f8cb-4e2e-d8b8-4c358d670101,82d7852e-ca6d-4773-18e1-dd4a2cb51f7e,2020-09-18,2020-09-19,1473.51,0.0785849153882397,0,1610.6522000000018,1597.6,137.14220000000182,1610.6522000000018
58368a85-f8cb-4e2e-d8b8-4c358d670101,82d7852e-ca6d-4773-18e1-dd4a2cb51f7e,2020-09-19,2020-09-20,0.0,0.0581781744256679,0,1617.544416666669,1473.51,1617.544416666669,1617.544416666669
58368a85-f8cb-4e2e-d8b8-4c358d670101,82d7852e-ca6d-4773-18e1-dd4a2cb51f7e,2020-09-20,2020-09-21,1551.14,0.010539378073464,0,1521.32552777778,0.0,29.814472222220047,1521.32552777778
58368a85-f8cb-4e2e-d8b8-4c358d670101,82d7852e-ca6d-4773-18e1-dd4a2cb51f7e,2020-09-21,2020-09-22,1624.12,0.1227900627929146,0,1531.6693944444437,1551.14,92.45060555555642,1531.6693944444437
58368a85-f8cb-4e2e-d8b8-4c358d670101,82d7852e-ca6d-4773-18e1-dd4a2cb51f7e,2020-09-22,2020-09-23,1475.73,0.0936717004608066,0,1628.9977944444463,1624.12,153.26779444444628,1628.9977944444463
58368a85-f8cb-4e2e-d8b8-4c358d670101,82d7852e-ca6d-4773-18e1-dd4a2cb51f7e,2020-09-23,2020-09-24,1504.67,0.0719228473191856,0,1618.0133055555575,1475.73,113.34330555555744,1618.0133055555575
58368a85-f8cb-4e2e-d8b8-4c358d670101,82d7852e-ca6d-4773-18e1-dd4a2cb51f7e,2020-09-24,2020-09-25,1517.56,0.0801059006306393,0,1552.3300777777793,1504.67,34.770077777779306,1552.3300777777793
58368a85-f8cb-4e2e-d8b8-4c358d670101,82d7852e-ca6d-4773-18e1-dd4a2cb51f7e,2020-09-25,2020-09-26,1431.56,0.081881669848521,0,1621.3458777777792,1517.56,189.7858777777792,1621.3458777777792
58368a85-f8cb-4e2e-d8b8-4c358d670101,82d7852e-ca6d-4773-18e1-dd4a2cb51f7e,2020-09-26,2020-09-27,1627.8,0.0579449305094438,0,1586.4140611111122,1431.56,41.38593888888772,1586.4140611111122
58368a85-f8cb-4e2e-d8b8-4c358d670101,82d7852e-ca6d-4773-18e1-dd4a2cb51f7e,2020-09-27,2020-09-28,1417.89,0.1647365009585858,1,0.0,1627.8,1417.89,1627.8
58368a85-f8cb-4e2e-d8b8-4c358d670101,82d7852e-ca6d-4773-18e1-dd4a2cb51f7e,2020-09-28,2020-09-29,1622.71,0.0804813266032126,0,1629.3530722222238,1417.89,6.643072222223736,1629.3530722222238
58368a85-f8cb-4e2e-d8b8-4c358d670101,82d7852e-ca6d-4773-18e1-dd4a2cb51f7e,2020-09-29,2020-09-30,1567.14,0.1024397761826862,0,1646.5935388888904,1622.71,79.45353888889031,1646.5935388888904
58368a85-f8cb-4e2e-d8b8-4c358d670101,82d7852e-ca6d-4773-18e1-dd4a2cb51f7e,2020-09-30,2020-10-01,1517.24,0.1200309760466939,0,1603.9932222222246,1567.14,86.75322222222462,1603.9932222222246
58368a85-f8cb-4e2e-d8b8-4c358d670101,82d7852e-ca6d-4773-18e1-dd4a2cb51f7e,2020-10-01,2020-10-02,1557.21,0.1076210914610591,0,1669.2760777777778,1517.24,112.06607777777776,1669.2760777777778
58368a85-f8cb-4e2e-d8b8-4c358d670101,82d7852e-ca6d-4773-18e1-dd4a2cb51f7e,2020-10-02,2020-10-03,1553.24,0.109294136779067,0,1658.0922277777795,1557.21,104.85222777777948,1658.0922277777795
58368a85-f8cb-4e2e-d8b8-4c358d670101,82d7852e-ca6d-4773-18e1-dd4a2cb51f7e,2020-10-03,2020-10-04,0.0,0.1039091811866464,0,1611.8225277777794,1553.24,1611.8225277777794,1611.8225277777794
58368a85-f8cb-4e2e-d8b8-4c358d670101,82d7852e-ca6d-4773-18e1-dd4a2cb51f7e,2020-10-04,2020-10-05,1548.07,0.0149139941598711,0,1602.549966666668,0.0,54.47996666666813,1602.549966666668
58368a85-f8cb-4e2e-d8b8-4c358d670101,82d7852e-ca6d-4773-18e1-dd4a2cb51f7e,2020-10-05,2020-10-06,1580.1,0.0770620442775184,0,1588.6861499999998,1548.07,8.586149999999861,1588.6861499999998
58368a85-f8cb-4e2e-d8b8-4c358d670101,82d7852e-ca6d-4773-18e1-dd4a2cb51f7e,2020-10-06,2020-10-07,1451.41,0.1058117439323686,0,1619.4792555555575,1580.1,168.06925555555745,1619.4792555555575
58368a85-f8cb-4e2e-d8b8-4c358d670101,82d7852e-ca6d-4773-18e1-dd4a2cb51f7e,2020-10-07,2020-10-08,1546.39,0.1018441493704493,0,1619.9030888888894,1451.41,73.51308888888934,1619.9030888888894
58368a85-f8cb-4e2e-d8b8-4c358d670101,82d7852e-ca6d-4773-18e1-dd4a2cb51f7e,2020-10-08,2020-10-09,1331.28,0.1101107003491689,0,1588.4394055555574,1546.39,257.15940555555744,1588.4394055555574
58368a85-f8cb-4e2e-d8b8-4c358d670101,82d7852e-ca6d-4773-18e1-dd4a2cb51f7e,2020-10-09,2020-10-10,1376.9,0.0563716551577816,0,1572.1102722222224,1331.28,195.21027222222236,1572.1102722222224
58368a85-f8cb-4e2e-d8b8-4c358d670101,82d7852e-ca6d-4773-18e1-dd4a2cb51f7e,2020-10-10,2020-10-11,1558.0,0.0727683667538027,0,1508.7204888888898,1376.9,49.2795111111102,1508.7204888888898
58368a85-f8cb-4e2e-d8b8-4c358d670101,82d7852e-ca6d-4773-18e1-dd4a2cb51f7e,2020-10-11,2020-10-12,1481.65,0.1499610943043227,0,1568.9062333333345,1558.0,87.25623333333442,1568.9062333333345
58368a85-f8cb-4e2e-d8b8-4c358d670101,82d7852e-ca6d-4773-18e1-dd4a2cb51f7e,2020-10-12,2020-10-13,1448.09,0.0849848986680125,0,1630.3971222222235,1481.65,182.30712222222385,1630.3971222222235
58368a85-f8cb-4e2e-d8b8-4c358d670101,82d7852e-ca6d-4773-18e1-dd4a2cb51f7e,2020-10-13,2020-10-14,1505.53,0.0991202773796788,0,1621.041150000003,1448.09,115.511150000003,1621.041150000003
58368a85-f8cb-4e2e-d8b8-4c358d670101,82d7852e-ca6d-4773-18e1-dd4a2cb51f7e,2020-10-14,2020-10-15,1478.29,0.1162785891217934,0,1611.8992666666684,1505.53,133.60926666666842,1611.8992666666684
58368a85-f8cb-4e2e-d8b8-4c358d670101,82d7852e-ca6d-4773-18e1-dd4a2cb51f7e,2020-10-15,2020-10-16,0.0,0.1093763630889395,0,1603.038038888891,1478.29,1603.038038888891,1603.038038888891
58368a85-f8cb-4e2e-d8b8-4c358d670101,82d7852e-ca6d-4773-18e1-dd4a2cb51f7e,2020-10-16,2020-10-17,1386.15,0.0164946132724109,0,1525.1914222222235,0.0,139.04142222222345,1525.1914222222235
58368a85-f8cb-4e2e-d8b8-4c358d670101,82d7852e-ca6d-4773-18e1-dd4a2cb51f7e,2020-10-17,2020-10-18,1362.03,0.1249770828056622,0,1479.8432944444455,1386.15,117.81329444444576,1479.8432944444455
58368a85-f8cb-4e2e-d8b8-4c358d670101,82d7852e-ca6d-4773-18e1-dd4a2cb51f7e,2020-10-18,2020-10-19,1557.74,0.0845606635055664,0,1525.7045611111118,1362.03,32.035438888888166,1525.7045611111118
58368a85-f8cb-4e2e-d8b8-4c358d670101,82d7852e-ca6d-4773-18e1-dd4a2cb51f7e,2020-10-19,2020-10-20,1468.28,0.1054335571559363,0,1528.7748166666677,1557.74,60.4948166666677,1528.7748166666677
58368a85-f8cb-4e2e-d8b8-4c358d670101,82d7852e-ca6d-4773-18e1-dd4a2cb51f7e,2020-10-20,2020-10-21,1572.43,0.1006574600368016,0,1531.414644444446,1468.28,41.01535555555392,1531.414644444446
58368a85-f8cb-4e2e-d8b8-4c358d670101,82d7852e-ca6d-4773-18e1-dd4a2cb51f7e,2020-10-21,2020-10-22,1464.4,0.1255694555225862,0,1563.3710944444451,1572.43,98.97109444444504,1563.3710944444451
58368a85-f8cb-4e2e-d8b8-4c358d670101,82d7852e-ca6d-4773-18e1-dd4a2cb51f7e,2020-10-22,2020-10-23,1521.61,0.1081923682551226,0,1540.0298888888892,1464.4,18.41988888888932,1540.0298888888892
58368a85-f8cb-4e2e-d8b8-4c358d670101,82d7852e-ca6d-4773-18e1-dd4a2cb51f7e,2020-10-23,2020-10-24,1483.93,0.1813536415649151,1,0.0,1521.61,1483.93,1521.61
58368a85-f8cb-4e2e-d8b8-4c358d670101,82d7852e-ca6d-4773-18e1-dd4a2cb51f7e,2020-10-24,2020-10-25,1495.02,0.1245725653441763,0,1600.3204055555564,1483.93,105.30040555555638,1600.3204055555564
58368a85-f8cb-4e2e-d8b8-4c358d670101,82d7852e-ca6d-4773-18e1-dd4a2cb51f7e,2020-10-25,2020-10-26,1497.1,0.1202724089466615,0,1639.2356777777786,1495.02,142.1356777777787,1639.2356777777786
58368a85-f8cb-4e2e-d8b8-4c358d670101,82d7852e-ca6d-4773-18e1-dd4a2cb51f7e,2020-10-26,2020-10-27,1455.8,0.0960535070573945,0,1630.5946555555572,1497.1,174.79465555555726,1630.5946555555572
58368a85-f8cb-4e2e-d8b8-4c358d670101,82d7852e-ca6d-4773-18e1-dd4a2cb51f7e,2020-10-27,2020-10-28,1398.41,0.1000504787363501,0,1616.5969388888896,1455.8,218.18693888888947,1616.5969388888896
58368a85-f8cb-4e2e-d8b8-4c358d670101,82d7852e-ca6d-4773-18e1-dd4a2cb51f7e,2020-10-28,2020-10-29,1543.58,0.1027398102577298,0,1639.1553777777804,1398.41,95.57537777778045,1639.1553777777804
58368a85-f8cb-4e2e-d8b8-4c358d670101,82d7852e-ca6d-4773-18e1-dd4a2cb51f7e,2020-10-29,2020-10-30,1607.15,0.1111615381332948,0,1605.979338888891,1543.58,1.1706611111089842,1605.979338888891
58368a85-f8cb-4e2e-d8b8-4c358d670101,82d7852e-ca6d-4773-18e1-dd4a2cb51f7e,2020-10-30,2020-10-31,1610.81,0.1153904672101864,0,1645.6588666666687,1607.15,34.848866666668755,1645.6588666666687
58368a85-f8cb-4e2e-d8b8-4c358d670101,82d7852e-ca6d-4773-18e1-dd4a2cb51f7e,2020-10-31,2020-11-01,1440.68,0.1069864570261727,0,1651.4200833333357,1610.81,210.7400833333354,1651.4200833333357
58368a85-f8cb-4e2e-d8b8-4c358d670101,82d7852e-ca6d-4773-18e1-dd4a2cb51f7e,2020-11-01,2020-11-02,1426.36,0.1150420951996634,0,1617.639938888891,1440.68,191.27993888889117,1617.639938888891
58368a85-f8cb-4e2e-d8b8-4c358d670101,82d7852e-ca6d-4773-18e1-dd4a2cb51f7e,2020-11-02,2020-11-03,1437.76,0.1107808363780611,0,1616.3024277777786,1426.36,178.54242777777858,1616.3024277777786
58368a85-f8cb-4e2e-d8b8-4c358d670101,82d7852e-ca6d-4773-18e1-dd4a2cb51f7e,2020-11-03,2020-11-04,1463.79,0.1134435347081398,0,1606.945116666668,1437.76,143.15511666666794,1606.945116666668
58368a85-f8cb-4e2e-d8b8-4c358d670101,82d7852e-ca6d-4773-18e1-dd4a2cb51f7e,2020-11-04,2020-11-05,1471.42,0.1174019762064188,0,1585.277594444446,1463.79,113.8575944444458,1585.277594444446
58368a85-f8cb-4e2e-d8b8-4c358d670101,82d7852e-ca6d-4773-18e1-dd4a2cb51f7e,2020-11-05,2020-11-06,1402.13,0.1134123523741245,0,1638.763700000003,1471.42,236.6337000000028,1638.763700000003
58368a85-f8cb-4e2e-d8b8-4c358d670101,82d7852e-ca6d-4773-18e1-dd4a2cb51f7e,2020-11-06,2020-11-07,1367.45,0.1279504380359472,0,1602.4218888888906,1402.13,234.9718888888906,1602.4218888888906
58368a85-f8cb-4e2e-d8b8-4c358d670101,82d7852e-ca6d-4773-18e1-dd4a2cb51f7e,2020-11-07,2020-11-08,1474.73,0.1434356753383142,0,1588.2911555555563,1367.45,113.56115555555652,1588.2911555555563
58368a85-f8cb-4e2e-d8b8-4c358d670101,82d7852e-ca6d-4773-18e1-dd4a2cb51f7e,2020-11-08,2020-11-09,1231.85,0.1105357372274419,0,1587.396677777779,1474.73,355.546677777779,1587.396677777779
58368a85-f8cb-4e2e-d8b8-4c358d670101,82d7852e-ca6d-4773-18e1-dd4a2cb51f7e,2020-11-09,2020-11-10,1460.92,0.0716985391111365,0,1548.8581444444449,1231.85,87.93814444444479,1548.8581444444449
58368a85-f8cb-4e2e-d8b8-4c358d670101,82d7852e-ca6d-4773-18e1-dd4a2cb51f7e,2020-11-10,2020-11-11,1399.25,0.1040314511628802,0,1556.829955555557,1460.92,157.57995555555704,1556.829955555557
58368a85-f8cb-4e2e-d8b8-4c358d670101,82d7852e-ca6d-4773-18e1-dd4a2cb51f7e,2020-11-11,2020-11-12,1523.87,0.1284850752646222,0,1607.1381888888902,1399.25,83.26818888889034,1607.1381888888902
58368a85-f8cb-4e2e-d8b8-4c358d670101,82d7852e-ca6d-4773-18e1-dd4a2cb51f7e,2020-11-12,2020-11-13,1542.98,0.1288887427949378,0,1592.527605555558,1523.87,49.54760555555799,1592.527605555558
58368a85-f8cb-4e2e-d8b8-4c358d670101,82d7852e-ca6d-4773-18e1-dd4a2cb51f7e,2020-11-13,2020-11-14,1543.4,0.1161600368013641,0,1610.6020222222242,1542.98,67.20202222222406,1610.6020222222242
58368a85-f8cb-4e2e-d8b8-4c358d670101,82d7852e-ca6d-4773-18e1-dd4a2cb51f7e,2020-11-14,2020-11-15,1436.48,0.0975878464844586,0,1629.2064500000026,1543.4,192.7264500000026,1629.2064500000026
58368a85-f8cb-4e2e-d8b8-4c358d670101,82d7852e-ca6d-4773-18e1-dd4a2cb51f7e,2020-11-15,2020-11-16,1379.7,0.1182644378916011,0,1604.5318388888904,1436.48,224.8318388888904,1604.5318388888904
58368a85-f8cb-4e2e-d8b8-4c358d670101,82d7852e-ca6d-4773-18e1-dd4a2cb51f7e,2020-11-16,2020-11-17,1400.75,0.1348094289516979,0,1570.333377777779,1379.7,169.5833777777791,1570.333377777779
58368a85-f8cb-4e2e-d8b8-4c358d670101,82d7852e-ca6d-4773-18e1-dd4a2cb51f7e,2020-11-17,2020-11-18,1478.81,0.1172054606025051,0,1572.6654388888885,1400.75,93.85543888888856,1572.6654388888885
58368a85-f8cb-4e2e-d8b8-4c358d670101,82d7852e-ca6d-4773-18e1-dd4a2cb51f7e,2020-11-18,2020-11-19,1341.36,0.117346301917261,0,1578.0635111111123,1478.81,236.70351111111245,1578.0635111111123
58368a85-f8cb-4e2e-d8b8-4c358d670101,82d7852e-ca6d-4773-18e1-dd4a2cb51f7e,2020-11-19,2020-11-20,1560.16,0.1197224550965336,0,1601.3990444444464,1341.36,41.239044444446336,1601.3990444444464
58368a85-f8cb-4e2e-d8b8-4c358d670101,82d7852e-ca6d-4773-18e1-dd4a2cb51f7e,2020-11-20,2020-11-21,1430.07,0.116098145166896,0,1620.2178000000024,1560.16,190.1478000000025,1620.2178000000024
58368a85-f8cb-4e2e-d8b8-4c358d670101,82d7852e-ca6d-4773-18e1-dd4a2cb51f7e,2020-11-21,2020-11-22,1489.45,0.1190297725638282,0,1626.9682111111138,1430.07,137.51821111111371,1626.9682111111138
58368a85-f8cb-4e2e-d8b8-4c358d670101,82d7852e-ca6d-4773-18e1-dd4a2cb51f7e,2020-11-22,2020-11-23,1327.74,0.1132331143407002,0,1583.784916666668,1489.45,256.0449166666681,1583.784916666668
58368a85-f8cb-4e2e-d8b8-4c358d670101,82d7852e-ca6d-4773-18e1-dd4a2cb51f7e,2020-11-23,2020-11-24,1384.6,0.1147394342624533,0,1564.46473888889,1327.74,179.8647388888901,1564.46473888889
58368a85-f8cb-4e2e-d8b8-4c358d670101,82d7852e-ca6d-4773-18e1-dd4a2cb51f7e,2020-11-24,2020-11-25,1317.31,0.142674412649093,0,1544.599677777779,1384.6,227.2896777777792,1544.599677777779
58368a85-f8cb-4e2e-d8b8-4c358d670101,82d7852e-ca6d-4773-18e1-dd4a2cb51f7e,2020-11-25,2020-11-26,1523.65,0.1071359318351358,0,1574.663072222223,1317.31,51.01307222222295,1574.663072222223
58368a85-f8cb-4e2e-d8b8-4c358d670101,82d7852e-ca6d-4773-18e1-dd4a2cb51f7e,2020-11-26,2020-11-27,1435.07,0.1466785317514936,0,1580.5983722222247,1523.65,145.5283722222248,1580.5983722222247
58368a85-f8cb-4e2e-d8b8-4c358d670101,82d7852e-ca6d-4773-18e1-dd4a2cb51f7e,2020-11-27,2020-11-28,1487.32,0.1277864669325186,0,1624.0607111111146,1435.07,136.7407111111147,1624.0607111111146
58368a85-f8cb-4e2e-d8b8-4c358d670101,82d7852e-ca6d-4773-18e1-dd4a2cb51f7e,2020-11-28,2020-11-29,1448.86,0.1275210003974355,0,1590.0687388888916,1487.32,141.20873888889173,1590.0687388888916
58368a85-f8cb-4e2e-d8b8-4c358d670101,82d7852e-ca6d-4773-18e1-dd4a2cb51f7e,2020-11-29,2020-11-30,1477.31,0.1187425367458749,0,1612.4971888888915,1448.86,135.1871888888918,1612.4971888888915
58368a85-f8cb-4e2e-d8b8-4c358d670101,82d7852e-ca6d-4773-18e1-dd4a2cb51f7e,2020-11-30,2020-12-01,1417.84,0.1184313396709189,0,1576.2598611111123,1477.31,158.4198611111126,1576.2598611111123
58368a85-f8cb-4e2e-d8b8-4c358d670101,82d7852e-ca6d-4773-18e1-dd4a2cb51f7e,2020-12-01,2020-12-02,1426.24,0.1319297625723041,0,1605.106527777779,1417.84,178.86652777777908,1605.106527777779
58368a85-f8cb-4e2e-d8b8-4c358d670101,82d7852e-ca6d-4773-18e1-dd4a2cb51f7e,2020-12-02,2020-12-03,1433.11,0.1274449750300375,0,1565.24723888889,1426.24,132.13723888889012,1565.24723888889
58368a85-f8cb-4e2e-d8b8-4c358d670101,82d7852e-ca6d-4773-18e1-dd4a2cb51f7e,2020-12-03,2020-12-04,1468.06,0.118518476013864,0,1599.2496611111133,1433.11,131.1896611111133,1599.2496611111133
58368a85-f8cb-4e2e-d8b8-4c358d670101,82d7852e-ca6d-4773-18e1-dd4a2cb51f7e,2020-12-04,2020-12-05,1468.87,0.1450768251829032,0,1587.947361111114,1468.06,119.077361111114,1587.947361111114
58368a85-f8cb-4e2e-d8b8-4c358d670101,82d7852e-ca6d-4773-18e1-dd4a2cb51f7e,2020-12-05,2020-12-06,1653.18,0.1153175327895237,0,1620.822127777781,1468.87,32.35787222221916,1620.822127777781
58368a85-f8cb-4e2e-d8b8-4c358d670101,82d7852e-ca6d-4773-18e1-dd4a2cb51f7e,2020-12-06,2020-12-07,1561.19,0.1271484777418656,0,1640.817016666669,1653.18,79.62701666666862,1640.817016666669
58368a85-f8cb-4e2e-d8b8-4c358d670101,82d7852e-ca6d-4773-18e1-dd4a2cb51f7e,2020-12-07,2020-12-08,1312.17,0.1252996937549662,0,1663.6264500000011,1561.19,351.45645000000127,1663.6264500000011
58368a85-f8cb-4e2e-d8b8-4c358d670101,82d7852e-ca6d-4773-18e1-dd4a2cb51f7e,2020-12-08,2020-12-09,1422.93,0.1319536181377084,0,1615.605344444444,1312.17,192.6753444444439,1615.605344444444
58368a85-f8cb-4e2e-d8b8-4c358d670101,82d7852e-ca6d-4773-18e1-dd4a2cb51f7e,2020-12-09,2020-12-10,1403.32,0.1330731701914158,0,1582.3891500000009,1422.93,179.06915000000097,1582.3891500000009
58368a85-f8cb-4e2e-d8b8-4c358d670101,82d7852e-ca6d-4773-18e1-dd4a2cb51f7e,2020-12-10,2020-12-11,1525.63,0.1510676504669652,1,0.0,1403.32,1525.63,1403.32
58368a85-f8cb-4e2e-d8b8-4c358d670101,82d7852e-ca6d-4773-18e1-dd4a2cb51f7e,2020-12-11,2020-12-12,1407.6,0.1365143538643022,0,1632.5147611111129,1525.63,224.91476111111297,1632.5147611111129
58368a85-f8cb-4e2e-d8b8-4c358d670101,82d7852e-ca6d-4773-18e1-dd4a2cb51f7e,2020-12-12,2020-12-13,1462.53,0.1310324522113126,0,1634.0293333333348,1407.6,171.4993333333348,1634.0293333333348
58368a85-f8cb-4e2e-d8b8-4c358d670101,82d7852e-ca6d-4773-18e1-dd4a2cb51f7e,2020-12-13,2020-12-14,1270.46,0.1401956088002446,0,1636.743144444445,1462.53,366.283144444445,1636.743144444445
58368a85-f8cb-4e2e-d8b8-4c358d670101,82d7852e-ca6d-4773-18e1-dd4a2cb51f7e,2020-12-14,2020-12-15,1322.93,0.1313428564334188,0,1591.226727777778,1270.46,268.296727777778,1591.226727777778
58368a85-f8cb-4e2e-d8b8-4c358d670101,82d7852e-ca6d-4773-18e1-dd4a2cb51f7e,2020-12-15,2020-12-16,1583.18,0.1270308577384084,0,1520.957583333333,1322.93,62.22241666666673,1520.957583333333
58368a85-f8cb-4e2e-d8b8-4c358d670101,82d7852e-ca6d-4773-18e1-dd4a2cb51f7e,2020-12-16,2020-12-17,1428.51,0.137169118022085,0,1600.7698166666678,1583.18,172.2598166666678,1600.7698166666678
58368a85-f8cb-4e2e-d8b8-4c358d670101,82d7852e-ca6d-4773-18e1-dd4a2cb51f7e,2020-12-17,2020-12-18,1354.6,0.1356836225553812,0,1603.4329500000024,1428.51,248.83295000000248,1603.4329500000024
58368a85-f8cb-4e2e-d8b8-4c358d670101,82d7852e-ca6d-4773-18e1-dd4a2cb51f7e,2020-12-18,2020-12-19,1440.35,0.1267901969291575,0,1586.6613055555565,1354.6,146.3113055555566,1586.6613055555565
58368a85-f8cb-4e2e-d8b8-4c358d670101,82d7852e-ca6d-4773-18e1-dd4a2cb51f7e,2020-12-19,2020-12-20,1349.06,0.1212888786196148,0,1569.5027000000011,1440.35,220.4427000000012,1569.5027000000011
58368a85-f8cb-4e2e-d8b8-4c358d670101,82d7852e-ca6d-4773-18e1-dd4a2cb51f7e,2020-12-20,2020-12-21,1401.04,0.1203243250942529,0,1573.6999111111115,1349.06,172.65991111111157,1573.6999111111115
58368a85-f8cb-4e2e-d8b8-4c358d670101,82d7852e-ca6d-4773-18e1-dd4a2cb51f7e,2020-12-21,2020-12-22,1320.59,0.141629151056815,0,1541.2444444444448,1401.04,220.65444444444483,1541.2444444444448
58368a85-f8cb-4e2e-d8b8-4c358d670101,82d7852e-ca6d-4773-18e1-dd4a2cb51f7e,2020-12-22,2020-12-23,1364.25,0.1347099893886054,0,1552.3736166666663,1320.59,188.1236166666665,1552.3736166666663
58368a85-f8cb-4e2e-d8b8-4c358d670101,82d7852e-ca6d-4773-18e1-dd4a2cb51f7e,2020-12-23,2020-12-24,1388.97,0.1509222267493293,1,0.0,1364.25,1388.97,1364.25
58368a85-f8cb-4e2e-d8b8-4c358d670101,82d7852e-ca6d-4773-18e1-dd4a2cb51f7e,2020-12-24,2020-12-25,1498.94,0.1310635695708679,0,1566.0091222222238,1388.97,67.06912222222377,1566.0091222222238
58368a85-f8cb-4e2e-d8b8-4c358d670101,82d7852e-ca6d-4773-18e1-dd4a2cb51f7e,2020-12-25,2020-12-26,1449.58,0.1294939886228115,0,1572.8872000000017,1498.94,123.3072000000018,1572.8872000000017
58368a85-f8cb-4e2e-d8b8-4c358d670101,82d7852e-ca6d-4773-18e1-dd4a2cb51f7e,2020-12-26,2020-12-27,1461.33,0.1114012308199878,0,1610.3501388888906,1449.58,149.02013888889064,1610.3501388888906
58368a85-f8cb-4e2e-d8b8-4c358d670101,82d7852e-ca6d-4773-18e1-dd4a2cb51f7e,2020-12-27,2020-12-28,0.0,0.1193104145489929,0,1580.84698888889,1461.33,1580.84698888889,1580.84698888889
58368a85-f8cb-4e2e-d8b8-4c358d670101,82d7852e-ca6d-4773-18e1-dd4a2cb51f7e,2020-12-28,2020-12-29,1472.98,0.0188666574364443,0,1533.1911222222227,0.0,60.21112222222269,1533.1911222222227
58368a85-f8cb-4e2e-d8b8-4c358d670101,82d7852e-ca6d-4773-18e1-dd4a2cb51f7e,2020-12-29,2020-12-30,1352.34,0.0985959522213192,0,1478.2510222222234,1472.98,125.91102222222344,1478.2510222222234
58368a85-f8cb-4e2e-d8b8-4c358d670101,82d7852e-ca6d-4773-18e1-dd4a2cb51f7e,2020-12-30,2020-12-31,1361.04,0.1279699447501744,0,1488.2915166666678,1352.34,127.25151666666784,1488.2915166666678
586e491d-6597-4881-06fe-aa620553409e,acc35770-82ba-4b5f-65e5-17c372a7539a,2020-12-19,2020-12-20,572.68,0.0889203221487032,0,617.5980722222222,580.07,44.91807222222224,617.5980722222222
586e491d-6597-4881-06fe-aa620553409e,acc35770-82ba-4b5f-65e5-17c372a7539a,2020-12-20,2020-12-21,559.17,0.0898280358176245,0,623.9429055555557,572.68,64.77290555555578,623.9429055555557
586e491d-6597-4881-06fe-aa620553409e,acc35770-82ba-4b5f-65e5-17c372a7539a,2020-12-21,2020-12-22,547.91,0.0401545503521827,0,584.0820833333337,559.17,36.17208333333372,584.0820833333337
586e491d-6597-4881-06fe-aa620553409e,acc35770-82ba-4b5f-65e5-17c372a7539a,2020-12-22,2020-12-23,551.21,0.0868229586139192,0,644.3306277777781,547.91,93.12062777777804,644.3306277777781
586e491d-6597-4881-06fe-aa620553409e,acc35770-82ba-4b5f-65e5-17c372a7539a,2020-12-23,2020-12-24,511.03,0.047985248974301,0,649.3696166666667,551.21,138.33961666666676,649.3696166666667
586e491d-6597-4881-06fe-aa620553409e,acc35770-82ba-4b5f-65e5-17c372a7539a,2020-12-24,2020-12-25,531.74,0.0691997474943078,0,609.1022944444446,511.03,77.36229444444461,609.1022944444446
586e491d-6597-4881-06fe-aa620553409e,acc35770-82ba-4b5f-65e5-17c372a7539a,2020-12-25,2020-12-26,605.2,0.1116824847472778,0,607.3561166666666,531.74,2.156116666666549,607.3561166666666
586e491d-6597-4881-06fe-aa620553409e,acc35770-82ba-4b5f-65e5-17c372a7539a,2020-12-26,2020-12-27,530.34,0.0679675986782288,0,658.210966666666,605.2,127.87096666666594,658.210966666666
586e491d-6597-4881-06fe-aa620553409e,acc35770-82ba-4b5f-65e5-17c372a7539a,2020-12-27,2020-12-28,503.57,0.0991347472699208,0,631.7010833333329,530.34,128.13108333333292,631.7010833333329
586e491d-6597-4881-06fe-aa620553409e,acc35770-82ba-4b5f-65e5-17c372a7539a,2020-12-28,2020-12-29,577.55,0.0521107410615409,0,583.8457833333327,503.57,6.295783333332793,583.8457833333327
586e491d-6597-4881-06fe-aa620553409e,acc35770-82ba-4b5f-65e5-17c372a7539a,2020-12-29,2020-12-30,558.57,0.0406882081372727,0,594.1323833333324,577.55,35.56238333333238,594.1323833333324
586e491d-6597-4881-06fe-aa620553409e,acc35770-82ba-4b5f-65e5-17c372a7539a,2020-12-30,2020-12-31,559.78,0.0681394872998642,0,600.6851499999997,558.57,40.90514999999971,600.6851499999997
5d04084c-9ca7-47ff-9a4d-ae4c7228516a,291aa1c6-c027-45a2-a129-c24ef9759940,2020-09-02,2020-09-03,1558.62,0.0987772088894751,0,1508.1116527777765,1510.16,50.50834722222362,1508.1116527777765
5d04084c-9ca7-47ff-9a4d-ae4c7228516a,291aa1c6-c027-45a2-a129-c24ef9759940,2020-09-03,2020-09-04,1592.19,0.1549289013575189,1,0.0,1558.62,1592.19,1558.62
5d04084c-9ca7-47ff-9a4d-ae4c7228516a,291aa1c6-c027-45a2-a129-c24ef9759940,2020-09-04,2020-09-05,1628.61,0.1561718897628768,1,0.0,1592.19,1628.61,1592.19
5d04084c-9ca7-47ff-9a4d-ae4c7228516a,291aa1c6-c027-45a2-a129-c24ef9759940,2020-09-05,2020-09-06,1689.22,0.0808771451164838,0,1648.8092999999994,1628.61,40.41070000000059,1648.8092999999994
5d04084c-9ca7-47ff-9a4d-ae4c7228516a,291aa1c6-c027-45a2-a129-c24ef9759940,2020-09-06,2020-09-07,1623.28,0.114814147802626,0,1698.2759111111106,1689.22,74.99591111111067,1698.2759111111106
5d04084c-9ca7-47ff-9a4d-ae4c7228516a,291aa1c6-c027-45a2-a129-c24ef9759940,2020-09-07,2020-09-08,1490.76,0.088227901372368,0,1673.479277777777,1623.28,182.71927777777705,1673.479277777777
5d04084c-9ca7-47ff-9a4d-ae4c7228516a,291aa1c6-c027-45a2-a129-c24ef9759940,2020-09-08,2020-09-09,1624.77,0.0657008317254555,0,1629.5821333333338,1490.76,4.812133333333804,1629.5821333333338
5d04084c-9ca7-47ff-9a4d-ae4c7228516a,291aa1c6-c027-45a2-a129-c24ef9759940,2020-09-09,2020-09-10,1546.62,0.0748467458447907,0,1622.7414166666667,1624.77,76.12141666666685,1622.7414166666667
5d04084c-9ca7-47ff-9a4d-ae4c7228516a,291aa1c6-c027-45a2-a129-c24ef9759940,2020-09-10,2020-09-11,1553.96,0.0771751552034945,0,1684.8372222222222,1546.62,130.87722222222214,1684.8372222222222
5d04084c-9ca7-47ff-9a4d-ae4c7228516a,291aa1c6-c027-45a2-a129-c24ef9759940,2020-09-11,2020-09-12,1564.93,0.0931641435475,0,1627.540944444443,1553.96,62.61094444444302,1627.540944444443
5d04084c-9ca7-47ff-9a4d-ae4c7228516a,291aa1c6-c027-45a2-a129-c24ef9759940,2020-09-12,2020-09-13,1575.21,0.1247364976280559,0,1619.9704333333327,1564.93,44.760433333332685,1619.9704333333327
5d04084c-9ca7-47ff-9a4d-ae4c7228516a,291aa1c6-c027-45a2-a129-c24ef9759940,2020-09-13,2020-09-14,1644.37,0.0960665056784683,0,1660.4250444444442,1575.21,16.05504444444432,1660.4250444444442
5d04084c-9ca7-47ff-9a4d-ae4c7228516a,291aa1c6-c027-45a2-a129-c24ef9759940,2020-09-14,2020-09-15,1601.05,0.1090471893624328,0,1662.6585777777764,1644.37,61.60857777777642,1662.6585777777764
5d04084c-9ca7-47ff-9a4d-ae4c7228516a,291aa1c6-c027-45a2-a129-c24ef9759940,2020-09-15,2020-09-16,1470.55,0.1753006192855903,1,0.0,1601.05,1470.55,1601.05
5d04084c-9ca7-47ff-9a4d-ae4c7228516a,291aa1c6-c027-45a2-a129-c24ef9759940,2020-09-16,2020-09-17,1446.14,0.1252633809088663,0,1631.577111111112,1470.55,185.437111111112,1631.577111111112
5d04084c-9ca7-47ff-9a4d-ae4c7228516a,291aa1c6-c027-45a2-a129-c24ef9759940,2020-09-17,2020-09-18,1608.99,0.1010478754121404,0,1526.9852555555549,1446.14,82.00474444444512,1526.9852555555549
5d04084c-9ca7-47ff-9a4d-ae4c7228516a,291aa1c6-c027-45a2-a129-c24ef9759940,2020-09-18,2020-09-19,1598.59,0.1048112619248321,0,1570.8952888888873,1608.99,27.69471111111261,1570.8952888888873
5d04084c-9ca7-47ff-9a4d-ae4c7228516a,291aa1c6-c027-45a2-a129-c24ef9759940,2020-09-19,2020-09-20,1655.89,0.0770192791795111,0,1676.5071111111097,1598.59,20.61711111110958,1676.5071111111097
5d04084c-9ca7-47ff-9a4d-ae4c7228516a,291aa1c6-c027-45a2-a129-c24ef9759940,2020-09-20,2020-09-21,1545.66,0.0945913074897139,0,1670.6995666666664,1655.89,125.03956666666636,1670.6995666666664
5d04084c-9ca7-47ff-9a4d-ae4c7228516a,291aa1c6-c027-45a2-a129-c24ef9759940,2020-09-21,2020-09-22,1573.76,0.1170993973377397,0,1645.0065944444436,1545.66,71.24659444444364,1645.0065944444436
5d04084c-9ca7-47ff-9a4d-ae4c7228516a,291aa1c6-c027-45a2-a129-c24ef9759940,2020-09-22,2020-09-23,1587.93,0.1049907839017506,0,1643.4119499999993,1573.76,55.48194999999919,1643.4119499999993
5d04084c-9ca7-47ff-9a4d-ae4c7228516a,291aa1c6-c027-45a2-a129-c24ef9759940,2020-09-23,2020-09-24,1433.23,0.1111364301763956,0,1587.549955555556,1587.93,154.3199555555559,1587.549955555556
5d04084c-9ca7-47ff-9a4d-ae4c7228516a,291aa1c6-c027-45a2-a129-c24ef9759940,2020-09-24,2020-09-25,1427.79,0.1268968719136535,0,1557.2120055555558,1433.23,129.42200555555587,1557.2120055555558
5d04084c-9ca7-47ff-9a4d-ae4c7228516a,291aa1c6-c027-45a2-a129-c24ef9759940,2020-09-25,2020-09-26,1604.2,0.110190298001243,0,1562.4345944444444,1427.79,41.76540555555562,1562.4345944444444
5d04084c-9ca7-47ff-9a4d-ae4c7228516a,291aa1c6-c027-45a2-a129-c24ef9759940,2020-09-26,2020-09-27,1573.63,0.0974470450752437,0,1606.52845,1604.2,32.89844999999991,1606.52845
5d04084c-9ca7-47ff-9a4d-ae4c7228516a,291aa1c6-c027-45a2-a129-c24ef9759940,2020-09-27,2020-09-28,1650.95,0.0817057888236993,0,1648.351694444443,1573.63,2.59830555555709,1648.351694444443
5d04084c-9ca7-47ff-9a4d-ae4c7228516a,291aa1c6-c027-45a2-a129-c24ef9759940,2020-09-28,2020-09-29,1690.94,0.1157292750272412,0,1651.2038388888884,1650.95,39.73616111111164,1651.2038388888884
5d04084c-9ca7-47ff-9a4d-ae4c7228516a,291aa1c6-c027-45a2-a129-c24ef9759940,2020-09-29,2020-09-30,1517.65,0.1398057299456257,0,1627.8006111111106,1690.94,110.15061111111048,1627.8006111111106
5d04084c-9ca7-47ff-9a4d-ae4c7228516a,291aa1c6-c027-45a2-a129-c24ef9759940,2020-09-30,2020-10-01,0.0,0.1294913876147153,0,1631.260066666667,1517.65,1631.260066666667,1631.260066666667
5d04084c-9ca7-47ff-9a4d-ae4c7228516a,291aa1c6-c027-45a2-a129-c24ef9759940,2020-10-01,2020-10-02,1436.96,0.0092382095763628,0,1518.8549888888897,0.0,81.89498888888966,1518.8549888888897
5d04084c-9ca7-47ff-9a4d-ae4c7228516a,291aa1c6-c027-45a2-a129-c24ef9759940,2020-10-02,2020-10-03,1576.71,0.0719451030476095,0,1392.5921999999998,1436.96,184.11780000000024,1392.5921999999998
5d04084c-9ca7-47ff-9a4d-ae4c7228516a,291aa1c6-c027-45a2-a129-c24ef9759940,2020-10-03,2020-10-04,1384.87,0.1012887799700506,0,1486.5004222222217,1576.71,101.6304222222218,1486.5004222222217
5d04084c-9ca7-47ff-9a4d-ae4c7228516a,291aa1c6-c027-45a2-a129-c24ef9759940,2020-10-04,2020-10-05,0.0,0.0781634019257952,0,1474.296772222222,1384.87,1474.296772222222,1474.296772222222
5d04084c-9ca7-47ff-9a4d-ae4c7228516a,291aa1c6-c027-45a2-a129-c24ef9759940,2020-10-05,2020-10-06,1555.99,0.013994057444728,0,1404.9522166666663,0.0,151.03778333333366,1404.9522166666663
5d04084c-9ca7-47ff-9a4d-ae4c7228516a,291aa1c6-c027-45a2-a129-c24ef9759940,2020-10-06,2020-10-07,1481.14,0.1223907951912052,0,1444.2720611111113,1555.99,36.86793888888883,1444.2720611111113
5d04084c-9ca7-47ff-9a4d-ae4c7228516a,291aa1c6-c027-45a2-a129-c24ef9759940,2020-10-07,2020-10-08,1525.72,0.1291251237886024,0,1409.3866388888891,1481.14,116.33336111111088,1409.3866388888891
5d04084c-9ca7-47ff-9a4d-ae4c7228516a,291aa1c6-c027-45a2-a129-c24ef9759940,2020-10-08,2020-10-09,1512.18,0.1043904164036724,0,1402.0354944444457,1525.72,110.14450555555436,1402.0354944444457
5d04084c-9ca7-47ff-9a4d-ae4c7228516a,291aa1c6-c027-45a2-a129-c24ef9759940,2020-10-09,2020-10-10,1443.94,0.0704198686877169,0,1416.619672222222,1512.18,27.32032777777817,1416.619672222222
5d04084c-9ca7-47ff-9a4d-ae4c7228516a,291aa1c6-c027-45a2-a129-c24ef9759940,2020-10-10,2020-10-11,1375.41,0.0719369607723201,0,1446.5927111111102,1443.94,71.18271111111017,1446.5927111111102
5d04084c-9ca7-47ff-9a4d-ae4c7228516a,291aa1c6-c027-45a2-a129-c24ef9759940,2020-10-11,2020-10-12,1577.94,0.0918745824775525,0,1330.1489,1375.41,247.7911000000001,1330.1489
5d04084c-9ca7-47ff-9a4d-ae4c7228516a,291aa1c6-c027-45a2-a129-c24ef9759940,2020-10-12,2020-10-13,1508.76,0.0829288924868435,0,1420.8382777777774,1577.94,87.92172222222257,1420.8382777777774
5d04084c-9ca7-47ff-9a4d-ae4c7228516a,291aa1c6-c027-45a2-a129-c24ef9759940,2020-10-13,2020-10-14,1546.85,0.1115588748392474,0,1547.2034777777774,1508.76,0.3534777777774707,1547.2034777777774
5d04084c-9ca7-47ff-9a4d-ae4c7228516a,291aa1c6-c027-45a2-a129-c24ef9759940,2020-10-14,2020-10-15,1514.94,0.1552983387344234,1,0.0,1546.85,1514.94,1546.85
5d04084c-9ca7-47ff-9a4d-ae4c7228516a,291aa1c6-c027-45a2-a129-c24ef9759940,2020-10-15,2020-10-16,1512.17,0.1162672827935593,0,1543.9233111111105,1514.94,31.753311111110406,1543.9233111111105
5d04084c-9ca7-47ff-9a4d-ae4c7228516a,291aa1c6-c027-45a2-a129-c24ef9759940,2020-10-16,2020-10-17,1528.96,0.1183112018590384,0,1512.112727777778,1512.17,16.847272222222045,1512.112727777778
5d04084c-9ca7-47ff-9a4d-ae4c7228516a,291aa1c6-c027-45a2-a129-c24ef9759940,2020-10-17,2020-10-18,1500.58,0.1341304868917548,0,1503.6112777777778,1528.96,3.0312777777778592,1503.6112777777778
5d04084c-9ca7-47ff-9a4d-ae4c7228516a,291aa1c6-c027-45a2-a129-c24ef9759940,2020-10-18,2020-10-19,1488.24,0.1223834613514548,0,1518.1794555555557,1500.58,29.93945555555547,1518.1794555555557
5d04084c-9ca7-47ff-9a4d-ae4c7228516a,291aa1c6-c027-45a2-a129-c24ef9759940,2020-10-19,2020-10-20,0.0,0.1271003206805543,0,1556.5964388888883,1488.24,1556.5964388888883,1556.5964388888883
5d04084c-9ca7-47ff-9a4d-ae4c7228516a,291aa1c6-c027-45a2-a129-c24ef9759940,2020-10-20,2020-10-21,1710.42,0.0087000233663313,0,1473.4682500000008,0.0,236.9517499999993,1473.4682500000008
5d04084c-9ca7-47ff-9a4d-ae4c7228516a,291aa1c6-c027-45a2-a129-c24ef9759940,2020-10-21,2020-10-22,1587.25,0.0983442807199453,0,1545.855297222222,1710.42,41.394702777777866,1545.855297222222
5d04084c-9ca7-47ff-9a4d-ae4c7228516a,291aa1c6-c027-45a2-a129-c24ef9759940,2020-10-22,2020-10-23,1624.57,0.0984315491946675,0,1504.6989027777768,1587.25,119.87109722222316,1504.6989027777768
5d04084c-9ca7-47ff-9a4d-ae4c7228516a,291aa1c6-c027-45a2-a129-c24ef9759940,2020-10-23,2020-10-24,1605.09,0.107876508974319,0,1505.7193027777769,1624.57,99.37069722222304,1505.7193027777769
5d04084c-9ca7-47ff-9a4d-ae4c7228516a,291aa1c6-c027-45a2-a129-c24ef9759940,2020-10-24,2020-10-25,1484.09,0.1049353077678804,0,1517.8878444444438,1605.09,33.797844444443854,1517.8878444444438
5d04084c-9ca7-47ff-9a4d-ae4c7228516a,291aa1c6-c027-45a2-a129-c24ef9759940,2020-10-25,2020-10-26,1489.9,0.0578387466400148,0,1447.8652888888903,1484.09,42.0347111111098,1447.8652888888903
5d04084c-9ca7-47ff-9a4d-ae4c7228516a,291aa1c6-c027-45a2-a129-c24ef9759940,2020-10-26,2020-10-27,1502.25,0.1241332648449256,0,1393.1771000000003,1489.9,109.07289999999966,1393.1771000000003
5d04084c-9ca7-47ff-9a4d-ae4c7228516a,291aa1c6-c027-45a2-a129-c24ef9759940,2020-10-27,2020-10-28,1473.49,0.1131224569598777,0,1419.0729333333338,1502.25,54.41706666666619,1419.0729333333338
5d04084c-9ca7-47ff-9a4d-ae4c7228516a,291aa1c6-c027-45a2-a129-c24ef9759940,2020-10-28,2020-10-29,1566.37,0.1181657007205163,0,1580.5169388888876,1473.49,14.14693888888769,1580.5169388888876
5d04084c-9ca7-47ff-9a4d-ae4c7228516a,291aa1c6-c027-45a2-a129-c24ef9759940,2020-10-29,2020-10-30,1437.94,0.0644012138473693,0,1618.572933333333,1566.37,180.63293333333263,1618.572933333333
5d04084c-9ca7-47ff-9a4d-ae4c7228516a,291aa1c6-c027-45a2-a129-c24ef9759940,2020-10-30,2020-10-31,0.0,0.1076033922781452,0,1569.313972222222,1437.94,1569.313972222222,1569.313972222222
5d04084c-9ca7-47ff-9a4d-ae4c7228516a,291aa1c6-c027-45a2-a129-c24ef9759940,2020-10-31,2020-11-01,1400.86,0.0143201392148118,0,1488.7335555555574,0.0,87.87355555555746,1488.7335555555574
5d04084c-9ca7-47ff-9a4d-ae4c7228516a,291aa1c6-c027-45a2-a129-c24ef9759940,2020-11-01,2020-11-02,1469.19,0.0807839181012926,0,1361.7881750000008,1400.86,107.40182499999923,1361.7881750000008
5d04084c-9ca7-47ff-9a4d-ae4c7228516a,291aa1c6-c027-45a2-a129-c24ef9759940,2020-11-02,2020-11-03,1456.92,0.0713491885312413,0,1338.976436111111,1469.19,117.943563888889,1338.976436111111
5d04084c-9ca7-47ff-9a4d-ae4c7228516a,291aa1c6-c027-45a2-a129-c24ef9759940,2020-11-03,2020-11-04,1444.81,0.0682120440237496,0,1370.5221666666655,1456.92,74.28783333333445,1370.5221666666655
5d04084c-9ca7-47ff-9a4d-ae4c7228516a,291aa1c6-c027-45a2-a129-c24ef9759940,2020-11-04,2020-11-05,1494.96,0.089509743344673,0,1358.083449999999,1444.81,136.8765500000011,1358.083449999999
5d04084c-9ca7-47ff-9a4d-ae4c7228516a,291aa1c6-c027-45a2-a129-c24ef9759940,2020-11-05,2020-11-06,1403.0,0.0784913453962279,0,1421.2523555555545,1494.96,18.25235555555446,1421.2523555555545
5d04084c-9ca7-47ff-9a4d-ae4c7228516a,291aa1c6-c027-45a2-a129-c24ef9759940,2020-11-06,2020-11-07,1541.89,0.0543437879162603,0,1354.7957444444428,1403.0,187.0942555555573,1354.7957444444428
5d04084c-9ca7-47ff-9a4d-ae4c7228516a,291aa1c6-c027-45a2-a129-c24ef9759940,2020-11-07,2020-11-08,1404.99,0.0909084191769396,0,1410.6019055555555,1541.89,5.611905555555495,1410.6019055555555
5d04084c-9ca7-47ff-9a4d-ae4c7228516a,291aa1c6-c027-45a2-a129-c24ef9759940,2020-11-08,2020-11-09,1398.26,0.1018107105957695,0,1463.1557777777768,1404.99,64.89577777777686,1463.1557777777768
5d04084c-9ca7-47ff-9a4d-ae4c7228516a,291aa1c6-c027-45a2-a129-c24ef9759940,2020-11-09,2020-11-10,1434.26,0.123569735084142,0,1418.8151888888897,1398.26,15.44481111111054,1418.8151888888897
5d04084c-9ca7-47ff-9a4d-ae4c7228516a,291aa1c6-c027-45a2-a129-c24ef9759940,2020-11-10,2020-11-11,1469.48,0.1180550929566295,0,1408.5711166666656,1434.26,60.908883333334416,1408.5711166666656
5d04084c-9ca7-47ff-9a4d-ae4c7228516a,291aa1c6-c027-45a2-a129-c24ef9759940,2020-11-11,2020-11-12,1543.12,0.0792080478199232,0,1416.035133333334,1469.48,127.0848666666659,1416.035133333334
5d04084c-9ca7-47ff-9a4d-ae4c7228516a,291aa1c6-c027-45a2-a129-c24ef9759940,2020-11-12,2020-11-13,1471.1,0.110586134403083,0,1477.1784944444437,1543.12,6.078494444443777,1477.1784944444437
5d04084c-9ca7-47ff-9a4d-ae4c7228516a,291aa1c6-c027-45a2-a129-c24ef9759940,2020-11-13,2020-11-14,1361.34,0.0900119704251066,0,1462.785505555556,1471.1,101.44550555555612,1462.785505555556
5d04084c-9ca7-47ff-9a4d-ae4c7228516a,291aa1c6-c027-45a2-a129-c24ef9759940,2020-11-14,2020-11-15,1509.89,0.0793278309768072,0,1468.2292055555552,1361.34,41.66079444444495,1468.2292055555552
5d04084c-9ca7-47ff-9a4d-ae4c7228516a,291aa1c6-c027-45a2-a129-c24ef9759940,2020-11-15,2020-11-16,1506.87,0.0706078576653101,0,1405.2329999999995,1509.89,101.63700000000016,1405.2329999999995
5d04084c-9ca7-47ff-9a4d-ae4c7228516a,291aa1c6-c027-45a2-a129-c24ef9759940,2020-11-16,2020-11-17,1428.39,0.0976539746182933,0,1457.4169888888885,1506.87,29.026988888888354,1457.4169888888885
5d04084c-9ca7-47ff-9a4d-ae4c7228516a,291aa1c6-c027-45a2-a129-c24ef9759940,2020-11-17,2020-11-18,1481.5,0.1220021225917321,0,1454.4804111111096,1428.39,27.01958888889044,1454.4804111111096
5d04084c-9ca7-47ff-9a4d-ae4c7228516a,291aa1c6-c027-45a2-a129-c24ef9759940,2020-11-18,2020-11-19,1576.46,0.090504820357331,0,1437.972677777777,1481.5,138.4873222222227,1437.972677777777
5d04084c-9ca7-47ff-9a4d-ae4c7228516a,291aa1c6-c027-45a2-a129-c24ef9759940,2020-11-19,2020-11-20,1403.79,0.0804932892429605,0,1528.3269166666666,1576.46,124.53691666666668,1528.3269166666666
5d04084c-9ca7-47ff-9a4d-ae4c7228516a,291aa1c6-c027-45a2-a129-c24ef9759940,2020-11-20,2020-11-21,1536.25,0.1218135842604664,0,1497.0683499999996,1403.79,39.181650000000445,1497.0683499999996
5d04084c-9ca7-47ff-9a4d-ae4c7228516a,291aa1c6-c027-45a2-a129-c24ef9759940,2020-11-21,2020-11-22,1558.19,0.0895690111571434,0,1438.7415499999995,1536.25,119.44845000000056,1438.7415499999995
5d04084c-9ca7-47ff-9a4d-ae4c7228516a,291aa1c6-c027-45a2-a129-c24ef9759940,2020-11-22,2020-11-23,1473.98,0.155287843920045,1,0.0,1558.19,1473.98,1558.19
5d04084c-9ca7-47ff-9a4d-ae4c7228516a,291aa1c6-c027-45a2-a129-c24ef9759940,2020-11-23,2020-11-24,1372.51,0.0883278376359067,0,1522.9572444444443,1473.98,150.44724444444432,1522.9572444444443
5d04084c-9ca7-47ff-9a4d-ae4c7228516a,291aa1c6-c027-45a2-a129-c24ef9759940,2020-11-24,2020-11-25,1556.36,0.132315374252454,0,1463.7794777777776,1372.51,92.58052222222229,1463.7794777777776
5d04084c-9ca7-47ff-9a4d-ae4c7228516a,291aa1c6-c027-45a2-a129-c24ef9759940,2020-11-25,2020-11-26,1524.58,0.0893245043171216,0,1482.0326055555554,1556.36,42.547394444444535,1482.0326055555554
5d04084c-9ca7-47ff-9a4d-ae4c7228516a,291aa1c6-c027-45a2-a129-c24ef9759940,2020-11-26,2020-11-27,1495.18,0.0932076699036527,0,1598.4901055555547,1524.58,103.31010555555464,1598.4901055555547
5d04084c-9ca7-47ff-9a4d-ae4c7228516a,291aa1c6-c027-45a2-a129-c24ef9759940,2020-11-27,2020-11-28,1449.34,0.1401809313350693,0,1507.4333777777783,1495.18,58.093377777778414,1507.4333777777783
5d04084c-9ca7-47ff-9a4d-ae4c7228516a,291aa1c6-c027-45a2-a129-c24ef9759940,2020-11-28,2020-11-29,1538.02,0.1165145210449645,0,1511.459227777777,1449.34,26.560772222223022,1511.459227777777
5d04084c-9ca7-47ff-9a4d-ae4c7228516a,291aa1c6-c027-45a2-a129-c24ef9759940,2020-11-29,2020-11-30,1389.6,0.1084809036976487,0,1521.9033499999991,1538.02,132.30334999999923,1521.9033499999991
5d04084c-9ca7-47ff-9a4d-ae4c7228516a,291aa1c6-c027-45a2-a129-c24ef9759940,2020-11-30,2020-12-01,1511.74,0.1233470249464183,0,1510.425822222223,1389.6,1.3141777777773314,1510.425822222223
5d04084c-9ca7-47ff-9a4d-ae4c7228516a,291aa1c6-c027-45a2-a129-c24ef9759940,2020-12-01,2020-12-02,1423.63,0.0789143636148769,0,1432.7418388888889,1511.74,9.111838888888542,1432.7418388888889
5d04084c-9ca7-47ff-9a4d-ae4c7228516a,291aa1c6-c027-45a2-a129-c24ef9759940,2020-12-02,2020-12-03,0.0,0.1164945787157679,0,1525.2083999999993,1423.63,1525.2083999999993,1525.2083999999993
5d04084c-9ca7-47ff-9a4d-ae4c7228516a,291aa1c6-c027-45a2-a129-c24ef9759940,2020-12-03,2020-12-04,1372.75,0.0055606057642489,0,1458.0548000000003,0.0,85.30480000000034,1458.0548000000003
5d04084c-9ca7-47ff-9a4d-ae4c7228516a,291aa1c6-c027-45a2-a129-c24ef9759940,2020-12-04,2020-12-05,1471.25,0.0661914361260901,0,1368.6869111111114,1372.75,102.5630888888886,1368.6869111111114
5d04084c-9ca7-47ff-9a4d-ae4c7228516a,291aa1c6-c027-45a2-a129-c24ef9759940,2020-12-05,2020-12-06,1456.3,0.0621285688990919,0,1334.795838888888,1471.25,121.5041611111119,1334.795838888888
5d04084c-9ca7-47ff-9a4d-ae4c7228516a,291aa1c6-c027-45a2-a129-c24ef9759940,2020-12-06,2020-12-07,1470.81,0.0762094619555574,0,1379.973249999999,1456.3,90.83675000000062,1379.973249999999
5d04084c-9ca7-47ff-9a4d-ae4c7228516a,291aa1c6-c027-45a2-a129-c24ef9759940,2020-12-07,2020-12-08,1410.8,0.1050996379849781,0,1342.4406777777783,1470.81,68.35932222222164,1342.4406777777783
5d04084c-9ca7-47ff-9a4d-ae4c7228516a,291aa1c6-c027-45a2-a129-c24ef9759940,2020-12-08,2020-12-09,1450.51,0.0865166165168541,0,1361.6912444444442,1410.8,88.81875555555575,1361.6912444444442
5d04084c-9ca7-47ff-9a4d-ae4c7228516a,291aa1c6-c027-45a2-a129-c24ef9759940,2020-12-09,2020-12-10,1479.17,0.1034441654193216,0,1364.0318611111115,1450.51,115.13813888888852,1364.0318611111115
5d04084c-9ca7-47ff-9a4d-ae4c7228516a,291aa1c6-c027-45a2-a129-c24ef9759940,2020-12-10,2020-12-11,1611.32,0.0658764133327492,0,1395.0707388888886,1479.17,216.2492611111113,1395.0707388888886
5d04084c-9ca7-47ff-9a4d-ae4c7228516a,291aa1c6-c027-45a2-a129-c24ef9759940,2020-12-11,2020-12-12,1402.55,0.1286276421266704,0,1472.3795666666667,1611.32,69.82956666666678,1472.3795666666667
5d04084c-9ca7-47ff-9a4d-ae4c7228516a,291aa1c6-c027-45a2-a129-c24ef9759940,2020-12-12,2020-12-13,1503.76,0.124817670899883,0,1523.5177888888886,1402.55,19.757788888888623,1523.5177888888886
5d04084c-9ca7-47ff-9a4d-ae4c7228516a,291aa1c6-c027-45a2-a129-c24ef9759940,2020-12-13,2020-12-14,1473.87,0.0840447182608878,0,1455.8261111111112,1503.76,18.04388888888866,1455.8261111111112
5d04084c-9ca7-47ff-9a4d-ae4c7228516a,291aa1c6-c027-45a2-a129-c24ef9759940,2020-12-14,2020-12-15,1434.08,0.1151476163850322,0,1494.9392944444426,1473.87,60.85929444444264,1494.9392944444426
5d04084c-9ca7-47ff-9a4d-ae4c7228516a,291aa1c6-c027-45a2-a129-c24ef9759940,2020-12-15,2020-12-16,1333.96,0.0887447622651122,0,1462.1377555555553,1434.08,128.17775555555522,1462.1377555555553
5d04084c-9ca7-47ff-9a4d-ae4c7228516a,291aa1c6-c027-45a2-a129-c24ef9759940,2020-12-16,2020-12-17,1524.29,0.1033896321652603,0,1458.682188888889,1333.96,65.607811111111,1458.682188888889
5d04084c-9ca7-47ff-9a4d-ae4c7228516a,291aa1c6-c027-45a2-a129-c24ef9759940,2020-12-17,2020-12-18,1438.06,0.0837048161509442,0,1478.861733333333,1524.29,40.80173333333301,1478.861733333333
5d04084c-9ca7-47ff-9a4d-ae4c7228516a,291aa1c6-c027-45a2-a129-c24ef9759940,2020-12-18,2020-12-19,1377.29,0.0959923122902789,0,1540.271033333333,1438.06,162.98103333333302,1540.271033333333
5d04084c-9ca7-47ff-9a4d-ae4c7228516a,291aa1c6-c027-45a2-a129-c24ef9759940,2020-12-19,2020-12-20,1355.6,0.1096494977621527,0,1405.0818777777777,1377.29,49.48187777777776,1405.0818777777777
5d04084c-9ca7-47ff-9a4d-ae4c7228516a,291aa1c6-c027-45a2-a129-c24ef9759940,2020-12-20,2020-12-21,1433.79,0.1166264907816989,0,1410.3781777777788,1355.6,23.41182222222119,1410.3781777777788
5d04084c-9ca7-47ff-9a4d-ae4c7228516a,291aa1c6-c027-45a2-a129-c24ef9759940,2020-12-21,2020-12-22,1348.74,0.1253533409702017,0,1379.968816666666,1433.79,31.228816666666035,1379.968816666666
5d04084c-9ca7-47ff-9a4d-ae4c7228516a,291aa1c6-c027-45a2-a129-c24ef9759940,2020-12-22,2020-12-23,1372.22,0.1041832346767594,0,1379.5872555555557,1348.74,7.36725555555563,1379.5872555555557
5d04084c-9ca7-47ff-9a4d-ae4c7228516a,291aa1c6-c027-45a2-a129-c24ef9759940,2020-12-23,2020-12-24,1369.0,0.1013463301522564,0,1342.4770555555556,1372.22,26.52294444444442,1342.4770555555556
5d04084c-9ca7-47ff-9a4d-ae4c7228516a,291aa1c6-c027-45a2-a129-c24ef9759940,2020-12-24,2020-12-25,1411.63,0.0865250706785898,0,1396.9189444444455,1369.0,14.711055555554594,1396.9189444444455
5d04084c-9ca7-47ff-9a4d-ae4c7228516a,291aa1c6-c027-45a2-a129-c24ef9759940,2020-12-25,2020-12-26,1449.54,0.0839831910031629,0,1349.9339611111106,1411.63,99.60603888888932,1349.9339611111106
5d04084c-9ca7-47ff-9a4d-ae4c7228516a,291aa1c6-c027-45a2-a129-c24ef9759940,2020-12-26,2020-12-27,1382.8,0.0937501408721574,0,1349.383777777778,1449.54,33.416222222221904,1349.383777777778
5d04084c-9ca7-47ff-9a4d-ae4c7228516a,291aa1c6-c027-45a2-a129-c24ef9759940,2020-12-27,2020-12-28,1388.39,0.1051641495913075,0,1344.6488888888891,1382.8,43.74111111111097,1344.6488888888891
5d04084c-9ca7-47ff-9a4d-ae4c7228516a,291aa1c6-c027-45a2-a129-c24ef9759940,2020-12-28,2020-12-29,1409.1,0.0906901337237773,0,1344.485677777777,1388.39,64.61432222222288,1344.485677777777
5d04084c-9ca7-47ff-9a4d-ae4c7228516a,291aa1c6-c027-45a2-a129-c24ef9759940,2020-12-29,2020-12-30,1348.35,0.1073869120660549,0,1355.7784722222225,1409.1,7.428472222222354,1355.7784722222225
5d04084c-9ca7-47ff-9a4d-ae4c7228516a,291aa1c6-c027-45a2-a129-c24ef9759940,2020-12-30,2020-12-31,1357.58,0.1418393729820098,0,1344.1130833333336,1348.35,13.466916666666291,1344.1130833333336
5fc8e620-ffb1-4003-91f7-48c500d1a6c0,f62dab14-cd6c-46e4-3aa2-d3c0ccca7b4c,2020-08-23,2020-08-24,314.13,0.0973421237593264,0,335.2428111111112,351.25,21.11281111111117,335.2428111111112
5fc8e620-ffb1-4003-91f7-48c500d1a6c0,f62dab14-cd6c-46e4-3aa2-d3c0ccca7b4c,2020-08-24,2020-08-25,321.18,0.2099358108893473,1,0.0,314.13,321.18,314.13
5fc8e620-ffb1-4003-91f7-48c500d1a6c0,f62dab14-cd6c-46e4-3aa2-d3c0ccca7b4c,2020-08-25,2020-08-26,299.77,0.1509434161781753,1,0.0,321.18,299.77,321.18
5fc8e620-ffb1-4003-91f7-48c500d1a6c0,f62dab14-cd6c-46e4-3aa2-d3c0ccca7b4c,2020-08-26,2020-08-27,311.43,0.1378064991919829,0,328.97380000000004,299.77,17.543800000000033,328.97380000000004
5fc8e620-ffb1-4003-91f7-48c500d1a6c0,f62dab14-cd6c-46e4-3aa2-d3c0ccca7b4c,2020-08-27,2020-08-28,337.45,0.1493037131528075,0,327.8910388888889,311.43,9.558961111111104,327.8910388888889
5fc8e620-ffb1-4003-91f7-48c500d1a6c0,f62dab14-cd6c-46e4-3aa2-d3c0ccca7b4c,2020-08-28,2020-08-29,340.31,0.205660502652933,1,0.0,337.45,340.31,337.45
5fc8e620-ffb1-4003-91f7-48c500d1a6c0,f62dab14-cd6c-46e4-3aa2-d3c0ccca7b4c,2020-08-29,2020-08-30,338.01,0.1724437695464427,1,0.0,340.31,338.01,340.31
5fc8e620-ffb1-4003-91f7-48c500d1a6c0,f62dab14-cd6c-46e4-3aa2-d3c0ccca7b4c,2020-08-30,2020-08-31,348.13,0.1411428772214394,0,338.1887666666666,338.01,9.9412333333334,338.1887666666666
5fc8e620-ffb1-4003-91f7-48c500d1a6c0,f62dab14-cd6c-46e4-3aa2-d3c0ccca7b4c,2020-08-31,2020-09-01,335.0,0.1805629784250358,1,0.0,348.13,335.0,348.13
5fc8e620-ffb1-4003-91f7-48c500d1a6c0,f62dab14-cd6c-46e4-3aa2-d3c0ccca7b4c,2020-09-01,2020-09-02,326.83,0.1281452365400709,0,335.8437833333335,335.0,9.013783333333492,335.8437833333335
5fc8e620-ffb1-4003-91f7-48c500d1a6c0,f62dab14-cd6c-46e4-3aa2-d3c0ccca7b4c,2020-09-02,2020-09-03,336.65,0.2112890060742654,1,0.0,326.83,336.65,326.83
5fc8e620-ffb1-4003-91f7-48c500d1a6c0,f62dab14-cd6c-46e4-3aa2-d3c0ccca7b4c,2020-09-03,2020-09-04,313.25,0.08324335133396,0,328.10947222222245,336.65,14.85947222222245,328.10947222222245
5fc8e620-ffb1-4003-91f7-48c500d1a6c0,f62dab14-cd6c-46e4-3aa2-d3c0ccca7b4c,2020-09-04,2020-09-05,299.51,0.213955022017087,1,0.0,313.25,299.51,313.25
5fc8e620-ffb1-4003-91f7-48c500d1a6c0,f62dab14-cd6c-46e4-3aa2-d3c0ccca7b4c,2020-09-05,2020-09-06,318.61,0.1979327031149083,1,0.0,299.51,318.61,299.51
5fc8e620-ffb1-4003-91f7-48c500d1a6c0,f62dab14-cd6c-46e4-3aa2-d3c0ccca7b4c,2020-09-06,2020-09-07,320.28,0.0828473976972569,0,328.13114444444454,318.61,7.8511444444445715,328.13114444444454
5fc8e620-ffb1-4003-91f7-48c500d1a6c0,f62dab14-cd6c-46e4-3aa2-d3c0ccca7b4c,2020-09-07,2020-09-08,326.3,0.304832747642865,1,0.0,320.28,326.3,320.28
5fc8e620-ffb1-4003-91f7-48c500d1a6c0,f62dab14-cd6c-46e4-3aa2-d3c0ccca7b4c,2020-09-08,2020-09-09,311.58,0.1830468883336431,1,0.0,326.3,311.58,326.3
5fc8e620-ffb1-4003-91f7-48c500d1a6c0,f62dab14-cd6c-46e4-3aa2-d3c0ccca7b4c,2020-09-09,2020-09-10,314.44,0.2305513221493991,1,0.0,311.58,314.44,311.58
5fc8e620-ffb1-4003-91f7-48c500d1a6c0,f62dab14-cd6c-46e4-3aa2-d3c0ccca7b4c,2020-09-10,2020-09-11,336.85,0.0868928710030938,0,331.1241666666667,314.44,5.7258333333332985,331.1241666666667
5fc8e620-ffb1-4003-91f7-48c500d1a6c0,f62dab14-cd6c-46e4-3aa2-d3c0ccca7b4c,2020-09-11,2020-09-12,304.49,0.137287453519572,0,334.85073333333327,336.85,30.360733333333258,334.85073333333327
5fc8e620-ffb1-4003-91f7-48c500d1a6c0,f62dab14-cd6c-46e4-3aa2-d3c0ccca7b4c,2020-09-12,2020-09-13,321.85,0.2063462461139467,1,0.0,304.49,321.85,304.49
5fc8e620-ffb1-4003-91f7-48c500d1a6c0,f62dab14-cd6c-46e4-3aa2-d3c0ccca7b4c,2020-09-13,2020-09-14,313.35,0.0743574636968262,0,327.37185,321.85,14.021849999999972,327.37185
5fc8e620-ffb1-4003-91f7-48c500d1a6c0,f62dab14-cd6c-46e4-3aa2-d3c0ccca7b4c,2020-09-14,2020-09-15,296.86,0.151874344349187,1,0.0,313.35,296.86,313.35
5fc8e620-ffb1-4003-91f7-48c500d1a6c0,f62dab14-cd6c-46e4-3aa2-d3c0ccca7b4c,2020-09-15,2020-09-16,316.29,0.1772747463675209,1,0.0,296.86,316.29,296.86
5fc8e620-ffb1-4003-91f7-48c500d1a6c0,f62dab14-cd6c-46e4-3aa2-d3c0ccca7b4c,2020-09-16,2020-09-17,308.45,0.1697880265671529,1,0.0,316.29,308.45,316.29
5fc8e620-ffb1-4003-91f7-48c500d1a6c0,f62dab14-cd6c-46e4-3aa2-d3c0ccca7b4c,2020-09-17,2020-09-18,315.69,0.1310393545019171,0,329.0970166666668,308.45,13.407016666666776,329.0970166666668
5fc8e620-ffb1-4003-91f7-48c500d1a6c0,f62dab14-cd6c-46e4-3aa2-d3c0ccca7b4c,2020-09-18,2020-09-19,323.48,0.0986379639392683,0,329.8685499999998,315.69,6.388549999999782,329.8685499999998
5fc8e620-ffb1-4003-91f7-48c500d1a6c0,f62dab14-cd6c-46e4-3aa2-d3c0ccca7b4c,2020-09-19,2020-09-20,288.8,0.2365905676174837,1,0.0,323.48,288.8,323.48
5fc8e620-ffb1-4003-91f7-48c500d1a6c0,f62dab14-cd6c-46e4-3aa2-d3c0ccca7b4c,2020-09-20,2020-09-21,338.81,0.1660979968332725,1,0.0,288.8,338.81,288.8
5fc8e620-ffb1-4003-91f7-48c500d1a6c0,f62dab14-cd6c-46e4-3aa2-d3c0ccca7b4c,2020-09-21,2020-09-22,373.72,0.2398882313299112,1,0.0,338.81,373.72,338.81
5fc8e620-ffb1-4003-91f7-48c500d1a6c0,f62dab14-cd6c-46e4-3aa2-d3c0ccca7b4c,2020-09-22,2020-09-23,306.55,0.1138925877306399,0,340.70892777777755,373.72,34.158927777777535,340.70892777777755
5fc8e620-ffb1-4003-91f7-48c500d1a6c0,f62dab14-cd6c-46e4-3aa2-d3c0ccca7b4c,2020-09-23,2020-09-24,311.84,0.1739052640834925,1,0.0,306.55,311.84,306.55
5fc8e620-ffb1-4003-91f7-48c500d1a6c0,f62dab14-cd6c-46e4-3aa2-d3c0ccca7b4c,2020-09-24,2020-09-25,308.05,0.1177145890964926,0,326.9760222222226,311.84,18.92602222222257,326.9760222222226
5fc8e620-ffb1-4003-91f7-48c500d1a6c0,f62dab14-cd6c-46e4-3aa2-d3c0ccca7b4c,2020-09-25,2020-09-26,303.85,0.1561887698251611,1,0.0,308.05,303.85,308.05
5fc8e620-ffb1-4003-91f7-48c500d1a6c0,f62dab14-cd6c-46e4-3aa2-d3c0ccca7b4c,2020-09-26,2020-09-27,354.13,0.1293075087765494,0,329.1236944444445,303.85,25.006305555555517,329.1236944444445
5fc8e620-ffb1-4003-91f7-48c500d1a6c0,f62dab14-cd6c-46e4-3aa2-d3c0ccca7b4c,2020-09-27,2020-09-28,315.41,0.1330665496705798,0,329.2775499999996,354.13,13.867549999999596,329.2775499999996
5fc8e620-ffb1-4003-91f7-48c500d1a6c0,f62dab14-cd6c-46e4-3aa2-d3c0ccca7b4c,2020-09-28,2020-09-29,331.48,0.1936158983345712,1,0.0,315.41,331.48,315.41
5fc8e620-ffb1-4003-91f7-48c500d1a6c0,f62dab14-cd6c-46e4-3aa2-d3c0ccca7b4c,2020-09-29,2020-09-30,339.35,0.206165687577057,1,0.0,331.48,339.35,331.48
5fc8e620-ffb1-4003-91f7-48c500d1a6c0,f62dab14-cd6c-46e4-3aa2-d3c0ccca7b4c,2020-09-30,2020-10-01,336.93,0.1215324530509902,0,336.1822888888889,339.35,0.7477111111111299,336.1822888888889
5fc8e620-ffb1-4003-91f7-48c500d1a6c0,f62dab14-cd6c-46e4-3aa2-d3c0ccca7b4c,2020-10-01,2020-10-02,338.0,0.0720801078155306,0,334.66777222222214,336.93,3.3322277777778595,334.66777222222214
5fc8e620-ffb1-4003-91f7-48c500d1a6c0,f62dab14-cd6c-46e4-3aa2-d3c0ccca7b4c,2020-10-02,2020-10-03,299.04,0.1943051629667231,1,0.0,338.0,299.04,338.0
5fc8e620-ffb1-4003-91f7-48c500d1a6c0,f62dab14-cd6c-46e4-3aa2-d3c0ccca7b4c,2020-10-03,2020-10-04,334.1,0.1271358953900764,0,324.4414000000001,299.04,9.658599999999922,324.4414000000001
5fc8e620-ffb1-4003-91f7-48c500d1a6c0,f62dab14-cd6c-46e4-3aa2-d3c0ccca7b4c,2020-10-04,2020-10-05,312.9,0.0932564754282312,0,329.3064777777778,334.1,16.40647777777781,329.3064777777778
5fc8e620-ffb1-4003-91f7-48c500d1a6c0,f62dab14-cd6c-46e4-3aa2-d3c0ccca7b4c,2020-10-05,2020-10-06,346.12,0.2037352916604543,1,0.0,312.9,346.12,312.9
5fc8e620-ffb1-4003-91f7-48c500d1a6c0,f62dab14-cd6c-46e4-3aa2-d3c0ccca7b4c,2020-10-06,2020-10-07,304.87,0.1126390070020333,0,336.15002222222233,346.12,31.28002222222233,336.15002222222233
5fc8e620-ffb1-4003-91f7-48c500d1a6c0,f62dab14-cd6c-46e4-3aa2-d3c0ccca7b4c,2020-10-07,2020-10-08,299.98,0.2155907542127076,1,0.0,304.87,299.98,304.87
5fc8e620-ffb1-4003-91f7-48c500d1a6c0,f62dab14-cd6c-46e4-3aa2-d3c0ccca7b4c,2020-10-08,2020-10-09,317.42,0.0875262455463536,0,328.1366166666665,299.98,10.716616666666482,328.1366166666665
5fc8e620-ffb1-4003-91f7-48c500d1a6c0,f62dab14-cd6c-46e4-3aa2-d3c0ccca7b4c,2020-10-09,2020-10-10,327.58,0.2406736293278162,1,0.0,317.42,327.58,317.42
5fc8e620-ffb1-4003-91f7-48c500d1a6c0,f62dab14-cd6c-46e4-3aa2-d3c0ccca7b4c,2020-10-10,2020-10-11,289.84,0.0822717875093066,0,328.75797222222224,327.58,38.91797222222226,328.75797222222224
5fc8e620-ffb1-4003-91f7-48c500d1a6c0,f62dab14-cd6c-46e4-3aa2-d3c0ccca7b4c,2020-10-11,2020-10-12,310.42,0.1332225812923023,0,326.337111111111,289.84,15.917111111111012,326.337111111111
5fc8e620-ffb1-4003-91f7-48c500d1a6c0,f62dab14-cd6c-46e4-3aa2-d3c0ccca7b4c,2020-10-12,2020-10-13,299.7,0.2647209840085599,1,0.0,310.42,299.7,310.42
5fc8e620-ffb1-4003-91f7-48c500d1a6c0,f62dab14-cd6c-46e4-3aa2-d3c0ccca7b4c,2020-10-13,2020-10-14,331.37,0.1070779314707052,0,329.1324777777778,299.7,2.2375222222221964,329.1324777777778
5fc8e620-ffb1-4003-91f7-48c500d1a6c0,f62dab14-cd6c-46e4-3aa2-d3c0ccca7b4c,2020-10-14,2020-10-15,0.0,0.170667879214173,1,0.0,331.37,0.0,331.37
5fc8e620-ffb1-4003-91f7-48c500d1a6c0,f62dab14-cd6c-46e4-3aa2-d3c0ccca7b4c,2020-10-15,2020-10-16,334.37,0.0137294632639925,0,331.41269444444447,0.0,2.957305555555536,331.41269444444447
5fc8e620-ffb1-4003-91f7-48c500d1a6c0,f62dab14-cd6c-46e4-3aa2-d3c0ccca7b4c,2020-10-16,2020-10-17,304.77,0.0793726647630064,0,342.41737222222207,334.37,37.64737222222209,342.41737222222207
5fc8e620-ffb1-4003-91f7-48c500d1a6c0,f62dab14-cd6c-46e4-3aa2-d3c0ccca7b4c,2020-10-17,2020-10-18,320.54,0.1303207412343205,0,328.3495944444445,304.77,7.809594444444485,328.3495944444445
5fc8e620-ffb1-4003-91f7-48c500d1a6c0,f62dab14-cd6c-46e4-3aa2-d3c0ccca7b4c,2020-10-18,2020-10-19,294.48,0.105319143751836,0,321.46999444444424,320.54,26.98999444444422,321.46999444444424
5fc8e620-ffb1-4003-91f7-48c500d1a6c0,f62dab14-cd6c-46e4-3aa2-d3c0ccca7b4c,2020-10-19,2020-10-20,313.64,0.2612130248673877,1,0.0,294.48,313.64,294.48
5fc8e620-ffb1-4003-91f7-48c500d1a6c0,f62dab14-cd6c-46e4-3aa2-d3c0ccca7b4c,2020-10-20,2020-10-21,298.38,0.1308658744597201,0,319.4331833333336,313.64,21.053183333333607,319.4331833333336
5fc8e620-ffb1-4003-91f7-48c500d1a6c0,f62dab14-cd6c-46e4-3aa2-d3c0ccca7b4c,2020-10-21,2020-10-22,340.02,0.1728051645544109,1,0.0,298.38,340.02,298.38
5fc8e620-ffb1-4003-91f7-48c500d1a6c0,f62dab14-cd6c-46e4-3aa2-d3c0ccca7b4c,2020-10-22,2020-10-23,332.2,0.1606771538077459,1,0.0,340.02,332.2,340.02
5fc8e620-ffb1-4003-91f7-48c500d1a6c0,f62dab14-cd6c-46e4-3aa2-d3c0ccca7b4c,2020-10-23,2020-10-24,318.08,0.1192877222162615,0,337.6889388888887,332.2,19.6089388888887,337.6889388888887
5fc8e620-ffb1-4003-91f7-48c500d1a6c0,f62dab14-cd6c-46e4-3aa2-d3c0ccca7b4c,2020-10-24,2020-10-25,331.01,0.13402351989746,0,327.2136111111112,318.08,3.796388888888828,327.2136111111112
5fc8e620-ffb1-4003-91f7-48c500d1a6c0,f62dab14-cd6c-46e4-3aa2-d3c0ccca7b4c,2020-10-25,2020-10-26,306.56,0.0921706847817431,0,330.452461111111,331.01,23.892461111111004,330.452461111111
5fc8e620-ffb1-4003-91f7-48c500d1a6c0,f62dab14-cd6c-46e4-3aa2-d3c0ccca7b4c,2020-10-26,2020-10-27,323.9,0.2070466995106955,1,0.0,306.56,323.9,306.56
5fc8e620-ffb1-4003-91f7-48c500d1a6c0,f62dab14-cd6c-46e4-3aa2-d3c0ccca7b4c,2020-10-27,2020-10-28,312.73,0.175444340797445,1,0.0,323.9,312.73,323.9
5fc8e620-ffb1-4003-91f7-48c500d1a6c0,f62dab14-cd6c-46e4-3aa2-d3c0ccca7b4c,2020-10-28,2020-10-29,322.0,0.2199587214280747,1,0.0,312.73,322.0,312.73
5fc8e620-ffb1-4003-91f7-48c500d1a6c0,f62dab14-cd6c-46e4-3aa2-d3c0ccca7b4c,2020-10-29,2020-10-30,315.58,0.1302748545551424,0,331.7580111111111,322.0,16.17801111111112,331.7580111111111
5fc8e620-ffb1-4003-91f7-48c500d1a6c0,f62dab14-cd6c-46e4-3aa2-d3c0ccca7b4c,2020-10-30,2020-10-31,312.6,0.0723840683216885,0,330.2137055555557,315.58,17.61370555555567,330.2137055555557
5fc8e620-ffb1-4003-91f7-48c500d1a6c0,f62dab14-cd6c-46e4-3aa2-d3c0ccca7b4c,2020-10-31,2020-11-01,286.2,0.186009196083815,1,0.0,312.6,286.2,312.6
5fc8e620-ffb1-4003-91f7-48c500d1a6c0,f62dab14-cd6c-46e4-3aa2-d3c0ccca7b4c,2020-11-01,2020-11-02,303.19,0.1978465509784109,1,0.0,286.2,303.19,286.2
5fc8e620-ffb1-4003-91f7-48c500d1a6c0,f62dab14-cd6c-46e4-3aa2-d3c0ccca7b4c,2020-11-02,2020-11-03,342.7,0.1674538084114521,1,0.0,303.19,342.7,303.19
5fc8e620-ffb1-4003-91f7-48c500d1a6c0,f62dab14-cd6c-46e4-3aa2-d3c0ccca7b4c,2020-11-03,2020-11-04,311.01,0.1374308515082093,0,334.6868166666663,342.7,23.676816666666294,334.6868166666663
5fc8e620-ffb1-4003-91f7-48c500d1a6c0,f62dab14-cd6c-46e4-3aa2-d3c0ccca7b4c,2020-11-04,2020-11-05,301.69,0.0904196428811136,0,333.9370611111111,311.01,32.24706111111112,333.9370611111111
5fc8e620-ffb1-4003-91f7-48c500d1a6c0,f62dab14-cd6c-46e4-3aa2-d3c0ccca7b4c,2020-11-05,2020-11-06,313.26,0.1681534077307656,1,0.0,301.69,313.26,301.69
5fc8e620-ffb1-4003-91f7-48c500d1a6c0,f62dab14-cd6c-46e4-3aa2-d3c0ccca7b4c,2020-11-06,2020-11-07,289.43,0.1601840972784645,1,0.0,313.26,289.43,313.26
5fc8e620-ffb1-4003-91f7-48c500d1a6c0,f62dab14-cd6c-46e4-3aa2-d3c0ccca7b4c,2020-11-07,2020-11-08,304.88,0.1336699130075391,0,325.0418999999998,289.43,20.161899999999832,325.0418999999998
5fc8e620-ffb1-4003-91f7-48c500d1a6c0,f62dab14-cd6c-46e4-3aa2-d3c0ccca7b4c,2020-11-08,2020-11-09,314.95,0.1338913144947999,0,319.7024611111113,304.88,4.752461111111302,319.7024611111113
5fc8e620-ffb1-4003-91f7-48c500d1a6c0,f62dab14-cd6c-46e4-3aa2-d3c0ccca7b4c,2020-11-09,2020-11-10,319.65,0.2228535580371921,1,0.0,314.95,319.65,314.95
5fc8e620-ffb1-4003-91f7-48c500d1a6c0,f62dab14-cd6c-46e4-3aa2-d3c0ccca7b4c,2020-11-10,2020-11-11,317.14,0.1913426295000835,1,0.0,319.65,317.14,319.65
5fc8e620-ffb1-4003-91f7-48c500d1a6c0,f62dab14-cd6c-46e4-3aa2-d3c0ccca7b4c,2020-11-11,2020-11-12,336.02,0.1343287360094357,0,333.8591666666667,317.14,2.1608333333333007,333.8591666666667
5fc8e620-ffb1-4003-91f7-48c500d1a6c0,f62dab14-cd6c-46e4-3aa2-d3c0ccca7b4c,2020-11-12,2020-11-13,301.06,0.1307873353282911,0,334.36953888888866,336.02,33.30953888888865,334.36953888888866
5fc8e620-ffb1-4003-91f7-48c500d1a6c0,f62dab14-cd6c-46e4-3aa2-d3c0ccca7b4c,2020-11-13,2020-11-14,288.67,0.1194772118622211,0,328.2401611111112,301.06,39.57016111111119,328.2401611111112
5fc8e620-ffb1-4003-91f7-48c500d1a6c0,f62dab14-cd6c-46e4-3aa2-d3c0ccca7b4c,2020-11-14,2020-11-15,305.49,0.1742821130199758,1,0.0,288.67,305.49,288.67
5fc8e620-ffb1-4003-91f7-48c500d1a6c0,f62dab14-cd6c-46e4-3aa2-d3c0ccca7b4c,2020-11-15,2020-11-16,302.19,0.1156543125259778,0,320.98229999999995,305.49,18.792299999999955,320.98229999999995
5fc8e620-ffb1-4003-91f7-48c500d1a6c0,f62dab14-cd6c-46e4-3aa2-d3c0ccca7b4c,2020-11-16,2020-11-17,313.58,0.1975370176824362,1,0.0,302.19,313.58,302.19
5fc8e620-ffb1-4003-91f7-48c500d1a6c0,f62dab14-cd6c-46e4-3aa2-d3c0ccca7b4c,2020-11-17,2020-11-18,306.06,0.169032664280993,1,0.0,313.58,306.06,313.58
5fc8e620-ffb1-4003-91f7-48c500d1a6c0,f62dab14-cd6c-46e4-3aa2-d3c0ccca7b4c,2020-11-18,2020-11-19,312.56,0.1507574884596706,1,0.0,306.06,312.56,306.06
5fc8e620-ffb1-4003-91f7-48c500d1a6c0,f62dab14-cd6c-46e4-3aa2-d3c0ccca7b4c,2020-11-19,2020-11-20,311.76,0.1338414395486556,0,331.68115000000006,312.56,19.92115000000007,331.68115000000006
5fc8e620-ffb1-4003-91f7-48c500d1a6c0,f62dab14-cd6c-46e4-3aa2-d3c0ccca7b4c,2020-11-20,2020-11-21,324.01,0.1520109819335164,1,0.0,311.76,324.01,311.76
5fc8e620-ffb1-4003-91f7-48c500d1a6c0,f62dab14-cd6c-46e4-3aa2-d3c0ccca7b4c,2020-11-21,2020-11-22,309.6,0.1100076797469354,0,327.240561111111,324.01,17.64056111111097,327.240561111111
5fc8e620-ffb1-4003-91f7-48c500d1a6c0,f62dab14-cd6c-46e4-3aa2-d3c0ccca7b4c,2020-11-22,2020-11-23,312.82,0.0999517144936916,0,327.09862222222193,309.6,14.27862222222194,327.09862222222193
5fc8e620-ffb1-4003-91f7-48c500d1a6c0,f62dab14-cd6c-46e4-3aa2-d3c0ccca7b4c,2020-11-23,2020-11-24,338.29,0.1798738315700112,1,0.0,312.82,338.29,312.82
5fc8e620-ffb1-4003-91f7-48c500d1a6c0,f62dab14-cd6c-46e4-3aa2-d3c0ccca7b4c,2020-11-24,2020-11-25,284.98,0.1233427217110643,0,336.071911111111,338.29,51.09191111111096,336.071911111111
5fc8e620-ffb1-4003-91f7-48c500d1a6c0,f62dab14-cd6c-46e4-3aa2-d3c0ccca7b4c,2020-11-25,2020-11-26,311.95,0.1974801520563133,1,0.0,284.98,311.95,284.98
5fc8e620-ffb1-4003-91f7-48c500d1a6c0,f62dab14-cd6c-46e4-3aa2-d3c0ccca7b4c,2020-11-26,2020-11-27,307.16,0.1405808750785562,0,324.14943333333355,311.95,16.989433333333523,324.14943333333355
5fc8e620-ffb1-4003-91f7-48c500d1a6c0,f62dab14-cd6c-46e4-3aa2-d3c0ccca7b4c,2020-11-27,2020-11-28,309.5,0.1615181994010663,1,0.0,307.16,309.5,307.16
5fc8e620-ffb1-4003-91f7-48c500d1a6c0,f62dab14-cd6c-46e4-3aa2-d3c0ccca7b4c,2020-11-28,2020-11-29,317.67,0.2319443283055829,1,0.0,309.5,317.67,309.5
5fc8e620-ffb1-4003-91f7-48c500d1a6c0,f62dab14-cd6c-46e4-3aa2-d3c0ccca7b4c,2020-11-29,2020-11-30,295.82,0.1392158306724173,0,328.0307888888889,317.67,32.210788888888885,328.0307888888889
5fc8e620-ffb1-4003-91f7-48c500d1a6c0,f62dab14-cd6c-46e4-3aa2-d3c0ccca7b4c,2020-11-30,2020-12-01,299.57,0.1660687561046185,1,0.0,295.82,299.57,295.82
5fc8e620-ffb1-4003-91f7-48c500d1a6c0,f62dab14-cd6c-46e4-3aa2-d3c0ccca7b4c,2020-12-01,2020-12-02,319.58,0.1803029919558253,1,0.0,299.57,319.58,299.57
5fc8e620-ffb1-4003-91f7-48c500d1a6c0,f62dab14-cd6c-46e4-3aa2-d3c0ccca7b4c,2020-12-02,2020-12-03,305.5,0.1381058733447674,0,323.697661111111,319.58,18.197661111111017,323.697661111111
5fc8e620-ffb1-4003-91f7-48c500d1a6c0,f62dab14-cd6c-46e4-3aa2-d3c0ccca7b4c,2020-12-03,2020-12-04,293.29,0.1069509617195562,0,331.1294222222221,305.5,37.83942222222208,331.1294222222221
5fc8e620-ffb1-4003-91f7-48c500d1a6c0,f62dab14-cd6c-46e4-3aa2-d3c0ccca7b4c,2020-12-04,2020-12-05,319.86,0.0987357791825306,0,322.2462555555554,293.29,2.386255555555408,322.2462555555554
5fc8e620-ffb1-4003-91f7-48c500d1a6c0,f62dab14-cd6c-46e4-3aa2-d3c0ccca7b4c,2020-12-05,2020-12-06,317.23,0.1781644978444659,1,0.0,319.86,317.23,319.86
5fc8e620-ffb1-4003-91f7-48c500d1a6c0,f62dab14-cd6c-46e4-3aa2-d3c0ccca7b4c,2020-12-06,2020-12-07,309.58,0.1315660919542763,0,334.4784666666667,317.23,24.898466666666707,334.4784666666667
5fc8e620-ffb1-4003-91f7-48c500d1a6c0,f62dab14-cd6c-46e4-3aa2-d3c0ccca7b4c,2020-12-07,2020-12-08,313.31,0.1977037465982115,1,0.0,309.58,313.31,309.58
5fc8e620-ffb1-4003-91f7-48c500d1a6c0,f62dab14-cd6c-46e4-3aa2-d3c0ccca7b4c,2020-12-08,2020-12-09,315.52,0.129372555193443,0,327.95876666666663,313.31,12.438766666666652,327.95876666666663
5fc8e620-ffb1-4003-91f7-48c500d1a6c0,f62dab14-cd6c-46e4-3aa2-d3c0ccca7b4c,2020-12-09,2020-12-10,305.15,0.113695039327839,0,331.88916111111115,315.52,26.739161111111173,331.88916111111115
5fc8e620-ffb1-4003-91f7-48c500d1a6c0,f62dab14-cd6c-46e4-3aa2-d3c0ccca7b4c,2020-12-10,2020-12-11,311.12,0.1533400145047282,1,0.0,305.15,311.12,305.15
5fc8e620-ffb1-4003-91f7-48c500d1a6c0,f62dab14-cd6c-46e4-3aa2-d3c0ccca7b4c,2020-12-11,2020-12-12,288.44,0.1059411351417143,0,323.6172999999999,311.12,35.17729999999989,323.6172999999999
5fc8e620-ffb1-4003-91f7-48c500d1a6c0,f62dab14-cd6c-46e4-3aa2-d3c0ccca7b4c,2020-12-12,2020-12-13,302.82,0.1581129751381661,1,0.0,288.44,302.82,288.44
5fc8e620-ffb1-4003-91f7-48c500d1a6c0,f62dab14-cd6c-46e4-3aa2-d3c0ccca7b4c,2020-12-13,2020-12-14,320.89,0.1119813430864305,0,320.7806055555556,302.82,0.1093944444443764,320.7806055555556
5fc8e620-ffb1-4003-91f7-48c500d1a6c0,f62dab14-cd6c-46e4-3aa2-d3c0ccca7b4c,2020-12-14,2020-12-15,341.09,0.1854901294311604,1,0.0,320.89,341.09,320.89
5fc8e620-ffb1-4003-91f7-48c500d1a6c0,f62dab14-cd6c-46e4-3aa2-d3c0ccca7b4c,2020-12-15,2020-12-16,307.3,0.1118332026404651,0,338.10675555555537,341.09,30.806755555555355,338.10675555555537
5fc8e620-ffb1-4003-91f7-48c500d1a6c0,f62dab14-cd6c-46e4-3aa2-d3c0ccca7b4c,2020-12-16,2020-12-17,291.73,0.1316769877873776,0,334.05708888888904,307.3,42.32708888888902,334.05708888888904
5fc8e620-ffb1-4003-91f7-48c500d1a6c0,f62dab14-cd6c-46e4-3aa2-d3c0ccca7b4c,2020-12-17,2020-12-18,299.67,0.147193834604377,0,323.68227777777804,291.73,24.012277777778024,323.68227777777804
5fc8e620-ffb1-4003-91f7-48c500d1a6c0,f62dab14-cd6c-46e4-3aa2-d3c0ccca7b4c,2020-12-18,2020-12-19,283.5,0.1928246496166768,1,0.0,299.67,283.5,299.67
5fc8e620-ffb1-4003-91f7-48c500d1a6c0,f62dab14-cd6c-46e4-3aa2-d3c0ccca7b4c,2020-12-19,2020-12-20,315.05,0.1684156986138587,1,0.0,283.5,315.05,283.5
5fc8e620-ffb1-4003-91f7-48c500d1a6c0,f62dab14-cd6c-46e4-3aa2-d3c0ccca7b4c,2020-12-20,2020-12-21,305.16,0.1890170112145599,1,0.0,315.05,305.16,315.05
5fc8e620-ffb1-4003-91f7-48c500d1a6c0,f62dab14-cd6c-46e4-3aa2-d3c0ccca7b4c,2020-12-21,2020-12-22,290.08,0.2301494925224382,1,0.0,305.16,290.08,305.16
5fc8e620-ffb1-4003-91f7-48c500d1a6c0,f62dab14-cd6c-46e4-3aa2-d3c0ccca7b4c,2020-12-22,2020-12-23,301.19,0.1453728626347818,0,326.19302222222234,290.08,25.00302222222234,326.19302222222234
5fc8e620-ffb1-4003-91f7-48c500d1a6c0,f62dab14-cd6c-46e4-3aa2-d3c0ccca7b4c,2020-12-23,2020-12-24,314.8,0.0974608584487955,0,321.4457333333334,301.19,6.645733333333396,321.4457333333334
5fc8e620-ffb1-4003-91f7-48c500d1a6c0,f62dab14-cd6c-46e4-3aa2-d3c0ccca7b4c,2020-12-24,2020-12-25,304.46,0.1298183345477837,0,321.40498888888857,314.8,16.944988888888588,321.40498888888857
5fc8e620-ffb1-4003-91f7-48c500d1a6c0,f62dab14-cd6c-46e4-3aa2-d3c0ccca7b4c,2020-12-25,2020-12-26,293.23,0.1328499787670679,0,329.92944444444424,304.46,36.69944444444423,329.92944444444424
5fc8e620-ffb1-4003-91f7-48c500d1a6c0,f62dab14-cd6c-46e4-3aa2-d3c0ccca7b4c,2020-12-26,2020-12-27,319.22,0.1348735187359089,0,317.0206055555556,293.23,2.199394444444465,317.0206055555556
5fc8e620-ffb1-4003-91f7-48c500d1a6c0,f62dab14-cd6c-46e4-3aa2-d3c0ccca7b4c,2020-12-27,2020-12-28,308.35,0.1151730344838019,0,325.1328722222224,319.22,16.782872222222352,325.1328722222224
5fc8e620-ffb1-4003-91f7-48c500d1a6c0,f62dab14-cd6c-46e4-3aa2-d3c0ccca7b4c,2020-12-28,2020-12-29,291.53,0.1746594406343311,1,0.0,308.35,291.53,308.35
5fc8e620-ffb1-4003-91f7-48c500d1a6c0,f62dab14-cd6c-46e4-3aa2-d3c0ccca7b4c,2020-12-29,2020-12-30,303.09,0.1708539125596927,1,0.0,291.53,303.09,291.53
5fc8e620-ffb1-4003-91f7-48c500d1a6c0,f62dab14-cd6c-46e4-3aa2-d3c0ccca7b4c,2020-12-30,2020-12-31,272.15,0.1892913415778198,1,0.0,303.09,272.15,303.09
7868d652-522f-47df-2258-f324d0612e05,acc35770-82ba-4b5f-65e5-17c372a7539a,2020-11-17,2020-11-18,68.03,0.0427111946587605,0,217.95886111111105,64.87,149.92886111111105,217.95886111111105
7868d652-522f-47df-2258-f324d0612e05,acc35770-82ba-4b5f-65e5-17c372a7539a,2020-11-18,2020-11-19,67.32,0.0317315012454132,0,226.7414888888886,68.03,159.4214888888886,226.7414888888886
7868d652-522f-47df-2258-f324d0612e05,acc35770-82ba-4b5f-65e5-17c372a7539a,2020-11-19,2020-11-20,69.09,0.0244871661959133,0,228.24984444444425,67.32,159.15984444444422,228.24984444444425
7868d652-522f-47df-2258-f324d0612e05,acc35770-82ba-4b5f-65e5-17c372a7539a,2020-11-20,2020-11-21,64.79,0.0773228630554474,0,183.33196666666663,69.09,118.54196666666664,183.33196666666663
7868d652-522f-47df-2258-f324d0612e05,acc35770-82ba-4b5f-65e5-17c372a7539a,2020-11-21,2020-11-22,66.89,0.0581364054772853,0,183.5423722222221,64.79,116.6523722222221,183.5423722222221
7868d652-522f-47df-2258-f324d0612e05,acc35770-82ba-4b5f-65e5-17c372a7539a,2020-11-22,2020-11-23,68.93,0.0859272057305361,0,183.99631666666664,66.89,115.06631666666664,183.99631666666664
7868d652-522f-47df-2258-f324d0612e05,acc35770-82ba-4b5f-65e5-17c372a7539a,2020-11-23,2020-11-24,65.39,0.0573261523502075,0,183.36915,68.93,117.97915,183.36915
7868d652-522f-47df-2258-f324d0612e05,acc35770-82ba-4b5f-65e5-17c372a7539a,2020-11-24,2020-11-25,0.0,0.0438333545139394,0,186.84392777777768,65.39,186.84392777777768,186.84392777777768
7868d652-522f-47df-2258-f324d0612e05,acc35770-82ba-4b5f-65e5-17c372a7539a,2020-11-25,2020-11-26,64.56,0.00237841701792,0,186.46032777777765,0.0,121.90032777777763,186.46032777777765
7868d652-522f-47df-2258-f324d0612e05,acc35770-82ba-4b5f-65e5-17c372a7539a,2020-11-26,2020-11-27,71.61,0.0292953388720078,0,182.0490444444445,64.56,110.43904444444448,182.0490444444445
7868d652-522f-47df-2258-f324d0612e05,acc35770-82ba-4b5f-65e5-17c372a7539a,2020-11-27,2020-11-28,66.63,0.050013632385588,0,184.97791666666663,71.61,118.34791666666663,184.97791666666663
7868d652-522f-47df-2258-f324d0612e05,acc35770-82ba-4b5f-65e5-17c372a7539a,2020-11-28,2020-11-29,65.82,0.0462653967063789,0,182.93166666666664,66.63,117.11166666666664,182.93166666666664
7868d652-522f-47df-2258-f324d0612e05,acc35770-82ba-4b5f-65e5-17c372a7539a,2020-11-29,2020-11-30,63.68,0.0413919506853932,0,182.46250555555557,65.82,118.78250555555552,182.46250555555557
7868d652-522f-47df-2258-f324d0612e05,acc35770-82ba-4b5f-65e5-17c372a7539a,2020-11-30,2020-12-01,64.03,0.0358642430720123,0,183.14856666666657,63.68,119.11856666666657,183.14856666666657
7868d652-522f-47df-2258-f324d0612e05,acc35770-82ba-4b5f-65e5-17c372a7539a,2020-12-01,2020-12-02,66.08,0.0332427775282735,0,183.38382777777773,64.03,117.30382777777776,183.38382777777773
7868d652-522f-47df-2258-f324d0612e05,acc35770-82ba-4b5f-65e5-17c372a7539a,2020-12-02,2020-12-03,68.37,0.0345698487510516,0,185.09702777777764,66.08,116.72702777777764,185.09702777777764
7868d652-522f-47df-2258-f324d0612e05,acc35770-82ba-4b5f-65e5-17c372a7539a,2020-12-03,2020-12-04,61.04,0.0390788955121889,0,185.05127777777776,68.37,124.0112777777778,185.05127777777776
7868d652-522f-47df-2258-f324d0612e05,acc35770-82ba-4b5f-65e5-17c372a7539a,2020-12-04,2020-12-05,62.31,0.0384361049674671,0,185.26691666666665,61.04,122.95691666666664,185.26691666666665
7868d652-522f-47df-2258-f324d0612e05,acc35770-82ba-4b5f-65e5-17c372a7539a,2020-12-05,2020-12-06,66.66,0.0547243737898248,0,184.8957,62.31,118.2357,184.8957
7868d652-522f-47df-2258-f324d0612e05,acc35770-82ba-4b5f-65e5-17c372a7539a,2020-12-06,2020-12-07,65.92,0.0496040209176191,0,183.11845555555556,66.66,117.19845555555553,183.11845555555556
7868d652-522f-47df-2258-f324d0612e05,acc35770-82ba-4b5f-65e5-17c372a7539a,2020-12-07,2020-12-08,59.8,0.0562711075984421,0,183.14906111111117,65.92,123.34906111111114,183.14906111111117
7868d652-522f-47df-2258-f324d0612e05,acc35770-82ba-4b5f-65e5-17c372a7539a,2020-12-08,2020-12-09,64.36,0.0504252440435685,0,183.2602277777777,59.8,118.90022777777769,183.2602277777777
7868d652-522f-47df-2258-f324d0612e05,acc35770-82ba-4b5f-65e5-17c372a7539a,2020-12-09,2020-12-10,70.08,0.025175022108759,0,183.17070555555557,64.36,113.09070555555554,183.17070555555557
7868d652-522f-47df-2258-f324d0612e05,acc35770-82ba-4b5f-65e5-17c372a7539a,2020-12-10,2020-12-11,65.52,0.0523071731513469,0,184.6297611111111,70.08,119.10976111111108,184.6297611111111
7868d652-522f-47df-2258-f324d0612e05,acc35770-82ba-4b5f-65e5-17c372a7539a,2020-12-11,2020-12-12,62.83,0.0501708977121397,0,183.0809833333333,65.52,120.25098333333334,183.0809833333333
7868d652-522f-47df-2258-f324d0612e05,acc35770-82ba-4b5f-65e5-17c372a7539a,2020-12-12,2020-12-13,65.14,0.0394218047858453,0,182.9441111111112,62.83,117.80411111111115,182.9441111111112
7868d652-522f-47df-2258-f324d0612e05,acc35770-82ba-4b5f-65e5-17c372a7539a,2020-12-13,2020-12-14,69.99,0.0357494096421331,0,183.26816111111108,65.14,113.27816111111107,183.26816111111108
7868d652-522f-47df-2258-f324d0612e05,acc35770-82ba-4b5f-65e5-17c372a7539a,2020-12-14,2020-12-15,67.41,0.0494652327714185,0,182.24912222222216,69.99,114.83912222222216,182.24912222222216
7868d652-522f-47df-2258-f324d0612e05,acc35770-82ba-4b5f-65e5-17c372a7539a,2020-12-15,2020-12-16,63.27,0.0331487244021631,0,183.82340555555555,67.41,120.55340555555554,183.82340555555555
7868d652-522f-47df-2258-f324d0612e05,acc35770-82ba-4b5f-65e5-17c372a7539a,2020-12-16,2020-12-17,67.3,0.0504827391488176,0,184.66537777777785,63.27,117.36537777777782,184.66537777777785
7868d652-522f-47df-2258-f324d0612e05,acc35770-82ba-4b5f-65e5-17c372a7539a,2020-12-17,2020-12-18,64.55,0.0387638179552789,0,183.8494944444444,67.3,119.2994944444444,183.8494944444444
7868d652-522f-47df-2258-f324d0612e05,acc35770-82ba-4b5f-65e5-17c372a7539a,2020-12-18,2020-12-19,61.78,0.0424531190858993,0,184.3508444444444,64.55,122.57084444444442,184.3508444444444
7868d652-522f-47df-2258-f324d0612e05,acc35770-82ba-4b5f-65e5-17c372a7539a,2020-12-19,2020-12-20,68.88,0.0796250200007747,0,182.83514999999997,61.78,113.95514999999996,182.83514999999997
7868d652-522f-47df-2258-f324d0612e05,acc35770-82ba-4b5f-65e5-17c372a7539a,2020-12-20,2020-12-21,67.32,0.0284938788964195,0,184.53076666666664,68.88,117.21076666666669,184.53076666666664
7868d652-522f-47df-2258-f324d0612e05,acc35770-82ba-4b5f-65e5-17c372a7539a,2020-12-21,2020-12-22,62.74,0.0358218483645921,0,184.5295611111111,67.32,121.78956111111108,184.5295611111111
7868d652-522f-47df-2258-f324d0612e05,acc35770-82ba-4b5f-65e5-17c372a7539a,2020-12-22,2020-12-23,68.72,0.0371541553546556,0,183.7587888888889,62.74,115.03878888888892,183.7587888888889
7868d652-522f-47df-2258-f324d0612e05,acc35770-82ba-4b5f-65e5-17c372a7539a,2020-12-23,2020-12-24,58.74,0.0269688207314642,0,184.6271222222222,68.72,125.8871222222222,184.6271222222222
7868d652-522f-47df-2258-f324d0612e05,acc35770-82ba-4b5f-65e5-17c372a7539a,2020-12-24,2020-12-25,65.57,0.0352442987121065,0,184.19524444444443,58.74,118.62524444444443,184.19524444444443
7868d652-522f-47df-2258-f324d0612e05,acc35770-82ba-4b5f-65e5-17c372a7539a,2020-12-25,2020-12-26,73.23,0.0475385338102492,0,184.89394444444443,65.57,111.66394444444444,184.89394444444443
7868d652-522f-47df-2258-f324d0612e05,acc35770-82ba-4b5f-65e5-17c372a7539a,2020-12-26,2020-12-27,72.59,0.0462588944052289,0,185.21107777777772,73.23,112.62107777777774,185.21107777777772
7868d652-522f-47df-2258-f324d0612e05,acc35770-82ba-4b5f-65e5-17c372a7539a,2020-12-27,2020-12-28,64.65,0.0481620387549901,0,185.26755000000003,72.59,120.61755000000002,185.26755000000003
7868d652-522f-47df-2258-f324d0612e05,acc35770-82ba-4b5f-65e5-17c372a7539a,2020-12-28,2020-12-29,74.93,0.0383275035245196,0,185.99184999999997,64.65,111.06184999999994,185.99184999999997
7868d652-522f-47df-2258-f324d0612e05,acc35770-82ba-4b5f-65e5-17c372a7539a,2020-12-29,2020-12-30,67.61,0.0401143207977337,0,185.96118333333328,74.93,118.35118333333328,185.96118333333328
7868d652-522f-47df-2258-f324d0612e05,acc35770-82ba-4b5f-65e5-17c372a7539a,2020-12-30,2020-12-31,64.99,0.0467969957073355,0,186.33900000000003,67.61,121.34900000000005,186.33900000000003
78ca245f-b5bb-46e8-2b98-be563a65b677,82d7852e-ca6d-4773-18e1-dd4a2cb51f7e,2020-08-23,2020-08-24,0.0,0.0606337200020036,0,1034.469144444445,994.36,1034.469144444445,1034.469144444445
78ca245f-b5bb-46e8-2b98-be563a65b677,82d7852e-ca6d-4773-18e1-dd4a2cb51f7e,2020-08-24,2020-08-25,1071.12,0.0086049910388286,0,1005.3839277777778,0.0,65.7360722222221,1005.3839277777778
78ca245f-b5bb-46e8-2b98-be563a65b677,82d7852e-ca6d-4773-18e1-dd4a2cb51f7e,2020-08-25,2020-08-26,1073.71,0.0347085720555506,0,1057.8154777777768,1071.12,15.89452222222326,1057.8154777777768
78ca245f-b5bb-46e8-2b98-be563a65b677,82d7852e-ca6d-4773-18e1-dd4a2cb51f7e,2020-08-26,2020-08-27,1045.4,0.0499023808835058,0,1021.4851333333332,1073.71,23.914866666666853,1021.4851333333332
78ca245f-b5bb-46e8-2b98-be563a65b677,82d7852e-ca6d-4773-18e1-dd4a2cb51f7e,2020-08-27,2020-08-28,0.0,0.0537037022332715,0,1032.7530666666655,1045.4,1032.7530666666655,1032.7530666666655
78ca245f-b5bb-46e8-2b98-be563a65b677,82d7852e-ca6d-4773-18e1-dd4a2cb51f7e,2020-08-28,2020-08-29,1061.85,0.0281473016648548,0,1017.2328222222212,0.0,44.61717777777858,1017.2328222222212
78ca245f-b5bb-46e8-2b98-be563a65b677,82d7852e-ca6d-4773-18e1-dd4a2cb51f7e,2020-08-29,2020-08-30,982.41,0.0709796273951199,0,1022.9224499999998,1061.85,40.51244999999983,1022.9224499999998
78ca245f-b5bb-46e8-2b98-be563a65b677,82d7852e-ca6d-4773-18e1-dd4a2cb51f7e,2020-08-30,2020-08-31,1068.32,0.1502548017807915,1,0.0,982.41,1068.32,982.41
78ca245f-b5bb-46e8-2b98-be563a65b677,82d7852e-ca6d-4773-18e1-dd4a2cb51f7e,2020-08-31,2020-09-01,965.63,0.0302924635605159,0,1011.0412500000006,1068.32,45.41125000000056,1011.0412500000006
78ca245f-b5bb-46e8-2b98-be563a65b677,82d7852e-ca6d-4773-18e1-dd4a2cb51f7e,2020-09-01,2020-09-02,1056.45,0.0367625223639968,0,1018.6612388888888,965.63,37.788761111111285,1018.6612388888888
78ca245f-b5bb-46e8-2b98-be563a65b677,82d7852e-ca6d-4773-18e1-dd4a2cb51f7e,2020-09-02,2020-09-03,1064.71,0.0580783717886988,0,1030.0878666666663,1056.45,34.62213333333352,1030.0878666666663
78ca245f-b5bb-46e8-2b98-be563a65b677,82d7852e-ca6d-4773-18e1-dd4a2cb51f7e,2020-09-03,2020-09-04,1025.66,0.0723623979212239,0,1032.6403999999998,1064.71,6.98039999999969,1032.6403999999998
78ca245f-b5bb-46e8-2b98-be563a65b677,82d7852e-ca6d-4773-18e1-dd4a2cb51f7e,2020-09-04,2020-09-05,1028.22,0.05789938094204,0,1043.026199999999,1025.66,14.80619999999908,1043.026199999999
78ca245f-b5bb-46e8-2b98-be563a65b677,82d7852e-ca6d-4773-18e1-dd4a2cb51f7e,2020-09-05,2020-09-06,1026.91,0.0695265272249649,0,1013.5429444444444,1028.22,13.367055555555568,1013.5429444444444
78ca245f-b5bb-46e8-2b98-be563a65b677,82d7852e-ca6d-4773-18e1-dd4a2cb51f7e,2020-09-06,2020-09-07,998.52,0.1473731605357262,0,1004.0337055555556,1026.91,5.513705555555475,1004.0337055555556
78ca245f-b5bb-46e8-2b98-be563a65b677,82d7852e-ca6d-4773-18e1-dd4a2cb51f7e,2020-09-07,2020-09-08,981.91,0.0216266410170532,0,1014.3369666666664,998.52,32.426966666666544,1014.3369666666664
78ca245f-b5bb-46e8-2b98-be563a65b677,82d7852e-ca6d-4773-18e1-dd4a2cb51f7e,2020-09-08,2020-09-09,1032.19,0.0329213011153146,0,1020.6353388888888,981.91,11.554661111111272,1020.6353388888888
78ca245f-b5bb-46e8-2b98-be563a65b677,82d7852e-ca6d-4773-18e1-dd4a2cb51f7e,2020-09-09,2020-09-10,1011.9,0.0423808838437563,0,1036.7676000000006,1032.19,24.867600000000607,1036.7676000000006
78ca245f-b5bb-46e8-2b98-be563a65b677,82d7852e-ca6d-4773-18e1-dd4a2cb51f7e,2020-09-10,2020-09-11,1024.25,0.069414801280035,0,1026.8307499999994,1011.9,2.580749999999398,1026.8307499999994
78ca245f-b5bb-46e8-2b98-be563a65b677,82d7852e-ca6d-4773-18e1-dd4a2cb51f7e,2020-09-11,2020-09-12,1041.52,0.07369370270349,0,1037.1199,1024.25,4.400100000000066,1037.1199
78ca245f-b5bb-46e8-2b98-be563a65b677,82d7852e-ca6d-4773-18e1-dd4a2cb51f7e,2020-09-12,2020-09-13,1059.91,0.0501378341639688,0,1012.9356611111114,1041.52,46.97433888888872,1012.9356611111114
78ca245f-b5bb-46e8-2b98-be563a65b677,82d7852e-ca6d-4773-18e1-dd4a2cb51f7e,2020-09-13,2020-09-14,993.88,0.0654579185812783,0,1038.2744333333328,1059.91,44.39443333333281,1038.2744333333328
78ca245f-b5bb-46e8-2b98-be563a65b677,82d7852e-ca6d-4773-18e1-dd4a2cb51f7e,2020-09-14,2020-09-15,973.93,0.0266184258337706,0,1028.3216111111112,993.88,54.39161111111128,1028.3216111111112
78ca245f-b5bb-46e8-2b98-be563a65b677,82d7852e-ca6d-4773-18e1-dd4a2cb51f7e,2020-09-15,2020-09-16,1006.56,0.0456985977929676,0,1032.1741055555551,973.93,25.6141055555554,1032.1741055555551
78ca245f-b5bb-46e8-2b98-be563a65b677,82d7852e-ca6d-4773-18e1-dd4a2cb51f7e,2020-09-16,2020-09-17,998.79,0.0358509394536077,0,1031.761583333333,1006.56,32.971583333333,1031.761583333333
78ca245f-b5bb-46e8-2b98-be563a65b677,82d7852e-ca6d-4773-18e1-dd4a2cb51f7e,2020-09-17,2020-09-18,934.28,0.0766407692247476,0,1035.3223500000006,998.79,101.04235000000062,1035.3223500000006
78ca245f-b5bb-46e8-2b98-be563a65b677,82d7852e-ca6d-4773-18e1-dd4a2cb51f7e,2020-09-18,2020-09-19,989.88,0.0727156886732443,0,1010.7160666666664,934.28,20.836066666666284,1010.7160666666664
78ca245f-b5bb-46e8-2b98-be563a65b677,82d7852e-ca6d-4773-18e1-dd4a2cb51f7e,2020-09-19,2020-09-20,970.7,0.0339469147949213,0,1027.1139777777776,989.88,56.41397777777752,1027.1139777777776
78ca245f-b5bb-46e8-2b98-be563a65b677,82d7852e-ca6d-4773-18e1-dd4a2cb51f7e,2020-09-20,2020-09-21,989.69,0.0908193233209951,0,1017.0956611111108,970.7,27.405661111110817,1017.0956611111108
78ca245f-b5bb-46e8-2b98-be563a65b677,82d7852e-ca6d-4773-18e1-dd4a2cb51f7e,2020-09-21,2020-09-22,1019.79,0.0277131081647994,0,1040.050433333333,989.69,20.26043333333314,1040.050433333333
78ca245f-b5bb-46e8-2b98-be563a65b677,82d7852e-ca6d-4773-18e1-dd4a2cb51f7e,2020-09-22,2020-09-23,900.59,0.0470189504699206,0,1041.8366166666667,1019.79,141.24661666666668,1041.8366166666667
78ca245f-b5bb-46e8-2b98-be563a65b677,82d7852e-ca6d-4773-18e1-dd4a2cb51f7e,2020-09-23,2020-09-24,1013.31,0.0295862565786059,0,1014.3424944444444,900.59,1.0324944444445237,1014.3424944444444
78ca245f-b5bb-46e8-2b98-be563a65b677,82d7852e-ca6d-4773-18e1-dd4a2cb51f7e,2020-09-24,2020-09-25,1043.47,0.1096368505559192,0,1022.5873666666675,1013.31,20.88263333333248,1022.5873666666675
78ca245f-b5bb-46e8-2b98-be563a65b677,82d7852e-ca6d-4773-18e1-dd4a2cb51f7e,2020-09-25,2020-09-26,1024.21,0.0633707556379033,0,1022.9490666666668,1043.47,1.2609333333332415,1022.9490666666668
78ca245f-b5bb-46e8-2b98-be563a65b677,82d7852e-ca6d-4773-18e1-dd4a2cb51f7e,2020-09-26,2020-09-27,963.88,0.0509342765303179,0,1033.3826166666672,1024.21,69.50261666666722,1033.3826166666672
78ca245f-b5bb-46e8-2b98-be563a65b677,82d7852e-ca6d-4773-18e1-dd4a2cb51f7e,2020-09-27,2020-09-28,1097.71,0.0993241560215495,0,1008.9768222222228,963.88,88.7331777777772,1008.9768222222228
78ca245f-b5bb-46e8-2b98-be563a65b677,82d7852e-ca6d-4773-18e1-dd4a2cb51f7e,2020-09-28,2020-09-29,949.47,0.0503655875056366,0,1029.4126,1097.71,79.94259999999986,1029.4126
78ca245f-b5bb-46e8-2b98-be563a65b677,82d7852e-ca6d-4773-18e1-dd4a2cb51f7e,2020-09-29,2020-09-30,1010.26,0.0740859476864657,0,1024.3618555555554,949.47,14.101855555555405,1024.3618555555554
78ca245f-b5bb-46e8-2b98-be563a65b677,82d7852e-ca6d-4773-18e1-dd4a2cb51f7e,2020-09-30,2020-10-01,1092.86,0.0451426234095148,0,1023.153527777778,1010.26,69.70647222222203,1023.153527777778
78ca245f-b5bb-46e8-2b98-be563a65b677,82d7852e-ca6d-4773-18e1-dd4a2cb51f7e,2020-10-01,2020-10-02,0.0,0.0860240165168865,0,1033.0600499999994,1092.86,1033.0600499999994,1033.0600499999994
78ca245f-b5bb-46e8-2b98-be563a65b677,82d7852e-ca6d-4773-18e1-dd4a2cb51f7e,2020-10-02,2020-10-03,987.74,0.0173402318190051,0,1036.0402333333338,0.0,48.30023333333384,1036.0402333333338
78ca245f-b5bb-46e8-2b98-be563a65b677,82d7852e-ca6d-4773-18e1-dd4a2cb51f7e,2020-10-03,2020-10-04,1004.91,0.1227186481855815,0,1034.9359055555556,987.74,30.0259055555556,1034.9359055555556
78ca245f-b5bb-46e8-2b98-be563a65b677,82d7852e-ca6d-4773-18e1-dd4a2cb51f7e,2020-10-04,2020-10-05,1027.05,0.1205277898451106,0,1014.364405555556,1004.91,12.685594444444064,1014.364405555556
78ca245f-b5bb-46e8-2b98-be563a65b677,82d7852e-ca6d-4773-18e1-dd4a2cb51f7e,2020-10-05,2020-10-06,1133.99,0.0670295051063556,0,1021.945061111112,1027.05,112.04493888888804,1021.945061111112
78ca245f-b5bb-46e8-2b98-be563a65b677,82d7852e-ca6d-4773-18e1-dd4a2cb51f7e,2020-10-06,2020-10-07,1011.82,0.0529130258734632,0,1041.0111,1133.99,29.19109999999989,1041.0111
78ca245f-b5bb-46e8-2b98-be563a65b677,82d7852e-ca6d-4773-18e1-dd4a2cb51f7e,2020-10-07,2020-10-08,996.85,0.0730603452138637,0,1045.3050388888892,1011.82,48.455038888889135,1045.3050388888892
78ca245f-b5bb-46e8-2b98-be563a65b677,82d7852e-ca6d-4773-18e1-dd4a2cb51f7e,2020-10-08,2020-10-09,1017.87,0.0577042611854236,0,1023.1082277777784,996.85,5.23822777777832,1023.1082277777784
78ca245f-b5bb-46e8-2b98-be563a65b677,82d7852e-ca6d-4773-18e1-dd4a2cb51f7e,2020-10-09,2020-10-10,908.07,0.0673610845975055,0,1039.3225555555557,1017.87,131.25255555555543,1039.3225555555557
78ca245f-b5bb-46e8-2b98-be563a65b677,82d7852e-ca6d-4773-18e1-dd4a2cb51f7e,2020-10-10,2020-10-11,1055.77,0.1193570213386048,0,1021.52388888889,908.07,34.246111111110054,1021.52388888889
78ca245f-b5bb-46e8-2b98-be563a65b677,82d7852e-ca6d-4773-18e1-dd4a2cb51f7e,2020-10-11,2020-10-12,1112.48,0.1272946304620708,0,1034.1969111111114,1055.77,78.28308888888864,1034.1969111111114
78ca245f-b5bb-46e8-2b98-be563a65b677,82d7852e-ca6d-4773-18e1-dd4a2cb51f7e,2020-10-12,2020-10-13,1117.09,0.0594139456840083,0,1031.0354777777775,1112.48,86.05452222222243,1031.0354777777775
78ca245f-b5bb-46e8-2b98-be563a65b677,82d7852e-ca6d-4773-18e1-dd4a2cb51f7e,2020-10-13,2020-10-14,1012.31,0.0812167872632242,0,1042.126011111111,1117.09,29.81601111111104,1042.126011111111
78ca245f-b5bb-46e8-2b98-be563a65b677,82d7852e-ca6d-4773-18e1-dd4a2cb51f7e,2020-10-14,2020-10-15,949.58,0.1377259094389288,0,1018.048711111112,1012.31,68.46871111111204,1018.048711111112
78ca245f-b5bb-46e8-2b98-be563a65b677,82d7852e-ca6d-4773-18e1-dd4a2cb51f7e,2020-10-15,2020-10-16,966.02,0.1001205754326528,0,1017.3518444444449,949.58,51.33184444444487,1017.3518444444449
78ca245f-b5bb-46e8-2b98-be563a65b677,82d7852e-ca6d-4773-18e1-dd4a2cb51f7e,2020-10-16,2020-10-17,988.98,0.1130375985924511,0,1024.2914833333332,966.02,35.31148333333317,1024.2914833333332
78ca245f-b5bb-46e8-2b98-be563a65b677,82d7852e-ca6d-4773-18e1-dd4a2cb51f7e,2020-10-17,2020-10-18,976.37,0.0954311594421918,0,1021.3863777777776,988.98,45.01637777777773,1021.3863777777776
78ca245f-b5bb-46e8-2b98-be563a65b677,82d7852e-ca6d-4773-18e1-dd4a2cb51f7e,2020-10-18,2020-10-19,963.94,0.0685465691077719,0,1021.2241333333336,976.37,57.28413333333344,1021.2241333333336
78ca245f-b5bb-46e8-2b98-be563a65b677,82d7852e-ca6d-4773-18e1-dd4a2cb51f7e,2020-10-19,2020-10-20,957.71,0.069620786303405,0,1017.9084611111113,963.94,60.1984611111111,1017.9084611111113
78ca245f-b5bb-46e8-2b98-be563a65b677,82d7852e-ca6d-4773-18e1-dd4a2cb51f7e,2020-10-20,2020-10-21,951.94,0.0756123682771131,0,1017.9455611111106,957.71,66.00556111111052,1017.9455611111106
78ca245f-b5bb-46e8-2b98-be563a65b677,82d7852e-ca6d-4773-18e1-dd4a2cb51f7e,2020-10-21,2020-10-22,925.15,0.0934698629467768,0,1015.8059333333342,951.94,90.65593333333425,1015.8059333333342
78ca245f-b5bb-46e8-2b98-be563a65b677,82d7852e-ca6d-4773-18e1-dd4a2cb51f7e,2020-10-22,2020-10-23,1007.56,0.0663982494474253,0,1014.3822444444444,925.15,6.822244444444323,1014.3822444444444
78ca245f-b5bb-46e8-2b98-be563a65b677,82d7852e-ca6d-4773-18e1-dd4a2cb51f7e,2020-10-23,2020-10-24,0.0,0.1210698932995241,0,1013.3388055555562,1007.56,1013.3388055555562,1013.3388055555562
78ca245f-b5bb-46e8-2b98-be563a65b677,82d7852e-ca6d-4773-18e1-dd4a2cb51f7e,2020-10-26,2020-10-27,1039.05,0.054208793254,0,1041.526472222222,1071.85,2.476472222222128,1041.526472222222
78ca245f-b5bb-46e8-2b98-be563a65b677,82d7852e-ca6d-4773-18e1-dd4a2cb51f7e,2020-10-27,2020-10-28,0.0,0.0745103944872014,0,1032.6275833333332,1039.05,1032.6275833333332,1032.6275833333332
78ca245f-b5bb-46e8-2b98-be563a65b677,82d7852e-ca6d-4773-18e1-dd4a2cb51f7e,2020-10-28,2020-10-29,927.66,0.0197612559571569,0,1008.6485277777766,0.0,80.98852777777665,1008.6485277777766
78ca245f-b5bb-46e8-2b98-be563a65b677,82d7852e-ca6d-4773-18e1-dd4a2cb51f7e,2020-10-29,2020-10-30,941.77,0.100701861013047,0,959.5784083333326,927.66,17.808408333332636,959.5784083333326
78ca245f-b5bb-46e8-2b98-be563a65b677,82d7852e-ca6d-4773-18e1-dd4a2cb51f7e,2020-10-30,2020-10-31,963.0,0.1321335829206152,0,985.2214388888884,941.77,22.22143888888843,985.2214388888884
78ca245f-b5bb-46e8-2b98-be563a65b677,82d7852e-ca6d-4773-18e1-dd4a2cb51f7e,2020-10-31,2020-11-01,970.91,0.1359356470833498,0,996.9533222222224,963.0,26.0433222222224,996.9533222222224
78ca245f-b5bb-46e8-2b98-be563a65b677,82d7852e-ca6d-4773-18e1-dd4a2cb51f7e,2020-11-01,2020-11-02,0.0,0.1131988434961801,0,999.3606499999996,970.91,999.3606499999996,999.3606499999996
78ca245f-b5bb-46e8-2b98-be563a65b677,82d7852e-ca6d-4773-18e1-dd4a2cb51f7e,2020-11-02,2020-11-03,1055.99,0.0175636003552052,0,1006.3347222222222,0.0,49.65527777777777,1006.3347222222222
78ca245f-b5bb-46e8-2b98-be563a65b677,82d7852e-ca6d-4773-18e1-dd4a2cb51f7e,2020-11-03,2020-11-04,1056.95,0.0673829005240263,0,1004.1867777777784,1055.99,52.76322222222166,1004.1867777777784
78ca245f-b5bb-46e8-2b98-be563a65b677,82d7852e-ca6d-4773-18e1-dd4a2cb51f7e,2020-11-04,2020-11-05,941.56,0.1279289060922278,0,1016.6573999999996,1056.95,75.09739999999977,1016.6573999999996
78ca245f-b5bb-46e8-2b98-be563a65b677,82d7852e-ca6d-4773-18e1-dd4a2cb51f7e,2020-11-05,2020-11-06,968.32,0.0959557306383186,0,1008.2772500000004,941.56,39.95725000000027,1008.2772500000004
78ca245f-b5bb-46e8-2b98-be563a65b677,82d7852e-ca6d-4773-18e1-dd4a2cb51f7e,2020-11-06,2020-11-07,937.68,0.1320336902902473,0,1002.4190277777776,968.32,64.73902777777778,1002.4190277777776
78ca245f-b5bb-46e8-2b98-be563a65b677,82d7852e-ca6d-4773-18e1-dd4a2cb51f7e,2020-11-07,2020-11-08,941.71,0.1615905893744444,1,0.0,937.68,941.71,937.68
78ca245f-b5bb-46e8-2b98-be563a65b677,82d7852e-ca6d-4773-18e1-dd4a2cb51f7e,2020-11-08,2020-11-09,1036.67,0.1240431890475093,0,1001.8812555555564,941.71,34.78874444444375,1001.8812555555564
78ca245f-b5bb-46e8-2b98-be563a65b677,82d7852e-ca6d-4773-18e1-dd4a2cb51f7e,2020-11-09,2020-11-10,935.82,0.0872385832269365,0,1022.6485888888888,1036.67,86.82858888888882,1022.6485888888888
78ca245f-b5bb-46e8-2b98-be563a65b677,82d7852e-ca6d-4773-18e1-dd4a2cb51f7e,2020-11-10,2020-11-11,989.68,0.0869086893109725,0,1011.8414333333336,935.82,22.161433333333548,1011.8414333333336
78ca245f-b5bb-46e8-2b98-be563a65b677,82d7852e-ca6d-4773-18e1-dd4a2cb51f7e,2020-11-11,2020-11-12,847.74,0.109835077163454,0,1018.7659500000008,989.68,171.02595000000088,1018.7659500000008
78ca245f-b5bb-46e8-2b98-be563a65b677,82d7852e-ca6d-4773-18e1-dd4a2cb51f7e,2020-11-12,2020-11-13,0.0,0.1107760626415992,0,1007.99615,847.74,1007.99615,1007.99615
78ca245f-b5bb-46e8-2b98-be563a65b677,82d7852e-ca6d-4773-18e1-dd4a2cb51f7e,2020-11-13,2020-11-14,981.65,0.0131001107149024,0,977.5645277777774,0.0,4.08547222222262,977.5645277777774
78ca245f-b5bb-46e8-2b98-be563a65b677,82d7852e-ca6d-4773-18e1-dd4a2cb51f7e,2020-11-14,2020-11-15,1020.49,0.1056005888506001,0,1008.146322222222,981.65,12.343677777777998,1008.146322222222
78ca245f-b5bb-46e8-2b98-be563a65b677,82d7852e-ca6d-4773-18e1-dd4a2cb51f7e,2020-11-15,2020-11-16,991.32,0.1139773631794349,0,1019.2940944444445,1020.49,27.974094444444404,1019.2940944444445
78ca245f-b5bb-46e8-2b98-be563a65b677,82d7852e-ca6d-4773-18e1-dd4a2cb51f7e,2020-11-16,2020-11-17,991.89,0.0740365247034281,0,1017.2203944444452,991.32,25.33039444444512,1017.2203944444452
78ca245f-b5bb-46e8-2b98-be563a65b677,82d7852e-ca6d-4773-18e1-dd4a2cb51f7e,2020-11-17,2020-11-18,937.5,0.0827181626745752,0,1005.7512333333336,991.89,68.25123333333374,1005.7512333333336
78ca245f-b5bb-46e8-2b98-be563a65b677,82d7852e-ca6d-4773-18e1-dd4a2cb51f7e,2020-11-18,2020-11-19,923.71,0.103883200865076,0,1012.3251666666667,937.5,88.61516666666682,1012.3251666666667
78ca245f-b5bb-46e8-2b98-be563a65b677,82d7852e-ca6d-4773-18e1-dd4a2cb51f7e,2020-11-19,2020-11-20,881.35,0.1171810200671547,0,985.006583333334,923.71,103.65658333333396,985.006583333334
78ca245f-b5bb-46e8-2b98-be563a65b677,82d7852e-ca6d-4773-18e1-dd4a2cb51f7e,2020-11-20,2020-11-21,1067.33,0.1215941873149877,0,993.711627777778,881.35,73.61837222222198,993.711627777778
78ca245f-b5bb-46e8-2b98-be563a65b677,82d7852e-ca6d-4773-18e1-dd4a2cb51f7e,2020-11-21,2020-11-22,1041.2,0.1246240870922763,0,1018.9883222222225,1067.33,22.21167777777771,1018.9883222222225
78ca245f-b5bb-46e8-2b98-be563a65b677,82d7852e-ca6d-4773-18e1-dd4a2cb51f7e,2020-11-22,2020-11-23,1036.94,0.1256834993483932,0,1016.5057055555558,1041.2,20.43429444444428,1016.5057055555558
78ca245f-b5bb-46e8-2b98-be563a65b677,82d7852e-ca6d-4773-18e1-dd4a2cb51f7e,2020-11-23,2020-11-24,956.57,0.091569299541685,0,1010.803655555556,1036.94,54.23365555555597,1010.803655555556
78ca245f-b5bb-46e8-2b98-be563a65b677,82d7852e-ca6d-4773-18e1-dd4a2cb51f7e,2020-11-24,2020-11-25,1008.16,0.0954670974972175,0,1022.4226833333336,956.57,14.262683333333484,1022.4226833333336
78ca245f-b5bb-46e8-2b98-be563a65b677,82d7852e-ca6d-4773-18e1-dd4a2cb51f7e,2020-11-25,2020-11-26,939.17,0.1177893652090921,0,1017.6348222222224,1008.16,78.46482222222244,1017.6348222222224
78ca245f-b5bb-46e8-2b98-be563a65b677,82d7852e-ca6d-4773-18e1-dd4a2cb51f7e,2020-11-26,2020-11-27,1031.33,0.1349503907587396,0,1015.1327055555552,939.17,16.19729444444465,1015.1327055555552
78ca245f-b5bb-46e8-2b98-be563a65b677,82d7852e-ca6d-4773-18e1-dd4a2cb51f7e,2020-11-27,2020-11-28,964.78,0.1628100905985811,1,0.0,1031.33,964.78,1031.33
78ca245f-b5bb-46e8-2b98-be563a65b677,82d7852e-ca6d-4773-18e1-dd4a2cb51f7e,2020-11-28,2020-11-29,949.72,0.1326575322860618,0,1011.8972666666672,964.78,62.17726666666704,1011.8972666666672
78ca245f-b5bb-46e8-2b98-be563a65b677,82d7852e-ca6d-4773-18e1-dd4a2cb51f7e,2020-11-29,2020-11-30,926.6,0.1356083203383786,0,1010.9230500000008,949.72,84.32305000000065,1010.9230500000008
78ca245f-b5bb-46e8-2b98-be563a65b677,82d7852e-ca6d-4773-18e1-dd4a2cb51f7e,2020-11-30,2020-12-01,960.64,0.0939867137172582,0,1005.1160833333338,926.6,44.47608333333381,1005.1160833333338
78ca245f-b5bb-46e8-2b98-be563a65b677,82d7852e-ca6d-4773-18e1-dd4a2cb51f7e,2020-12-01,2020-12-02,918.07,0.0813581132777265,0,1005.9500833333334,960.64,87.88008333333335,1005.9500833333334
78ca245f-b5bb-46e8-2b98-be563a65b677,82d7852e-ca6d-4773-18e1-dd4a2cb51f7e,2020-12-02,2020-12-03,895.76,0.1027056966718356,0,1015.436827777778,918.07,119.67682777777804,1015.436827777778
78ca245f-b5bb-46e8-2b98-be563a65b677,82d7852e-ca6d-4773-18e1-dd4a2cb51f7e,2020-12-03,2020-12-04,945.45,0.1373918546438582,0,991.3950166666672,895.76,45.94501666666724,991.3950166666672
78ca245f-b5bb-46e8-2b98-be563a65b677,82d7852e-ca6d-4773-18e1-dd4a2cb51f7e,2020-12-04,2020-12-05,983.7,0.1497984449446039,0,1003.3158777777784,945.45,19.615877777778223,1003.3158777777784
78ca245f-b5bb-46e8-2b98-be563a65b677,82d7852e-ca6d-4773-18e1-dd4a2cb51f7e,2020-12-05,2020-12-06,949.74,0.159415758790861,1,0.0,983.7,949.74,983.7
78ca245f-b5bb-46e8-2b98-be563a65b677,82d7852e-ca6d-4773-18e1-dd4a2cb51f7e,2020-12-06,2020-12-07,923.71,0.1306375816154392,0,1000.7748500000002,949.74,77.0648500000002,1000.7748500000002
78ca245f-b5bb-46e8-2b98-be563a65b677,82d7852e-ca6d-4773-18e1-dd4a2cb51f7e,2020-12-07,2020-12-08,1127.37,0.0880007869731481,0,1001.5437277777786,923.71,125.82627222222128,1001.5437277777786
78ca245f-b5bb-46e8-2b98-be563a65b677,82d7852e-ca6d-4773-18e1-dd4a2cb51f7e,2020-12-08,2020-12-09,943.87,0.0701352175389486,0,1022.4289499999998,1127.37,78.55894999999975,1022.4289499999998
78ca245f-b5bb-46e8-2b98-be563a65b677,82d7852e-ca6d-4773-18e1-dd4a2cb51f7e,2020-12-09,2020-12-10,1027.52,0.1078054459107664,0,1021.2517499999994,943.87,6.268250000000535,1021.2517499999994
78ca245f-b5bb-46e8-2b98-be563a65b677,82d7852e-ca6d-4773-18e1-dd4a2cb51f7e,2020-12-10,2020-12-11,871.45,0.1017358364026325,0,1001.8132055555564,1027.52,130.3632055555563,1001.8132055555564
78ca245f-b5bb-46e8-2b98-be563a65b677,82d7852e-ca6d-4773-18e1-dd4a2cb51f7e,2020-12-11,2020-12-12,837.56,0.1436035328402499,0,1008.5745166666665,871.45,171.0145166666665,1008.5745166666665
78ca245f-b5bb-46e8-2b98-be563a65b677,82d7852e-ca6d-4773-18e1-dd4a2cb51f7e,2020-12-12,2020-12-13,1035.3,0.1512797702588015,1,0.0,837.56,1035.3,837.56
78ca245f-b5bb-46e8-2b98-be563a65b677,82d7852e-ca6d-4773-18e1-dd4a2cb51f7e,2020-12-13,2020-12-14,974.86,0.1027164039334702,0,1007.6519777777784,1035.3,32.79197777777836,1007.6519777777784
78ca245f-b5bb-46e8-2b98-be563a65b677,82d7852e-ca6d-4773-18e1-dd4a2cb51f7e,2020-12-14,2020-12-15,1005.52,0.0771863970752306,0,999.3930333333332,974.86,6.126966666666704,999.3930333333332
78ca245f-b5bb-46e8-2b98-be563a65b677,82d7852e-ca6d-4773-18e1-dd4a2cb51f7e,2020-12-15,2020-12-16,988.94,0.0932246191999592,0,1025.891755555556,1005.52,36.95175555555602,1025.891755555556
78ca245f-b5bb-46e8-2b98-be563a65b677,82d7852e-ca6d-4773-18e1-dd4a2cb51f7e,2020-12-16,2020-12-17,887.11,0.1116849348191639,0,1015.1782944444446,988.94,128.06829444444463,1015.1782944444446
78ca245f-b5bb-46e8-2b98-be563a65b677,82d7852e-ca6d-4773-18e1-dd4a2cb51f7e,2020-12-17,2020-12-18,971.84,0.1222776293839896,0,1009.5963611111118,887.11,37.7563611111118,1009.5963611111118
78ca245f-b5bb-46e8-2b98-be563a65b677,82d7852e-ca6d-4773-18e1-dd4a2cb51f7e,2020-12-18,2020-12-19,0.0,0.1153331674728203,0,988.5025222222228,971.84,988.5025222222228,988.5025222222228
78ca245f-b5bb-46e8-2b98-be563a65b677,82d7852e-ca6d-4773-18e1-dd4a2cb51f7e,2020-12-19,2020-12-20,877.75,0.0354277231585617,0,986.4925499999996,0.0,108.74254999999948,986.4925499999996
78ca245f-b5bb-46e8-2b98-be563a65b677,82d7852e-ca6d-4773-18e1-dd4a2cb51f7e,2020-12-20,2020-12-21,937.53,0.1135319456781547,0,999.0173166666664,877.75,61.48731666666629,999.0173166666664
78ca245f-b5bb-46e8-2b98-be563a65b677,82d7852e-ca6d-4773-18e1-dd4a2cb51f7e,2020-12-21,2020-12-22,986.26,0.0999280580203398,0,991.8802666666672,937.53,5.620266666667135,991.8802666666672
78ca245f-b5bb-46e8-2b98-be563a65b677,82d7852e-ca6d-4773-18e1-dd4a2cb51f7e,2020-12-22,2020-12-23,906.14,0.0870052226889334,0,1012.9939555555568,986.26,106.8539555555568,1012.9939555555568
78ca245f-b5bb-46e8-2b98-be563a65b677,82d7852e-ca6d-4773-18e1-dd4a2cb51f7e,2020-12-23,2020-12-24,1005.29,0.1159828303234053,0,1005.8325666666672,906.14,0.5425666666671987,1005.8325666666672
78ca245f-b5bb-46e8-2b98-be563a65b677,82d7852e-ca6d-4773-18e1-dd4a2cb51f7e,2020-12-24,2020-12-25,915.38,0.1080810204391075,0,999.6391500000004,1005.29,84.25915000000055,999.6391500000004
78ca245f-b5bb-46e8-2b98-be563a65b677,82d7852e-ca6d-4773-18e1-dd4a2cb51f7e,2020-12-25,2020-12-26,857.38,0.1556018227438286,1,0.0,915.38,857.38,915.38
78ca245f-b5bb-46e8-2b98-be563a65b677,82d7852e-ca6d-4773-18e1-dd4a2cb51f7e,2020-12-26,2020-12-27,972.08,0.1496859383248491,0,981.3188611111116,857.38,9.23886111111142,981.3188611111116
78ca245f-b5bb-46e8-2b98-be563a65b677,82d7852e-ca6d-4773-18e1-dd4a2cb51f7e,2020-12-27,2020-12-28,1005.04,0.1314495857256571,0,985.7252166666672,972.08,19.314783333332684,985.7252166666672
78ca245f-b5bb-46e8-2b98-be563a65b677,82d7852e-ca6d-4773-18e1-dd4a2cb51f7e,2020-12-28,2020-12-29,1022.28,0.0897257049811458,0,999.780105555556,1005.04,22.499894444443957,999.780105555556
78ca245f-b5bb-46e8-2b98-be563a65b677,82d7852e-ca6d-4773-18e1-dd4a2cb51f7e,2020-12-29,2020-12-30,1040.17,0.071796534544411,0,1018.8292777777784,1022.28,21.34072222222153,1018.8292777777784
78ca245f-b5bb-46e8-2b98-be563a65b677,82d7852e-ca6d-4773-18e1-dd4a2cb51f7e,2020-12-30,2020-12-31,879.49,0.1051963078151872,0,1006.019811111111,1040.17,126.52981111111104,1006.019811111111
7e3a71bd-9226-4838-4aca-0f0f0811ab1f,291aa1c6-c027-45a2-a129-c24ef9759940,2020-08-23,2020-08-24,24.77,0.1923459052064694,1,0.0,23.93,24.77,23.93
7e3a71bd-9226-4838-4aca-0f0f0811ab1f,291aa1c6-c027-45a2-a129-c24ef9759940,2020-08-24,2020-08-25,23.19,0.3457399751849727,1,0.0,24.77,23.19,24.77
7e3a71bd-9226-4838-4aca-0f0f0811ab1f,291aa1c6-c027-45a2-a129-c24ef9759940,2020-08-25,2020-08-26,25.19,0.2686283466068225,1,0.0,23.19,25.19,23.19
7e3a71bd-9226-4838-4aca-0f0f0811ab1f,291aa1c6-c027-45a2-a129-c24ef9759940,2020-08-26,2020-08-27,23.41,0.2816049545077465,1,0.0,25.19,23.41,25.19
7e3a71bd-9226-4838-4aca-0f0f0811ab1f,291aa1c6-c027-45a2-a129-c24ef9759940,2020-08-27,2020-08-28,22.75,0.2923064547689706,1,0.0,23.41,22.75,23.41
7e3a71bd-9226-4838-4aca-0f0f0811ab1f,291aa1c6-c027-45a2-a129-c24ef9759940,2020-08-28,2020-08-29,0.0,0.195178333671767,1,0.0,22.75,0.0,22.75
7e3a71bd-9226-4838-4aca-0f0f0811ab1f,291aa1c6-c027-45a2-a129-c24ef9759940,2020-08-29,2020-08-30,22.97,0.0150186380270745,0,23.045538888888903,0.0,0.0755388888889072,23.045538888888903
7e3a71bd-9226-4838-4aca-0f0f0811ab1f,291aa1c6-c027-45a2-a129-c24ef9759940,2020-08-30,2020-08-31,25.51,0.3107087291643162,1,0.0,22.97,25.51,22.97
7e3a71bd-9226-4838-4aca-0f0f0811ab1f,291aa1c6-c027-45a2-a129-c24ef9759940,2020-08-31,2020-09-01,22.92,0.3101761385428135,1,0.0,25.51,22.92,25.51
7e3a71bd-9226-4838-4aca-0f0f0811ab1f,291aa1c6-c027-45a2-a129-c24ef9759940,2020-09-01,2020-09-02,0.0,0.3465226829280039,1,0.0,22.92,0.0,22.92
7e3a71bd-9226-4838-4aca-0f0f0811ab1f,291aa1c6-c027-45a2-a129-c24ef9759940,2020-09-02,2020-09-03,22.14,0.0084606816345931,0,23.12793333333333,0.0,0.9879333333333342,23.12793333333333
7e3a71bd-9226-4838-4aca-0f0f0811ab1f,291aa1c6-c027-45a2-a129-c24ef9759940,2020-09-03,2020-09-04,24.3,0.3059287077059968,1,0.0,22.14,24.3,22.14
7e3a71bd-9226-4838-4aca-0f0f0811ab1f,291aa1c6-c027-45a2-a129-c24ef9759940,2020-09-04,2020-09-05,21.58,0.2762593489776476,1,0.0,24.3,21.58,24.3
7e3a71bd-9226-4838-4aca-0f0f0811ab1f,291aa1c6-c027-45a2-a129-c24ef9759940,2020-09-05,2020-09-06,21.48,0.2380890942557613,1,0.0,21.58,21.48,21.58
7e3a71bd-9226-4838-4aca-0f0f0811ab1f,291aa1c6-c027-45a2-a129-c24ef9759940,2020-09-06,2020-09-07,21.37,0.2851164174532768,1,0.0,21.48,21.37,21.48
7e3a71bd-9226-4838-4aca-0f0f0811ab1f,291aa1c6-c027-45a2-a129-c24ef9759940,2020-09-07,2020-09-08,21.52,0.2770930460760522,1,0.0,21.37,21.52,21.37
7e3a71bd-9226-4838-4aca-0f0f0811ab1f,291aa1c6-c027-45a2-a129-c24ef9759940,2020-09-08,2020-09-09,0.0,0.414547108723294,1,0.0,21.52,0.0,21.52
7e3a71bd-9226-4838-4aca-0f0f0811ab1f,291aa1c6-c027-45a2-a129-c24ef9759940,2020-09-09,2020-09-10,23.05,0.0083666285084827,0,23.14482222222223,0.0,0.0948222222222305,23.14482222222223
7e3a71bd-9226-4838-4aca-0f0f0811ab1f,291aa1c6-c027-45a2-a129-c24ef9759940,2020-09-10,2020-09-11,21.43,0.3380797161783177,1,0.0,23.05,21.43,23.05
7e3a71bd-9226-4838-4aca-0f0f0811ab1f,291aa1c6-c027-45a2-a129-c24ef9759940,2020-09-11,2020-09-12,22.92,0.3041221283791822,1,0.0,21.43,22.92,21.43
7e3a71bd-9226-4838-4aca-0f0f0811ab1f,291aa1c6-c027-45a2-a129-c24ef9759940,2020-09-12,2020-09-13,0.0,0.3127462884638654,1,0.0,22.92,0.0,22.92
7e3a71bd-9226-4838-4aca-0f0f0811ab1f,291aa1c6-c027-45a2-a129-c24ef9759940,2020-09-13,2020-09-14,22.9,0.0088871665100873,0,23.06366666666667,0.0,0.1636666666666713,23.06366666666667
7e3a71bd-9226-4838-4aca-0f0f0811ab1f,291aa1c6-c027-45a2-a129-c24ef9759940,2020-09-14,2020-09-15,20.1,0.3844522116093512,1,0.0,22.9,20.1,22.9
7e3a71bd-9226-4838-4aca-0f0f0811ab1f,291aa1c6-c027-45a2-a129-c24ef9759940,2020-09-15,2020-09-16,23.93,0.3569783687994063,1,0.0,20.1,23.93,20.1
7e3a71bd-9226-4838-4aca-0f0f0811ab1f,291aa1c6-c027-45a2-a129-c24ef9759940,2020-09-16,2020-09-17,23.61,0.239421537420739,1,0.0,23.93,23.61,23.93
7e3a71bd-9226-4838-4aca-0f0f0811ab1f,291aa1c6-c027-45a2-a129-c24ef9759940,2020-09-17,2020-09-18,22.84,0.2414564416336569,1,0.0,23.61,22.84,23.61
7e3a71bd-9226-4838-4aca-0f0f0811ab1f,291aa1c6-c027-45a2-a129-c24ef9759940,2020-09-18,2020-09-19,24.38,0.3060517886822919,1,0.0,22.84,24.38,22.84
7e3a71bd-9226-4838-4aca-0f0f0811ab1f,291aa1c6-c027-45a2-a129-c24ef9759940,2020-09-19,2020-09-20,24.15,0.2962721811921583,1,0.0,24.38,24.15,24.38
7e3a71bd-9226-4838-4aca-0f0f0811ab1f,291aa1c6-c027-45a2-a129-c24ef9759940,2020-09-20,2020-09-21,21.18,0.2094231271505527,1,0.0,24.15,21.18,24.15
7e3a71bd-9226-4838-4aca-0f0f0811ab1f,291aa1c6-c027-45a2-a129-c24ef9759940,2020-09-21,2020-09-22,23.91,0.4091126571760995,1,0.0,21.18,23.91,21.18
7e3a71bd-9226-4838-4aca-0f0f0811ab1f,291aa1c6-c027-45a2-a129-c24ef9759940,2020-09-22,2020-09-23,21.94,0.2045632925489275,1,0.0,23.91,21.94,23.91
7e3a71bd-9226-4838-4aca-0f0f0811ab1f,291aa1c6-c027-45a2-a129-c24ef9759940,2020-09-23,2020-09-24,21.43,0.2316555426876002,1,0.0,21.94,21.43,21.94
7e3a71bd-9226-4838-4aca-0f0f0811ab1f,291aa1c6-c027-45a2-a129-c24ef9759940,2020-09-24,2020-09-25,23.18,0.199955271462138,1,0.0,21.43,23.18,21.43
7e3a71bd-9226-4838-4aca-0f0f0811ab1f,291aa1c6-c027-45a2-a129-c24ef9759940,2020-09-25,2020-09-26,21.85,0.3064900280836487,1,0.0,23.18,21.85,23.18
7e3a71bd-9226-4838-4aca-0f0f0811ab1f,291aa1c6-c027-45a2-a129-c24ef9759940,2020-09-26,2020-09-27,23.93,0.1569013795769315,1,0.0,21.85,23.93,21.85
7e3a71bd-9226-4838-4aca-0f0f0811ab1f,291aa1c6-c027-45a2-a129-c24ef9759940,2020-09-27,2020-09-28,23.09,0.2366696576673028,1,0.0,23.93,23.09,23.93
7e3a71bd-9226-4838-4aca-0f0f0811ab1f,291aa1c6-c027-45a2-a129-c24ef9759940,2020-09-28,2020-09-29,24.37,0.4053105689948381,1,0.0,23.09,24.37,23.09
7e3a71bd-9226-4838-4aca-0f0f0811ab1f,291aa1c6-c027-45a2-a129-c24ef9759940,2020-09-29,2020-09-30,22.48,0.2048644444584884,1,0.0,24.37,22.48,24.37
7e3a71bd-9226-4838-4aca-0f0f0811ab1f,291aa1c6-c027-45a2-a129-c24ef9759940,2020-09-30,2020-10-01,23.9,0.2693984281232552,1,0.0,22.48,23.9,22.48
7e3a71bd-9226-4838-4aca-0f0f0811ab1f,291aa1c6-c027-45a2-a129-c24ef9759940,2020-10-01,2020-10-02,22.22,0.261493116492439,1,0.0,23.9,22.22,23.9
7e3a71bd-9226-4838-4aca-0f0f0811ab1f,291aa1c6-c027-45a2-a129-c24ef9759940,2020-10-02,2020-10-03,24.04,0.2206476151909071,1,0.0,22.22,24.04,22.22
7e3a71bd-9226-4838-4aca-0f0f0811ab1f,291aa1c6-c027-45a2-a129-c24ef9759940,2020-10-03,2020-10-04,23.15,0.1790348223386984,1,0.0,24.04,23.15,24.04
7e3a71bd-9226-4838-4aca-0f0f0811ab1f,291aa1c6-c027-45a2-a129-c24ef9759940,2020-10-04,2020-10-05,22.39,0.1953600283190026,1,0.0,23.15,22.39,23.15
7e3a71bd-9226-4838-4aca-0f0f0811ab1f,291aa1c6-c027-45a2-a129-c24ef9759940,2020-10-05,2020-10-06,24.75,0.3179955253533607,1,0.0,22.39,24.75,22.39
7e3a71bd-9226-4838-4aca-0f0f0811ab1f,291aa1c6-c027-45a2-a129-c24ef9759940,2020-10-06,2020-10-07,21.58,0.2644647586944185,1,0.0,24.75,21.58,24.75
7e3a71bd-9226-4838-4aca-0f0f0811ab1f,291aa1c6-c027-45a2-a129-c24ef9759940,2020-10-07,2020-10-08,22.44,0.2461050199163251,1,0.0,21.58,22.44,21.58
7e3a71bd-9226-4838-4aca-0f0f0811ab1f,291aa1c6-c027-45a2-a129-c24ef9759940,2020-10-08,2020-10-09,23.3,0.1780188750213465,1,0.0,22.44,23.3,22.44
7e3a71bd-9226-4838-4aca-0f0f0811ab1f,291aa1c6-c027-45a2-a129-c24ef9759940,2020-10-09,2020-10-10,23.29,0.2317663094201947,1,0.0,23.3,23.29,23.3
7e3a71bd-9226-4838-4aca-0f0f0811ab1f,291aa1c6-c027-45a2-a129-c24ef9759940,2020-10-10,2020-10-11,21.34,0.1734110979335026,1,0.0,23.29,21.34,23.29
7e3a71bd-9226-4838-4aca-0f0f0811ab1f,291aa1c6-c027-45a2-a129-c24ef9759940,2020-10-11,2020-10-12,21.06,0.2215981537169695,1,0.0,21.34,21.06,21.34
7e3a71bd-9226-4838-4aca-0f0f0811ab1f,291aa1c6-c027-45a2-a129-c24ef9759940,2020-10-12,2020-10-13,21.96,0.3533734745746997,1,0.0,21.06,21.96,21.06
7e3a71bd-9226-4838-4aca-0f0f0811ab1f,291aa1c6-c027-45a2-a129-c24ef9759940,2020-10-13,2020-10-14,22.64,0.2485701237642736,1,0.0,21.96,22.64,21.96
7e3a71bd-9226-4838-4aca-0f0f0811ab1f,291aa1c6-c027-45a2-a129-c24ef9759940,2020-10-14,2020-10-15,21.88,0.2382729605020451,1,0.0,22.64,21.88,22.64
7e3a71bd-9226-4838-4aca-0f0f0811ab1f,291aa1c6-c027-45a2-a129-c24ef9759940,2020-10-15,2020-10-16,22.6,0.2724012570768219,1,0.0,21.88,22.6,21.88
7e3a71bd-9226-4838-4aca-0f0f0811ab1f,291aa1c6-c027-45a2-a129-c24ef9759940,2020-10-16,2020-10-17,24.07,0.26057332663339,1,0.0,22.6,24.07,22.6
7e3a71bd-9226-4838-4aca-0f0f0811ab1f,291aa1c6-c027-45a2-a129-c24ef9759940,2020-10-17,2020-10-18,22.82,0.2082921975551679,1,0.0,24.07,22.82,24.07
7e3a71bd-9226-4838-4aca-0f0f0811ab1f,291aa1c6-c027-45a2-a129-c24ef9759940,2020-10-18,2020-10-19,22.35,0.1954548303334524,1,0.0,22.82,22.35,22.82
7e3a71bd-9226-4838-4aca-0f0f0811ab1f,291aa1c6-c027-45a2-a129-c24ef9759940,2020-10-19,2020-10-20,23.13,0.2975301460345382,1,0.0,22.35,23.13,22.35
7e3a71bd-9226-4838-4aca-0f0f0811ab1f,291aa1c6-c027-45a2-a129-c24ef9759940,2020-10-20,2020-10-21,21.82,0.2638412253107181,1,0.0,23.13,21.82,23.13
7e3a71bd-9226-4838-4aca-0f0f0811ab1f,291aa1c6-c027-45a2-a129-c24ef9759940,2020-10-21,2020-10-22,21.68,0.2012772625885145,1,0.0,21.82,21.68,21.82
7e3a71bd-9226-4838-4aca-0f0f0811ab1f,291aa1c6-c027-45a2-a129-c24ef9759940,2020-10-22,2020-10-23,21.78,0.2239533482953137,1,0.0,21.68,21.78,21.68
7e3a71bd-9226-4838-4aca-0f0f0811ab1f,291aa1c6-c027-45a2-a129-c24ef9759940,2020-10-23,2020-10-24,22.41,0.2657301249571947,1,0.0,21.78,22.41,21.78
7e3a71bd-9226-4838-4aca-0f0f0811ab1f,291aa1c6-c027-45a2-a129-c24ef9759940,2020-10-24,2020-10-25,23.94,0.147683220931292,0,23.44868333333333,22.41,0.4913166666666662,23.44868333333333
7e3a71bd-9226-4838-4aca-0f0f0811ab1f,291aa1c6-c027-45a2-a129-c24ef9759940,2020-10-25,2020-10-26,23.39,0.187872301573753,1,0.0,23.94,23.39,23.94
7e3a71bd-9226-4838-4aca-0f0f0811ab1f,291aa1c6-c027-45a2-a129-c24ef9759940,2020-10-26,2020-10-27,23.48,0.3920639909778622,1,0.0,23.39,23.48,23.39
7e3a71bd-9226-4838-4aca-0f0f0811ab1f,291aa1c6-c027-45a2-a129-c24ef9759940,2020-10-27,2020-10-28,20.9,0.2144607865563735,1,0.0,23.48,20.9,23.48
7e3a71bd-9226-4838-4aca-0f0f0811ab1f,291aa1c6-c027-45a2-a129-c24ef9759940,2020-10-28,2020-10-29,21.59,0.3068632584831912,1,0.0,20.9,21.59,20.9
7e3a71bd-9226-4838-4aca-0f0f0811ab1f,291aa1c6-c027-45a2-a129-c24ef9759940,2020-10-29,2020-10-30,23.64,0.2389035042414762,1,0.0,21.59,23.64,21.59
7e3a71bd-9226-4838-4aca-0f0f0811ab1f,291aa1c6-c027-45a2-a129-c24ef9759940,2020-10-30,2020-10-31,22.3,0.2711938606204496,1,0.0,23.64,22.3,23.64
7e3a71bd-9226-4838-4aca-0f0f0811ab1f,291aa1c6-c027-45a2-a129-c24ef9759940,2020-10-31,2020-11-01,21.2,0.1592143209994888,1,0.0,22.3,21.2,22.3
7e3a71bd-9226-4838-4aca-0f0f0811ab1f,291aa1c6-c027-45a2-a129-c24ef9759940,2020-11-01,2020-11-02,23.38,0.1257413385992897,0,23.433299999999992,21.2,0.053299999999993,23.433299999999992
7e3a71bd-9226-4838-4aca-0f0f0811ab1f,291aa1c6-c027-45a2-a129-c24ef9759940,2020-11-02,2020-11-03,20.46,0.2595235124378778,1,0.0,23.38,20.46,23.38
7e3a71bd-9226-4838-4aca-0f0f0811ab1f,291aa1c6-c027-45a2-a129-c24ef9759940,2020-11-03,2020-11-04,22.71,0.1865064368016497,1,0.0,20.46,22.71,20.46
7e3a71bd-9226-4838-4aca-0f0f0811ab1f,291aa1c6-c027-45a2-a129-c24ef9759940,2020-11-04,2020-11-05,20.81,0.2411706869749158,1,0.0,22.71,20.81,22.71
7e3a71bd-9226-4838-4aca-0f0f0811ab1f,291aa1c6-c027-45a2-a129-c24ef9759940,2020-11-05,2020-11-06,23.0,0.2141333093667133,1,0.0,20.81,23.0,20.81
7e3a71bd-9226-4838-4aca-0f0f0811ab1f,291aa1c6-c027-45a2-a129-c24ef9759940,2020-11-06,2020-11-07,22.0,0.1575601314859522,1,0.0,23.0,22.0,23.0
7e3a71bd-9226-4838-4aca-0f0f0811ab1f,291aa1c6-c027-45a2-a129-c24ef9759940,2020-11-07,2020-11-08,22.99,0.2232341217528379,1,0.0,22.0,22.99,22.0
7e3a71bd-9226-4838-4aca-0f0f0811ab1f,291aa1c6-c027-45a2-a129-c24ef9759940,2020-11-08,2020-11-09,21.32,0.1461426903143326,0,23.418766666666677,22.99,2.0987666666666733,23.418766666666677
7e3a71bd-9226-4838-4aca-0f0f0811ab1f,291aa1c6-c027-45a2-a129-c24ef9759940,2020-11-09,2020-11-10,20.29,0.2220541845387255,1,0.0,21.32,20.29,21.32
7e3a71bd-9226-4838-4aca-0f0f0811ab1f,291aa1c6-c027-45a2-a129-c24ef9759940,2020-11-10,2020-11-11,21.44,0.2475727730201058,1,0.0,20.29,21.44,20.29
7e3a71bd-9226-4838-4aca-0f0f0811ab1f,291aa1c6-c027-45a2-a129-c24ef9759940,2020-11-11,2020-11-12,20.62,0.253975053127196,1,0.0,21.44,20.62,21.44
7e3a71bd-9226-4838-4aca-0f0f0811ab1f,291aa1c6-c027-45a2-a129-c24ef9759940,2020-11-12,2020-11-13,21.83,0.2059981993803626,1,0.0,20.62,21.83,20.62
7e3a71bd-9226-4838-4aca-0f0f0811ab1f,291aa1c6-c027-45a2-a129-c24ef9759940,2020-11-13,2020-11-14,21.55,0.1708074590596832,1,0.0,21.83,21.55,21.83
7e3a71bd-9226-4838-4aca-0f0f0811ab1f,291aa1c6-c027-45a2-a129-c24ef9759940,2020-11-14,2020-11-15,23.41,0.2263080327126902,1,0.0,21.55,23.41,21.55
7e3a71bd-9226-4838-4aca-0f0f0811ab1f,291aa1c6-c027-45a2-a129-c24ef9759940,2020-11-15,2020-11-16,21.02,0.2182275820137345,1,0.0,23.41,21.02,23.41
7e3a71bd-9226-4838-4aca-0f0f0811ab1f,291aa1c6-c027-45a2-a129-c24ef9759940,2020-11-16,2020-11-17,21.19,0.2818852523129529,1,0.0,21.02,21.19,21.02
7e3a71bd-9226-4838-4aca-0f0f0811ab1f,291aa1c6-c027-45a2-a129-c24ef9759940,2020-11-17,2020-11-18,21.05,0.2772974487599713,1,0.0,21.19,21.05,21.19
7e3a71bd-9226-4838-4aca-0f0f0811ab1f,291aa1c6-c027-45a2-a129-c24ef9759940,2020-11-18,2020-11-19,22.66,0.2766651546936636,1,0.0,21.05,22.66,21.05
7e3a71bd-9226-4838-4aca-0f0f0811ab1f,291aa1c6-c027-45a2-a129-c24ef9759940,2020-11-19,2020-11-20,22.07,0.1863412917251548,1,0.0,22.66,22.07,22.66
7e3a71bd-9226-4838-4aca-0f0f0811ab1f,291aa1c6-c027-45a2-a129-c24ef9759940,2020-11-20,2020-11-21,0.0,0.2277835929554542,1,0.0,22.07,0.0,22.07
7e3a71bd-9226-4838-4aca-0f0f0811ab1f,291aa1c6-c027-45a2-a129-c24ef9759940,2020-11-21,2020-11-22,24.41,0.0116000992366755,0,23.38908888888888,0.0,1.0209111111111184,23.38908888888888
7e3a71bd-9226-4838-4aca-0f0f0811ab1f,291aa1c6-c027-45a2-a129-c24ef9759940,2020-11-22,2020-11-23,22.76,0.2510974295812164,1,0.0,24.41,22.76,24.41
7e3a71bd-9226-4838-4aca-0f0f0811ab1f,291aa1c6-c027-45a2-a129-c24ef9759940,2020-11-23,2020-11-24,21.31,0.2360896052984971,1,0.0,22.76,21.31,22.76
7e3a71bd-9226-4838-4aca-0f0f0811ab1f,291aa1c6-c027-45a2-a129-c24ef9759940,2020-11-24,2020-11-25,19.64,0.2685728945695271,1,0.0,21.31,19.64,21.31
7e3a71bd-9226-4838-4aca-0f0f0811ab1f,291aa1c6-c027-45a2-a129-c24ef9759940,2020-11-25,2020-11-26,21.85,0.2647511754508981,1,0.0,19.64,21.85,19.64
7e3a71bd-9226-4838-4aca-0f0f0811ab1f,291aa1c6-c027-45a2-a129-c24ef9759940,2020-11-26,2020-11-27,21.31,0.2225149689800222,1,0.0,21.85,21.31,21.85
7e3a71bd-9226-4838-4aca-0f0f0811ab1f,291aa1c6-c027-45a2-a129-c24ef9759940,2020-11-27,2020-11-28,21.19,0.2208561961328925,1,0.0,21.31,21.19,21.31
7e3a71bd-9226-4838-4aca-0f0f0811ab1f,291aa1c6-c027-45a2-a129-c24ef9759940,2020-11-28,2020-11-29,22.27,0.1959796357139594,1,0.0,21.19,22.27,21.19
7e3a71bd-9226-4838-4aca-0f0f0811ab1f,291aa1c6-c027-45a2-a129-c24ef9759940,2020-11-29,2020-11-30,22.35,0.1604805263372039,1,0.0,22.27,22.35,22.27
7e3a71bd-9226-4838-4aca-0f0f0811ab1f,291aa1c6-c027-45a2-a129-c24ef9759940,2020-11-30,2020-12-01,24.04,0.2673846878131667,1,0.0,22.35,24.04,22.35
7e3a71bd-9226-4838-4aca-0f0f0811ab1f,291aa1c6-c027-45a2-a129-c24ef9759940,2020-12-01,2020-12-02,20.3,0.1789652925935984,1,0.0,24.04,20.3,24.04
7e3a71bd-9226-4838-4aca-0f0f0811ab1f,291aa1c6-c027-45a2-a129-c24ef9759940,2020-12-02,2020-12-03,22.85,0.2517420250243458,1,0.0,20.3,22.85,20.3
7e3a71bd-9226-4838-4aca-0f0f0811ab1f,291aa1c6-c027-45a2-a129-c24ef9759940,2020-12-03,2020-12-04,20.4,0.1741853561661436,1,0.0,22.85,20.4,22.85
7e3a71bd-9226-4838-4aca-0f0f0811ab1f,291aa1c6-c027-45a2-a129-c24ef9759940,2020-12-04,2020-12-05,22.34,0.2104453939197008,1,0.0,20.4,22.34,20.4
7e3a71bd-9226-4838-4aca-0f0f0811ab1f,291aa1c6-c027-45a2-a129-c24ef9759940,2020-12-05,2020-12-06,21.52,0.1842531193196336,1,0.0,22.34,21.52,22.34
7e3a71bd-9226-4838-4aca-0f0f0811ab1f,291aa1c6-c027-45a2-a129-c24ef9759940,2020-12-06,2020-12-07,22.19,0.1852847788985336,1,0.0,21.52,22.19,21.52
7e3a71bd-9226-4838-4aca-0f0f0811ab1f,291aa1c6-c027-45a2-a129-c24ef9759940,2020-12-07,2020-12-08,22.44,0.2833988992636202,1,0.0,22.19,22.44,22.19
7e3a71bd-9226-4838-4aca-0f0f0811ab1f,291aa1c6-c027-45a2-a129-c24ef9759940,2020-12-08,2020-12-09,0.0,0.2106059175645552,1,0.0,22.44,0.0,22.44
7e3a71bd-9226-4838-4aca-0f0f0811ab1f,291aa1c6-c027-45a2-a129-c24ef9759940,2020-12-09,2020-12-10,19.95,0.0147395168387578,0,23.557999999999986,0.0,3.607999999999983,23.557999999999986
7e3a71bd-9226-4838-4aca-0f0f0811ab1f,291aa1c6-c027-45a2-a129-c24ef9759940,2020-12-10,2020-12-11,21.72,0.2772935100851381,1,0.0,19.95,21.72,19.95
7e3a71bd-9226-4838-4aca-0f0f0811ab1f,291aa1c6-c027-45a2-a129-c24ef9759940,2020-12-11,2020-12-12,19.48,0.2341965442968495,1,0.0,21.72,19.48,21.72
7e3a71bd-9226-4838-4aca-0f0f0811ab1f,291aa1c6-c027-45a2-a129-c24ef9759940,2020-12-12,2020-12-13,22.01,0.2294185653397223,1,0.0,19.48,22.01,19.48
7e3a71bd-9226-4838-4aca-0f0f0811ab1f,291aa1c6-c027-45a2-a129-c24ef9759940,2020-12-13,2020-12-14,21.68,0.2242137892985451,1,0.0,22.01,21.68,22.01
7e3a71bd-9226-4838-4aca-0f0f0811ab1f,291aa1c6-c027-45a2-a129-c24ef9759940,2020-12-14,2020-12-15,19.7,0.2550250606099517,1,0.0,21.68,19.7,21.68
7e3a71bd-9226-4838-4aca-0f0f0811ab1f,291aa1c6-c027-45a2-a129-c24ef9759940,2020-12-15,2020-12-16,22.04,0.2142470520981833,1,0.0,19.7,22.04,19.7
7e3a71bd-9226-4838-4aca-0f0f0811ab1f,291aa1c6-c027-45a2-a129-c24ef9759940,2020-12-16,2020-12-17,22.03,0.1736555293905849,1,0.0,22.04,22.03,22.04
7e3a71bd-9226-4838-4aca-0f0f0811ab1f,291aa1c6-c027-45a2-a129-c24ef9759940,2020-12-17,2020-12-18,20.14,0.1989902518563474,1,0.0,22.03,20.14,22.03
7e3a71bd-9226-4838-4aca-0f0f0811ab1f,291aa1c6-c027-45a2-a129-c24ef9759940,2020-12-18,2020-12-19,21.99,0.2171977241146729,1,0.0,20.14,21.99,20.14
7e3a71bd-9226-4838-4aca-0f0f0811ab1f,291aa1c6-c027-45a2-a129-c24ef9759940,2020-12-19,2020-12-20,20.98,0.1792463522777009,1,0.0,21.99,20.98,21.99
7e3a71bd-9226-4838-4aca-0f0f0811ab1f,291aa1c6-c027-45a2-a129-c24ef9759940,2020-12-20,2020-12-21,19.5,0.1974797946913787,1,0.0,20.98,19.5,20.98
7e3a71bd-9226-4838-4aca-0f0f0811ab1f,291aa1c6-c027-45a2-a129-c24ef9759940,2020-12-21,2020-12-22,22.52,0.2979737299031021,1,0.0,19.5,22.52,19.5
7e3a71bd-9226-4838-4aca-0f0f0811ab1f,291aa1c6-c027-45a2-a129-c24ef9759940,2020-12-22,2020-12-23,21.27,0.249250252180413,1,0.0,22.52,21.27,22.52
7e3a71bd-9226-4838-4aca-0f0f0811ab1f,291aa1c6-c027-45a2-a129-c24ef9759940,2020-12-23,2020-12-24,22.85,0.2238970912880211,1,0.0,21.27,22.85,21.27
7e3a71bd-9226-4838-4aca-0f0f0811ab1f,291aa1c6-c027-45a2-a129-c24ef9759940,2020-12-24,2020-12-25,20.27,0.2126748436320995,1,0.0,22.85,20.27,22.85
7e3a71bd-9226-4838-4aca-0f0f0811ab1f,291aa1c6-c027-45a2-a129-c24ef9759940,2020-12-25,2020-12-26,20.97,0.1722165524798088,1,0.0,20.27,20.97,20.27
7e3a71bd-9226-4838-4aca-0f0f0811ab1f,291aa1c6-c027-45a2-a129-c24ef9759940,2020-12-26,2020-12-27,21.44,0.1851056489729934,1,0.0,20.97,21.44,20.97
7e3a71bd-9226-4838-4aca-0f0f0811ab1f,291aa1c6-c027-45a2-a129-c24ef9759940,2020-12-27,2020-12-28,22.24,0.2019590238391571,1,0.0,21.44,22.24,21.44
7e3a71bd-9226-4838-4aca-0f0f0811ab1f,291aa1c6-c027-45a2-a129-c24ef9759940,2020-12-28,2020-12-29,20.45,0.2626639523953254,1,0.0,22.24,20.45,22.24
7e3a71bd-9226-4838-4aca-0f0f0811ab1f,291aa1c6-c027-45a2-a129-c24ef9759940,2020-12-29,2020-12-30,21.68,0.2441624379343351,1,0.0,20.45,21.68,20.45
7e3a71bd-9226-4838-4aca-0f0f0811ab1f,291aa1c6-c027-45a2-a129-c24ef9759940,2020-12-30,2020-12-31,20.18,0.1894205414999229,1,0.0,21.68,20.18,21.68
84698b4a-7f22-48b6-e721-f2f41496c96a,fd03d0d4-e46a-488c-fa66-6d525011cbb7,2020-08-23,2020-08-24,260.03,0.0121924779906388,0,256.3806777777777,232.39,3.649322222222281,256.3806777777777
84698b4a-7f22-48b6-e721-f2f41496c96a,fd03d0d4-e46a-488c-fa66-6d525011cbb7,2020-08-24,2020-08-25,253.83,0.0049953862544537,0,260.3917055555558,260.03,6.56170555555579,260.3917055555558
84698b4a-7f22-48b6-e721-f2f41496c96a,fd03d0d4-e46a-488c-fa66-6d525011cbb7,2020-08-25,2020-08-26,239.79,0.0201338381799289,0,249.41718333333336,253.83,9.627183333333392,249.41718333333336
84698b4a-7f22-48b6-e721-f2f41496c96a,fd03d0d4-e46a-488c-fa66-6d525011cbb7,2020-08-26,2020-08-27,246.95,0.0154163712815946,0,252.94208333333333,239.79,5.9920833333333405,252.94208333333333
84698b4a-7f22-48b6-e721-f2f41496c96a,fd03d0d4-e46a-488c-fa66-6d525011cbb7,2020-08-27,2020-08-28,252.85,0.0273148859285115,0,257.50963333333345,246.95,4.65963333333346,257.50963333333345
84698b4a-7f22-48b6-e721-f2f41496c96a,fd03d0d4-e46a-488c-fa66-6d525011cbb7,2020-08-28,2020-08-29,0.0,0.0123384353364378,0,252.1280888888889,252.85,252.1280888888889,252.1280888888889
84698b4a-7f22-48b6-e721-f2f41496c96a,fd03d0d4-e46a-488c-fa66-6d525011cbb7,2020-08-29,2020-08-30,250.75,0.0011941979479944,0,255.36579444444428,0.0,4.615794444444276,255.36579444444428
84698b4a-7f22-48b6-e721-f2f41496c96a,fd03d0d4-e46a-488c-fa66-6d525011cbb7,2020-08-30,2020-08-31,229.62,0.0074443042575108,0,246.59168888888863,250.75,16.97168888888865,246.59168888888863
84698b4a-7f22-48b6-e721-f2f41496c96a,fd03d0d4-e46a-488c-fa66-6d525011cbb7,2020-08-31,2020-09-01,268.0,0.0157340875373301,0,252.15425555555544,229.62,15.845744444444565,252.15425555555544
84698b4a-7f22-48b6-e721-f2f41496c96a,fd03d0d4-e46a-488c-fa66-6d525011cbb7,2020-09-01,2020-09-02,250.61,0.0183620196439855,0,258.2638611111111,268.0,7.653861111111098,258.2638611111111
84698b4a-7f22-48b6-e721-f2f41496c96a,fd03d0d4-e46a-488c-fa66-6d525011cbb7,2020-09-02,2020-09-03,236.93,0.0181138707664376,0,254.9873,250.61,18.0573,254.9873
84698b4a-7f22-48b6-e721-f2f41496c96a,fd03d0d4-e46a-488c-fa66-6d525011cbb7,2020-09-03,2020-09-04,221.26,0.0153343822684925,0,250.95415555555556,236.93,29.69415555555554,250.95415555555556
84698b4a-7f22-48b6-e721-f2f41496c96a,fd03d0d4-e46a-488c-fa66-6d525011cbb7,2020-09-04,2020-09-05,263.32,0.0200437871049921,0,244.3328333333334,221.26,18.98716666666658,244.3328333333334
84698b4a-7f22-48b6-e721-f2f41496c96a,fd03d0d4-e46a-488c-fa66-6d525011cbb7,2020-09-05,2020-09-06,257.09,0.0297851192964334,0,250.86281388888872,263.32,6.227186111111251,250.86281388888872
84698b4a-7f22-48b6-e721-f2f41496c96a,fd03d0d4-e46a-488c-fa66-6d525011cbb7,2020-09-06,2020-09-07,252.56,0.0122720314139716,0,253.49685555555536,257.09,0.9368555555553826,253.49685555555536
84698b4a-7f22-48b6-e721-f2f41496c96a,fd03d0d4-e46a-488c-fa66-6d525011cbb7,2020-09-07,2020-09-08,260.83,0.0114403819397674,0,249.70340000000007,252.56,11.126599999999913,249.70340000000007
84698b4a-7f22-48b6-e721-f2f41496c96a,fd03d0d4-e46a-488c-fa66-6d525011cbb7,2020-09-08,2020-09-09,260.69,0.0171392064772262,0,258.4538611111112,260.83,2.2361388888887745,258.4538611111112
84698b4a-7f22-48b6-e721-f2f41496c96a,fd03d0d4-e46a-488c-fa66-6d525011cbb7,2020-09-09,2020-09-10,252.04,0.0176650694897524,0,256.8003666666665,260.69,4.760366666666499,256.8003666666665
84698b4a-7f22-48b6-e721-f2f41496c96a,fd03d0d4-e46a-488c-fa66-6d525011cbb7,2020-09-10,2020-09-11,246.34,0.0225497766086456,0,252.41640555555549,252.04,6.076405555555482,252.41640555555549
84698b4a-7f22-48b6-e721-f2f41496c96a,fd03d0d4-e46a-488c-fa66-6d525011cbb7,2020-09-11,2020-09-12,244.24,0.0186142570580639,0,247.78954444444457,246.34,3.549544444444564,247.78954444444457
84698b4a-7f22-48b6-e721-f2f41496c96a,fd03d0d4-e46a-488c-fa66-6d525011cbb7,2020-09-12,2020-09-13,254.59,0.0134266706554656,0,250.84816111111127,244.24,3.741838888888736,250.84816111111127
84698b4a-7f22-48b6-e721-f2f41496c96a,fd03d0d4-e46a-488c-fa66-6d525011cbb7,2020-09-13,2020-09-14,267.21,0.0232791062725983,0,257.3269833333333,254.59,9.883016666666665,257.3269833333333
84698b4a-7f22-48b6-e721-f2f41496c96a,fd03d0d4-e46a-488c-fa66-6d525011cbb7,2020-09-14,2020-09-15,247.79,0.0191749775481815,0,256.23837222222227,267.21,8.448372222222275,256.23837222222227
84698b4a-7f22-48b6-e721-f2f41496c96a,fd03d0d4-e46a-488c-fa66-6d525011cbb7,2020-09-15,2020-09-16,268.04,0.0111296952777489,0,250.4855277777777,247.79,17.55447222222233,250.4855277777777
84698b4a-7f22-48b6-e721-f2f41496c96a,fd03d0d4-e46a-488c-fa66-6d525011cbb7,2020-09-16,2020-09-17,253.54,0.0216122229235627,0,257.31063888888883,268.04,3.77063888888884,257.31063888888883
84698b4a-7f22-48b6-e721-f2f41496c96a,fd03d0d4-e46a-488c-fa66-6d525011cbb7,2020-09-17,2020-09-18,253.52,0.0230793248453806,0,257.0956833333334,253.54,3.5756833333333877,257.0956833333334
84698b4a-7f22-48b6-e721-f2f41496c96a,fd03d0d4-e46a-488c-fa66-6d525011cbb7,2020-09-18,2020-09-19,280.4,0.0303946790164857,0,254.11929444444465,253.52,26.28070555555536,254.11929444444465
84698b4a-7f22-48b6-e721-f2f41496c96a,fd03d0d4-e46a-488c-fa66-6d525011cbb7,2020-09-19,2020-09-20,269.93,0.0419939300303768,0,255.65504444444448,280.4,14.27495555555555,255.65504444444448
84698b4a-7f22-48b6-e721-f2f41496c96a,fd03d0d4-e46a-488c-fa66-6d525011cbb7,2020-09-20,2020-09-21,270.16,0.0339347061359225,0,254.22576666666689,269.93,15.93423333333314,254.22576666666689
84698b4a-7f22-48b6-e721-f2f41496c96a,fd03d0d4-e46a-488c-fa66-6d525011cbb7,2020-09-21,2020-09-22,238.59,0.0105126959596989,0,255.91496666666677,270.16,17.32496666666674,255.91496666666677
84698b4a-7f22-48b6-e721-f2f41496c96a,fd03d0d4-e46a-488c-fa66-6d525011cbb7,2020-09-22,2020-09-23,276.93,0.0160964994339952,0,254.7755388888889,238.59,22.15446111111112,254.7755388888889
84698b4a-7f22-48b6-e721-f2f41496c96a,fd03d0d4-e46a-488c-fa66-6d525011cbb7,2020-09-23,2020-09-24,247.05,0.0220147121574033,0,258.9176999999999,276.93,11.8676999999999,258.9176999999999
84698b4a-7f22-48b6-e721-f2f41496c96a,fd03d0d4-e46a-488c-fa66-6d525011cbb7,2020-09-24,2020-09-25,245.14,0.0156768286397757,0,254.79670000000013,247.05,9.656700000000145,254.79670000000013
84698b4a-7f22-48b6-e721-f2f41496c96a,fd03d0d4-e46a-488c-fa66-6d525011cbb7,2020-09-25,2020-09-26,222.47,0.0173984222403285,0,255.6344055555556,245.14,33.16440555555562,255.6344055555556
84698b4a-7f22-48b6-e721-f2f41496c96a,fd03d0d4-e46a-488c-fa66-6d525011cbb7,2020-09-26,2020-09-27,251.79,0.0104401899004792,0,255.8855166666664,222.47,4.095516666666384,255.8855166666664
84698b4a-7f22-48b6-e721-f2f41496c96a,fd03d0d4-e46a-488c-fa66-6d525011cbb7,2020-09-27,2020-09-28,234.54,0.014903406657116,0,256.0302055555556,251.79,21.490205555555605,256.0302055555556
84698b4a-7f22-48b6-e721-f2f41496c96a,fd03d0d4-e46a-488c-fa66-6d525011cbb7,2020-09-28,2020-09-29,252.58,0.0158129876727277,0,257.6327333333332,234.54,5.05273333333318,257.6327333333332
84698b4a-7f22-48b6-e721-f2f41496c96a,fd03d0d4-e46a-488c-fa66-6d525011cbb7,2020-09-29,2020-09-30,233.4,0.0179114242000558,0,255.2942944444444,252.58,21.89429444444437,255.2942944444444
84698b4a-7f22-48b6-e721-f2f41496c96a,fd03d0d4-e46a-488c-fa66-6d525011cbb7,2020-09-30,2020-10-01,270.48,0.0272683908692775,0,256.6541499999999,233.4,13.825850000000116,256.6541499999999
84698b4a-7f22-48b6-e721-f2f41496c96a,fd03d0d4-e46a-488c-fa66-6d525011cbb7,2020-10-01,2020-10-02,254.02,0.0244433312354328,0,258.22706666666653,270.48,4.20706666666652,258.22706666666653
84698b4a-7f22-48b6-e721-f2f41496c96a,fd03d0d4-e46a-488c-fa66-6d525011cbb7,2020-10-02,2020-10-03,276.81,0.0257063779744273,0,252.7342833333333,254.02,24.075716666666693,252.7342833333333
84698b4a-7f22-48b6-e721-f2f41496c96a,fd03d0d4-e46a-488c-fa66-6d525011cbb7,2020-10-03,2020-10-04,234.55,0.0213733861170433,0,254.84127222222227,276.81,20.29127222222226,254.84127222222227
84698b4a-7f22-48b6-e721-f2f41496c96a,fd03d0d4-e46a-488c-fa66-6d525011cbb7,2020-10-04,2020-10-05,266.61,0.0183210819988041,0,251.67727222222211,234.55,14.93272777777787,251.67727222222211
84698b4a-7f22-48b6-e721-f2f41496c96a,fd03d0d4-e46a-488c-fa66-6d525011cbb7,2020-10-05,2020-10-06,225.35,0.0262662172971392,0,257.9190833333332,266.61,32.56908333333317,257.9190833333332
84698b4a-7f22-48b6-e721-f2f41496c96a,fd03d0d4-e46a-488c-fa66-6d525011cbb7,2020-10-06,2020-10-07,249.06,0.0303121315715686,0,253.98637777777788,225.35,4.926377777777873,253.98637777777788
84698b4a-7f22-48b6-e721-f2f41496c96a,fd03d0d4-e46a-488c-fa66-6d525011cbb7,2020-10-07,2020-10-08,238.69,0.0358879410360579,0,254.2026111111112,249.06,15.512611111111198,254.2026111111112
84698b4a-7f22-48b6-e721-f2f41496c96a,fd03d0d4-e46a-488c-fa66-6d525011cbb7,2020-10-08,2020-10-09,240.77,0.0274012433662773,0,260.3061388888889,238.69,19.53613888888887,260.3061388888889
84698b4a-7f22-48b6-e721-f2f41496c96a,fd03d0d4-e46a-488c-fa66-6d525011cbb7,2020-10-09,2020-10-10,239.82,0.0287792665410313,0,254.7848166666667,240.77,14.964816666666708,254.7848166666667
84698b4a-7f22-48b6-e721-f2f41496c96a,fd03d0d4-e46a-488c-fa66-6d525011cbb7,2020-10-10,2020-10-11,234.96,0.0141998213511694,0,258.63836666666657,239.82,23.67836666666656,258.63836666666657
84698b4a-7f22-48b6-e721-f2f41496c96a,fd03d0d4-e46a-488c-fa66-6d525011cbb7,2020-10-11,2020-10-12,230.82,0.0272422747491041,0,247.97886944444429,234.96,17.158869444444292,247.97886944444429
84698b4a-7f22-48b6-e721-f2f41496c96a,fd03d0d4-e46a-488c-fa66-6d525011cbb7,2020-10-12,2020-10-13,240.31,0.0303523689035201,0,252.84272777777772,230.82,12.532727777777753,252.84272777777772
84698b4a-7f22-48b6-e721-f2f41496c96a,fd03d0d4-e46a-488c-fa66-6d525011cbb7,2020-10-13,2020-10-14,246.98,0.02965828971867,0,245.0715277777777,240.31,1.9084722222222863,245.0715277777777
84698b4a-7f22-48b6-e721-f2f41496c96a,fd03d0d4-e46a-488c-fa66-6d525011cbb7,2020-10-14,2020-10-15,260.12,0.0198410889245585,0,252.9161277777776,246.98,7.203872222222429,252.9161277777776
84698b4a-7f22-48b6-e721-f2f41496c96a,fd03d0d4-e46a-488c-fa66-6d525011cbb7,2020-10-15,2020-10-16,248.93,0.0318165627965966,0,256.30046666666664,260.12,7.37046666666663,256.30046666666664
84698b4a-7f22-48b6-e721-f2f41496c96a,fd03d0d4-e46a-488c-fa66-6d525011cbb7,2020-10-16,2020-10-17,259.86,0.0339895192528714,0,251.7888944444444,248.93,8.071105555555647,251.7888944444444
84698b4a-7f22-48b6-e721-f2f41496c96a,fd03d0d4-e46a-488c-fa66-6d525011cbb7,2020-10-17,2020-10-18,227.54,0.027333593861911,0,254.650822222222,259.86,27.110822222222,254.650822222222
84698b4a-7f22-48b6-e721-f2f41496c96a,fd03d0d4-e46a-488c-fa66-6d525011cbb7,2020-10-18,2020-10-19,239.61,0.018631667327122,0,250.89087777777755,227.54,11.280877777777532,250.89087777777755
84698b4a-7f22-48b6-e721-f2f41496c96a,fd03d0d4-e46a-488c-fa66-6d525011cbb7,2020-10-19,2020-10-20,253.57,0.0188891448829646,0,249.8498166666667,239.61,3.720183333333296,249.8498166666667
84698b4a-7f22-48b6-e721-f2f41496c96a,fd03d0d4-e46a-488c-fa66-6d525011cbb7,2020-10-20,2020-10-21,248.8,0.0270539937797682,0,254.28204999999988,253.57,5.482049999999873,254.28204999999988
84698b4a-7f22-48b6-e721-f2f41496c96a,fd03d0d4-e46a-488c-fa66-6d525011cbb7,2020-10-21,2020-10-22,234.13,0.0259677985800006,0,255.2215222222221,248.8,21.091522222222068,255.2215222222221
84698b4a-7f22-48b6-e721-f2f41496c96a,fd03d0d4-e46a-488c-fa66-6d525011cbb7,2020-10-22,2020-10-23,255.96,0.0323011899832468,0,254.329711111111,234.13,1.630288888888998,254.329711111111
84698b4a-7f22-48b6-e721-f2f41496c96a,fd03d0d4-e46a-488c-fa66-6d525011cbb7,2020-10-23,2020-10-24,237.73,0.0282324584220184,0,256.06882777777787,255.96,18.33882777777788,256.06882777777787
84698b4a-7f22-48b6-e721-f2f41496c96a,fd03d0d4-e46a-488c-fa66-6d525011cbb7,2020-10-24,2020-10-25,234.68,0.0447204753401214,0,250.68112777777785,237.73,16.00112777777781,250.68112777777785
84698b4a-7f22-48b6-e721-f2f41496c96a,fd03d0d4-e46a-488c-fa66-6d525011cbb7,2020-10-25,2020-10-26,249.84,0.0372906112484998,0,249.06610277777776,234.68,0.7738972222222458,249.06610277777776
84698b4a-7f22-48b6-e721-f2f41496c96a,fd03d0d4-e46a-488c-fa66-6d525011cbb7,2020-10-26,2020-10-27,243.76,0.032238752414873,0,255.78867777777768,249.84,12.028677777777688,255.78867777777768
84698b4a-7f22-48b6-e721-f2f41496c96a,fd03d0d4-e46a-488c-fa66-6d525011cbb7,2020-10-27,2020-10-28,237.25,0.0283013532861073,0,253.16887222222223,243.76,15.918872222222234,253.16887222222223
84698b4a-7f22-48b6-e721-f2f41496c96a,fd03d0d4-e46a-488c-fa66-6d525011cbb7,2020-10-28,2020-10-29,0.0,0.0252422966007054,0,253.97031666666655,237.25,253.97031666666655,253.97031666666655
84698b4a-7f22-48b6-e721-f2f41496c96a,fd03d0d4-e46a-488c-fa66-6d525011cbb7,2020-10-29,2020-10-30,230.56,0.0044276686761871,0,248.5033888888888,0.0,17.94338888888882,248.5033888888888
84698b4a-7f22-48b6-e721-f2f41496c96a,fd03d0d4-e46a-488c-fa66-6d525011cbb7,2020-10-30,2020-10-31,238.3,0.0207639493532766,0,244.6353972222221,230.56,6.335397222222127,244.6353972222221
84698b4a-7f22-48b6-e721-f2f41496c96a,fd03d0d4-e46a-488c-fa66-6d525011cbb7,2020-10-31,2020-11-01,256.64,0.0406918872948102,0,245.32541666666648,238.3,11.314583333333502,245.32541666666648
84698b4a-7f22-48b6-e721-f2f41496c96a,fd03d0d4-e46a-488c-fa66-6d525011cbb7,2020-11-01,2020-11-02,245.74,0.0205418440602463,0,251.7861527777777,256.64,6.04615277777765,251.7861527777777
84698b4a-7f22-48b6-e721-f2f41496c96a,fd03d0d4-e46a-488c-fa66-6d525011cbb7,2020-11-02,2020-11-03,254.5,0.0356009305874921,0,255.21515555555536,245.74,0.7151555555553841,255.21515555555536
84698b4a-7f22-48b6-e721-f2f41496c96a,fd03d0d4-e46a-488c-fa66-6d525011cbb7,2020-11-03,2020-11-04,248.77,0.039143067493769,0,255.58550555555533,254.5,6.815505555555319,255.58550555555533
84698b4a-7f22-48b6-e721-f2f41496c96a,fd03d0d4-e46a-488c-fa66-6d525011cbb7,2020-11-04,2020-11-05,234.97,0.0283971132241656,0,251.05567777777776,248.77,16.08567777777776,251.05567777777776
84698b4a-7f22-48b6-e721-f2f41496c96a,fd03d0d4-e46a-488c-fa66-6d525011cbb7,2020-11-05,2020-11-06,222.94,0.0696789044264198,0,250.2592694444443,234.97,27.319269444444306,250.2592694444443
84698b4a-7f22-48b6-e721-f2f41496c96a,fd03d0d4-e46a-488c-fa66-6d525011cbb7,2020-11-06,2020-11-07,230.99,0.0408062932987593,0,249.9301055555556,222.94,18.94010555555559,249.9301055555556
84698b4a-7f22-48b6-e721-f2f41496c96a,fd03d0d4-e46a-488c-fa66-6d525011cbb7,2020-11-07,2020-11-08,233.8,0.0521380957352813,0,246.3714111111109,230.99,12.571411111110876,246.3714111111109
84698b4a-7f22-48b6-e721-f2f41496c96a,fd03d0d4-e46a-488c-fa66-6d525011cbb7,2020-11-08,2020-11-09,232.73,0.0309088343187648,0,252.58373333333336,233.8,19.853733333333366,252.58373333333336
84698b4a-7f22-48b6-e721-f2f41496c96a,fd03d0d4-e46a-488c-fa66-6d525011cbb7,2020-11-09,2020-11-10,253.58,0.0272540748739219,0,251.64966666666663,232.73,1.9303333333333512,251.64966666666663
84698b4a-7f22-48b6-e721-f2f41496c96a,fd03d0d4-e46a-488c-fa66-6d525011cbb7,2020-11-10,2020-11-11,253.27,0.0214719773923324,0,256.70376111111096,253.58,3.433761111110954,256.70376111111096
84698b4a-7f22-48b6-e721-f2f41496c96a,fd03d0d4-e46a-488c-fa66-6d525011cbb7,2020-11-11,2020-11-12,269.3,0.0290722860512656,0,255.08909444444416,253.27,14.210905555555826,255.08909444444416
84698b4a-7f22-48b6-e721-f2f41496c96a,fd03d0d4-e46a-488c-fa66-6d525011cbb7,2020-11-12,2020-11-13,231.91,0.0546553505988858,0,257.2139222222221,269.3,25.3039222222221,257.2139222222221
84698b4a-7f22-48b6-e721-f2f41496c96a,fd03d0d4-e46a-488c-fa66-6d525011cbb7,2020-11-13,2020-11-14,260.78,0.0438392046442231,0,249.0806166666666,231.91,11.699383333333373,249.0806166666666
84698b4a-7f22-48b6-e721-f2f41496c96a,fd03d0d4-e46a-488c-fa66-6d525011cbb7,2020-11-14,2020-11-15,260.51,0.0400732291868164,0,254.9960111111109,260.78,5.513988888889088,254.9960111111109
84698b4a-7f22-48b6-e721-f2f41496c96a,fd03d0d4-e46a-488c-fa66-6d525011cbb7,2020-11-15,2020-11-16,237.64,0.0360686042907291,0,255.00319444444432,260.51,17.363194444444332,255.00319444444432
84698b4a-7f22-48b6-e721-f2f41496c96a,fd03d0d4-e46a-488c-fa66-6d525011cbb7,2020-11-16,2020-11-17,245.99,0.0262625694130601,0,251.96827222222225,237.64,5.978272222222245,251.96827222222225
84698b4a-7f22-48b6-e721-f2f41496c96a,fd03d0d4-e46a-488c-fa66-6d525011cbb7,2020-11-17,2020-11-18,255.42,0.0386339584786681,0,256.8275555555556,245.99,1.4075555555556036,256.8275555555556
84698b4a-7f22-48b6-e721-f2f41496c96a,fd03d0d4-e46a-488c-fa66-6d525011cbb7,2020-11-18,2020-11-19,239.17,0.0389894834813396,0,256.01618333333323,255.42,16.846183333333244,256.01618333333323
84698b4a-7f22-48b6-e721-f2f41496c96a,fd03d0d4-e46a-488c-fa66-6d525011cbb7,2020-11-19,2020-11-20,238.07,0.0332089195150283,0,258.6231000000001,239.17,20.55310000000009,258.6231000000001
84698b4a-7f22-48b6-e721-f2f41496c96a,fd03d0d4-e46a-488c-fa66-6d525011cbb7,2020-11-20,2020-11-21,232.12,0.0445720173685285,0,253.3514333333333,238.07,21.231433333333317,253.3514333333333
84698b4a-7f22-48b6-e721-f2f41496c96a,fd03d0d4-e46a-488c-fa66-6d525011cbb7,2020-11-21,2020-11-22,212.7,0.0399550271757771,0,257.95338888888875,232.12,45.253388888888765,257.95338888888875
84698b4a-7f22-48b6-e721-f2f41496c96a,fd03d0d4-e46a-488c-fa66-6d525011cbb7,2020-11-22,2020-11-23,240.0,0.0337177163156877,0,251.0094944444446,212.7,11.009494444444613,251.0094944444446
84698b4a-7f22-48b6-e721-f2f41496c96a,fd03d0d4-e46a-488c-fa66-6d525011cbb7,2020-11-23,2020-11-24,230.64,0.0194696609031106,0,243.93029999999996,240.0,13.290299999999943,243.93029999999996
84698b4a-7f22-48b6-e721-f2f41496c96a,fd03d0d4-e46a-488c-fa66-6d525011cbb7,2020-11-24,2020-11-25,226.29,0.0329539918766119,0,250.33743888888887,230.64,24.04743888888888,250.33743888888887
84698b4a-7f22-48b6-e721-f2f41496c96a,fd03d0d4-e46a-488c-fa66-6d525011cbb7,2020-11-25,2020-11-26,243.69,0.0412705214933701,0,249.53465555555576,226.29,5.844655555555761,249.53465555555576
84698b4a-7f22-48b6-e721-f2f41496c96a,fd03d0d4-e46a-488c-fa66-6d525011cbb7,2020-11-26,2020-11-27,221.73,0.0444934575208793,0,246.61810555555547,243.69,24.888105555555484,246.61810555555547
84698b4a-7f22-48b6-e721-f2f41496c96a,fd03d0d4-e46a-488c-fa66-6d525011cbb7,2020-11-27,2020-11-28,248.02,0.0435562703506822,0,244.77326388888875,221.73,3.246736111111261,244.77326388888875
84698b4a-7f22-48b6-e721-f2f41496c96a,fd03d0d4-e46a-488c-fa66-6d525011cbb7,2020-11-28,2020-11-29,243.86,0.0403482232328142,0,247.1836666666665,248.02,3.3236666666665258,247.1836666666665
84698b4a-7f22-48b6-e721-f2f41496c96a,fd03d0d4-e46a-488c-fa66-6d525011cbb7,2020-11-29,2020-11-30,233.13,0.0453893401468716,0,245.74640555555544,243.86,12.616405555555446,245.74640555555544
84698b4a-7f22-48b6-e721-f2f41496c96a,fd03d0d4-e46a-488c-fa66-6d525011cbb7,2020-11-30,2020-12-01,236.9,0.0301344614017149,0,249.95078333333316,233.13,13.05078333333313,249.95078333333316
84698b4a-7f22-48b6-e721-f2f41496c96a,fd03d0d4-e46a-488c-fa66-6d525011cbb7,2020-12-01,2020-12-02,223.74,0.0263324786720258,0,247.26337777777763,236.9,23.523377777777625,247.26337777777763
84698b4a-7f22-48b6-e721-f2f41496c96a,fd03d0d4-e46a-488c-fa66-6d525011cbb7,2020-12-02,2020-12-03,246.34,0.0352623952334812,0,245.5422555555554,223.74,0.7977444444445894,245.5422555555554
84698b4a-7f22-48b6-e721-f2f41496c96a,fd03d0d4-e46a-488c-fa66-6d525011cbb7,2020-12-03,2020-12-04,239.31,0.0375294035774912,0,248.83677777777768,246.34,9.526777777777651,248.83677777777768
84698b4a-7f22-48b6-e721-f2f41496c96a,fd03d0d4-e46a-488c-fa66-6d525011cbb7,2020-12-04,2020-12-05,240.0,0.0353366648049931,0,247.59986944444435,239.31,7.599869444444351,247.59986944444435
84698b4a-7f22-48b6-e721-f2f41496c96a,fd03d0d4-e46a-488c-fa66-6d525011cbb7,2020-12-05,2020-12-06,242.7,0.0412291973743091,0,253.3187555555556,240.0,10.618755555555596,253.3187555555556
84698b4a-7f22-48b6-e721-f2f41496c96a,fd03d0d4-e46a-488c-fa66-6d525011cbb7,2020-12-06,2020-12-07,229.01,0.0261965629770017,0,250.68860555555543,242.7,21.678605555555464,250.68860555555543
84698b4a-7f22-48b6-e721-f2f41496c96a,fd03d0d4-e46a-488c-fa66-6d525011cbb7,2020-12-07,2020-12-08,219.01,0.0358377316011929,0,247.8643777777777,229.01,28.8543777777777,247.8643777777777
84698b4a-7f22-48b6-e721-f2f41496c96a,fd03d0d4-e46a-488c-fa66-6d525011cbb7,2020-12-08,2020-12-09,247.67,0.0307315028458951,0,244.06095,219.01,3.609049999999968,244.06095
84698b4a-7f22-48b6-e721-f2f41496c96a,fd03d0d4-e46a-488c-fa66-6d525011cbb7,2020-12-09,2020-12-10,244.15,0.0275342795747759,0,244.8432666666664,247.67,0.6932666666664034,244.8432666666664
84698b4a-7f22-48b6-e721-f2f41496c96a,fd03d0d4-e46a-488c-fa66-6d525011cbb7,2020-12-10,2020-12-11,229.46,0.0403475145905527,0,252.4032333333334,244.15,22.94323333333338,252.4032333333334
84698b4a-7f22-48b6-e721-f2f41496c96a,fd03d0d4-e46a-488c-fa66-6d525011cbb7,2020-12-11,2020-12-12,240.35,0.0400381377418071,0,248.0721638888887,229.46,7.722163888888701,248.0721638888887
84698b4a-7f22-48b6-e721-f2f41496c96a,fd03d0d4-e46a-488c-fa66-6d525011cbb7,2020-12-12,2020-12-13,250.56,0.0443438835181523,0,247.43524999999997,240.35,3.1247500000000628,247.43524999999997
84698b4a-7f22-48b6-e721-f2f41496c96a,fd03d0d4-e46a-488c-fa66-6d525011cbb7,2020-12-13,2020-12-14,248.85,0.0242119206590009,0,252.5970083333332,250.56,3.7470083333332127,252.5970083333332
84698b4a-7f22-48b6-e721-f2f41496c96a,fd03d0d4-e46a-488c-fa66-6d525011cbb7,2020-12-14,2020-12-15,228.34,0.0295955432314422,0,251.34376666666677,248.85,23.00376666666673,251.34376666666677
84698b4a-7f22-48b6-e721-f2f41496c96a,fd03d0d4-e46a-488c-fa66-6d525011cbb7,2020-12-15,2020-12-16,217.84,0.0290716739234569,0,248.39197222222217,228.34,30.55197222222216,248.39197222222217
84698b4a-7f22-48b6-e721-f2f41496c96a,fd03d0d4-e46a-488c-fa66-6d525011cbb7,2020-12-16,2020-12-17,219.52,0.0244174603246228,0,248.1186944444445,217.84,28.598694444444448,248.1186944444445
84698b4a-7f22-48b6-e721-f2f41496c96a,fd03d0d4-e46a-488c-fa66-6d525011cbb7,2020-12-17,2020-12-18,230.64,0.0352353291297448,0,245.4097555555556,219.52,14.769755555555577,245.4097555555556
84698b4a-7f22-48b6-e721-f2f41496c96a,fd03d0d4-e46a-488c-fa66-6d525011cbb7,2020-12-18,2020-12-19,251.81,0.033174407580282,0,241.62089444444427,230.64,10.189105555555727,241.62089444444427
84698b4a-7f22-48b6-e721-f2f41496c96a,fd03d0d4-e46a-488c-fa66-6d525011cbb7,2020-12-19,2020-12-20,225.48,0.0360092645694801,0,252.12401666666665,251.81,26.64401666666663,252.12401666666665
84698b4a-7f22-48b6-e721-f2f41496c96a,fd03d0d4-e46a-488c-fa66-6d525011cbb7,2020-12-20,2020-12-21,226.77,0.0429017771108529,0,250.3671277777778,225.48,23.597127777777786,250.3671277777778
84698b4a-7f22-48b6-e721-f2f41496c96a,fd03d0d4-e46a-488c-fa66-6d525011cbb7,2020-12-21,2020-12-22,0.0,0.0215589525750898,0,247.74281111111108,226.77,247.74281111111108,247.74281111111108
84698b4a-7f22-48b6-e721-f2f41496c96a,fd03d0d4-e46a-488c-fa66-6d525011cbb7,2020-12-22,2020-12-23,227.1,0.0032334707281927,0,239.77018888888875,0.0,12.67018888888876,239.77018888888875
84698b4a-7f22-48b6-e721-f2f41496c96a,fd03d0d4-e46a-488c-fa66-6d525011cbb7,2020-12-23,2020-12-24,232.87,0.0310394530552843,0,230.6238166666665,227.1,2.246183333333505,230.6238166666665
84698b4a-7f22-48b6-e721-f2f41496c96a,fd03d0d4-e46a-488c-fa66-6d525011cbb7,2020-12-24,2020-12-25,218.36,0.0388211093473133,0,238.6066694444444,232.87,20.246669444444397,238.6066694444444
84698b4a-7f22-48b6-e721-f2f41496c96a,fd03d0d4-e46a-488c-fa66-6d525011cbb7,2020-12-25,2020-12-26,245.54,0.0345464081303864,0,239.0914166666666,218.36,6.448583333333403,239.0914166666666
84698b4a-7f22-48b6-e721-f2f41496c96a,fd03d0d4-e46a-488c-fa66-6d525011cbb7,2020-12-26,2020-12-27,230.69,0.0332419069166324,0,243.90889999999996,245.54,13.218899999999934,243.90889999999996
84698b4a-7f22-48b6-e721-f2f41496c96a,fd03d0d4-e46a-488c-fa66-6d525011cbb7,2020-12-27,2020-12-28,262.79,0.0422879236298607,0,242.405425,230.69,20.38457500000001,242.405425
84698b4a-7f22-48b6-e721-f2f41496c96a,fd03d0d4-e46a-488c-fa66-6d525011cbb7,2020-12-28,2020-12-29,218.72,0.0282585150406866,0,249.1712666666667,262.79,30.451266666666697,249.1712666666667
84698b4a-7f22-48b6-e721-f2f41496c96a,fd03d0d4-e46a-488c-fa66-6d525011cbb7,2020-12-29,2020-12-30,250.89,0.0751247504636448,0,249.10795277777788,218.72,1.7820472222221042,249.10795277777788
84698b4a-7f22-48b6-e721-f2f41496c96a,fd03d0d4-e46a-488c-fa66-6d525011cbb7,2020-12-30,2020-12-31,248.19,0.0226415965772081,0,248.99358888888872,250.89,0.8035888888887257,248.99358888888872
85cde4b9-7614-4ed3-a1a5-7b6c8fa4c682,82d7852e-ca6d-4773-18e1-dd4a2cb51f7e,2020-11-25,2020-11-26,0.0,0.1182105948734819,0,428.2669166666668,472.67,428.2669166666668,428.2669166666668
85cde4b9-7614-4ed3-a1a5-7b6c8fa4c682,82d7852e-ca6d-4773-18e1-dd4a2cb51f7e,2020-11-26,2020-11-27,476.51,0.0274251303500133,0,396.7242000000002,0.0,79.78579999999977,396.7242000000002
85cde4b9-7614-4ed3-a1a5-7b6c8fa4c682,82d7852e-ca6d-4773-18e1-dd4a2cb51f7e,2020-11-27,2020-11-28,492.13,0.1160656408721546,0,449.8530000000004,476.51,42.276999999999646,449.8530000000004
85cde4b9-7614-4ed3-a1a5-7b6c8fa4c682,82d7852e-ca6d-4773-18e1-dd4a2cb51f7e,2020-11-28,2020-11-29,484.83,0.1524678539959664,1,0.0,492.13,484.83,492.13
85cde4b9-7614-4ed3-a1a5-7b6c8fa4c682,82d7852e-ca6d-4773-18e1-dd4a2cb51f7e,2020-11-29,2020-11-30,449.04,0.1359062491364124,0,450.5333055555556,484.83,1.493305555555537,450.5333055555556
85cde4b9-7614-4ed3-a1a5-7b6c8fa4c682,82d7852e-ca6d-4773-18e1-dd4a2cb51f7e,2020-11-30,2020-12-01,462.56,0.1121727898941896,0,443.40588888888885,449.04,19.15411111111115,443.40588888888885
85cde4b9-7614-4ed3-a1a5-7b6c8fa4c682,82d7852e-ca6d-4773-18e1-dd4a2cb51f7e,2020-12-01,2020-12-02,450.17,0.1081950982241896,0,430.12051666666673,462.56,20.049483333333285,430.12051666666673
85cde4b9-7614-4ed3-a1a5-7b6c8fa4c682,82d7852e-ca6d-4773-18e1-dd4a2cb51f7e,2020-12-02,2020-12-03,465.14,0.1312395000935548,0,436.8889666666666,450.17,28.2510333333334,436.8889666666666
85cde4b9-7614-4ed3-a1a5-7b6c8fa4c682,82d7852e-ca6d-4773-18e1-dd4a2cb51f7e,2020-12-03,2020-12-04,420.0,0.1543984538341095,1,0.0,465.14,420.0,465.14
85cde4b9-7614-4ed3-a1a5-7b6c8fa4c682,82d7852e-ca6d-4773-18e1-dd4a2cb51f7e,2020-12-04,2020-12-05,507.51,0.1068018604194969,0,455.7509055555556,420.0,51.75909444444443,455.7509055555556
85cde4b9-7614-4ed3-a1a5-7b6c8fa4c682,82d7852e-ca6d-4773-18e1-dd4a2cb51f7e,2020-12-05,2020-12-06,0.0,0.1270297152543186,0,453.9176611111105,507.51,453.9176611111105,453.9176611111105
85cde4b9-7614-4ed3-a1a5-7b6c8fa4c682,82d7852e-ca6d-4773-18e1-dd4a2cb51f7e,2020-12-06,2020-12-07,448.66,0.0244959365496774,0,447.1953888888888,0.0,1.4646111111112532,447.1953888888888
85cde4b9-7614-4ed3-a1a5-7b6c8fa4c682,82d7852e-ca6d-4773-18e1-dd4a2cb51f7e,2020-12-07,2020-12-08,461.96,0.1344111311866283,0,439.1285022222227,448.66,22.83149777777726,439.1285022222227
85cde4b9-7614-4ed3-a1a5-7b6c8fa4c682,82d7852e-ca6d-4773-18e1-dd4a2cb51f7e,2020-12-08,2020-12-09,429.17,0.1097769542716619,0,440.58196333333336,461.96,11.411963333333349,440.58196333333336
85cde4b9-7614-4ed3-a1a5-7b6c8fa4c682,82d7852e-ca6d-4773-18e1-dd4a2cb51f7e,2020-12-09,2020-12-10,451.86,0.1061549083151957,0,421.4275333333336,429.17,30.43246666666647,421.4275333333336
85cde4b9-7614-4ed3-a1a5-7b6c8fa4c682,82d7852e-ca6d-4773-18e1-dd4a2cb51f7e,2020-12-10,2020-12-11,463.12,0.1045641235953227,0,419.3602688888887,451.86,43.75973111111131,419.3602688888887
85cde4b9-7614-4ed3-a1a5-7b6c8fa4c682,82d7852e-ca6d-4773-18e1-dd4a2cb51f7e,2020-12-11,2020-12-12,498.4,0.1103222974771443,0,422.8600944444444,463.12,75.5399055555556,422.8600944444444
85cde4b9-7614-4ed3-a1a5-7b6c8fa4c682,82d7852e-ca6d-4773-18e1-dd4a2cb51f7e,2020-12-12,2020-12-13,461.96,0.1231301943810119,0,455.6497388888888,498.4,6.310261111111231,455.6497388888888
85cde4b9-7614-4ed3-a1a5-7b6c8fa4c682,82d7852e-ca6d-4773-18e1-dd4a2cb51f7e,2020-12-13,2020-12-14,449.22,0.1311909848305942,0,450.6938611111109,461.96,1.473861111110864,450.6938611111109
85cde4b9-7614-4ed3-a1a5-7b6c8fa4c682,82d7852e-ca6d-4773-18e1-dd4a2cb51f7e,2020-12-14,2020-12-15,433.08,0.1048737035401497,0,443.4819055555554,449.22,10.40190555555546,443.4819055555554
85cde4b9-7614-4ed3-a1a5-7b6c8fa4c682,82d7852e-ca6d-4773-18e1-dd4a2cb51f7e,2020-12-15,2020-12-16,509.54,0.1391415828518655,0,436.0152111111109,433.08,73.52478888888908,436.0152111111109
85cde4b9-7614-4ed3-a1a5-7b6c8fa4c682,82d7852e-ca6d-4773-18e1-dd4a2cb51f7e,2020-12-16,2020-12-17,459.36,0.1198437396180596,0,440.38138333333336,509.54,18.978616666666653,440.38138333333336
85cde4b9-7614-4ed3-a1a5-7b6c8fa4c682,82d7852e-ca6d-4773-18e1-dd4a2cb51f7e,2020-12-17,2020-12-18,459.22,0.1182635292568686,0,452.55295555555534,459.36,6.667044444444684,452.55295555555534
85cde4b9-7614-4ed3-a1a5-7b6c8fa4c682,82d7852e-ca6d-4773-18e1-dd4a2cb51f7e,2020-12-18,2020-12-19,426.77,0.108682130334332,0,452.6672833333333,459.22,25.89728333333335,452.6672833333333
85cde4b9-7614-4ed3-a1a5-7b6c8fa4c682,82d7852e-ca6d-4773-18e1-dd4a2cb51f7e,2020-12-19,2020-12-20,468.93,0.1009654729684334,0,444.2475666666669,426.77,24.682433333333165,444.2475666666669
85cde4b9-7614-4ed3-a1a5-7b6c8fa4c682,82d7852e-ca6d-4773-18e1-dd4a2cb51f7e,2020-12-20,2020-12-21,443.29,0.1422810608113347,0,439.6516083333333,468.93,3.638391666666735,439.6516083333333
85cde4b9-7614-4ed3-a1a5-7b6c8fa4c682,82d7852e-ca6d-4773-18e1-dd4a2cb51f7e,2020-12-21,2020-12-22,491.08,0.101959395417926,0,442.5229055555552,443.29,48.55709444444477,442.5229055555552
85cde4b9-7614-4ed3-a1a5-7b6c8fa4c682,82d7852e-ca6d-4773-18e1-dd4a2cb51f7e,2020-12-22,2020-12-23,466.68,0.1210885047952261,0,435.25586111111113,491.08,31.42413888888888,435.25586111111113
85cde4b9-7614-4ed3-a1a5-7b6c8fa4c682,82d7852e-ca6d-4773-18e1-dd4a2cb51f7e,2020-12-23,2020-12-24,458.55,0.117761128440361,0,457.5802444444445,466.68,0.96975555555548,457.5802444444445
85cde4b9-7614-4ed3-a1a5-7b6c8fa4c682,82d7852e-ca6d-4773-18e1-dd4a2cb51f7e,2020-12-24,2020-12-25,426.27,0.1177679071913338,0,442.7425555555556,458.55,16.47255555555563,442.7425555555556
85cde4b9-7614-4ed3-a1a5-7b6c8fa4c682,82d7852e-ca6d-4773-18e1-dd4a2cb51f7e,2020-12-25,2020-12-26,452.91,0.0794500314636322,0,433.7749111111111,426.27,19.13508888888896,433.7749111111111
85cde4b9-7614-4ed3-a1a5-7b6c8fa4c682,82d7852e-ca6d-4773-18e1-dd4a2cb51f7e,2020-12-26,2020-12-27,450.03,0.1333700672087792,0,423.9459250000001,452.91,26.08407499999987,423.9459250000001
85cde4b9-7614-4ed3-a1a5-7b6c8fa4c682,82d7852e-ca6d-4773-18e1-dd4a2cb51f7e,2020-12-27,2020-12-28,457.39,0.1270382382044219,0,439.23705000000007,450.03,18.15294999999992,439.23705000000007
85cde4b9-7614-4ed3-a1a5-7b6c8fa4c682,82d7852e-ca6d-4773-18e1-dd4a2cb51f7e,2020-12-28,2020-12-29,411.69,0.0912409321068083,0,437.98843888888894,457.39,26.29843888888894,437.98843888888894
85cde4b9-7614-4ed3-a1a5-7b6c8fa4c682,82d7852e-ca6d-4773-18e1-dd4a2cb51f7e,2020-12-29,2020-12-30,433.84,0.1190311025875702,0,434.1788666666666,411.69,0.3388666666666609,434.1788666666666
85cde4b9-7614-4ed3-a1a5-7b6c8fa4c682,82d7852e-ca6d-4773-18e1-dd4a2cb51f7e,2020-12-30,2020-12-31,442.64,0.1153845495748294,0,421.857127777778,433.84,20.78287222222201,421.857127777778
887d0166-8b94-4c38-8cb7-4563a3acf1c1,291aa1c6-c027-45a2-a129-c24ef9759940,2020-08-23,2020-08-24,430.66,0.0790845509533394,0,421.825438888889,434.23,8.834561111110986,421.825438888889
887d0166-8b94-4c38-8cb7-4563a3acf1c1,291aa1c6-c027-45a2-a129-c24ef9759940,2020-08-24,2020-08-25,429.73,0.1240355721725892,0,420.3658388888889,430.66,9.364161111111116,420.3658388888889
887d0166-8b94-4c38-8cb7-4563a3acf1c1,291aa1c6-c027-45a2-a129-c24ef9759940,2020-08-25,2020-08-26,433.23,0.1132300589388076,0,424.6002222222224,429.73,8.629777777777633,424.6002222222224
887d0166-8b94-4c38-8cb7-4563a3acf1c1,291aa1c6-c027-45a2-a129-c24ef9759940,2020-08-26,2020-08-27,399.2,0.0927240831911168,0,420.5885055555553,433.23,21.388505555555295,420.5885055555553
887d0166-8b94-4c38-8cb7-4563a3acf1c1,291aa1c6-c027-45a2-a129-c24ef9759940,2020-08-27,2020-08-28,391.07,0.1573796949437901,1,0.0,399.2,391.07,399.2
887d0166-8b94-4c38-8cb7-4563a3acf1c1,291aa1c6-c027-45a2-a129-c24ef9759940,2020-08-28,2020-08-29,424.91,0.0715628044238645,0,421.2274000000003,391.07,3.682599999999752,421.2274000000003
887d0166-8b94-4c38-8cb7-4563a3acf1c1,291aa1c6-c027-45a2-a129-c24ef9759940,2020-08-29,2020-08-30,419.87,0.0725042230528253,0,414.6155944444443,424.91,5.2544055555557065,414.6155944444443
887d0166-8b94-4c38-8cb7-4563a3acf1c1,291aa1c6-c027-45a2-a129-c24ef9759940,2020-08-30,2020-08-31,414.29,0.094934864395309,0,418.6917277777778,419.87,4.401727777777808,418.6917277777778
887d0166-8b94-4c38-8cb7-4563a3acf1c1,291aa1c6-c027-45a2-a129-c24ef9759940,2020-08-31,2020-09-01,397.98,0.0934194058648865,0,416.3044777777782,414.29,18.32447777777816,416.3044777777782
887d0166-8b94-4c38-8cb7-4563a3acf1c1,291aa1c6-c027-45a2-a129-c24ef9759940,2020-09-01,2020-09-02,0.0,0.0525986036598887,0,423.0553166666669,397.98,423.0553166666669,423.0553166666669
887d0166-8b94-4c38-8cb7-4563a3acf1c1,291aa1c6-c027-45a2-a129-c24ef9759940,2020-09-02,2020-09-03,423.04,0.0083044848268547,0,413.46068888888897,0.0,9.579311111111052,413.46068888888897
887d0166-8b94-4c38-8cb7-4563a3acf1c1,291aa1c6-c027-45a2-a129-c24ef9759940,2020-09-03,2020-09-04,405.82,0.096865680516303,0,415.2317833333334,423.04,9.411783333333403,415.2317833333334
887d0166-8b94-4c38-8cb7-4563a3acf1c1,291aa1c6-c027-45a2-a129-c24ef9759940,2020-09-04,2020-09-05,413.98,0.0494813771371077,0,401.1655444444447,405.82,12.814455555555298,401.1655444444447
887d0166-8b94-4c38-8cb7-4563a3acf1c1,291aa1c6-c027-45a2-a129-c24ef9759940,2020-09-05,2020-09-06,387.92,0.0695861417554651,0,421.9589888888891,413.98,34.038988888889094,421.9589888888891
887d0166-8b94-4c38-8cb7-4563a3acf1c1,291aa1c6-c027-45a2-a129-c24ef9759940,2020-09-06,2020-09-07,395.05,0.0695522801094546,0,413.62074999999993,387.92,18.57074999999992,413.62074999999993
887d0166-8b94-4c38-8cb7-4563a3acf1c1,291aa1c6-c027-45a2-a129-c24ef9759940,2020-09-07,2020-09-08,383.09,0.1103894901579569,0,415.6614055555558,395.05,32.57140555555583,415.6614055555558
887d0166-8b94-4c38-8cb7-4563a3acf1c1,291aa1c6-c027-45a2-a129-c24ef9759940,2020-09-08,2020-09-09,387.52,0.083568320992574,0,392.5882999999999,383.09,5.068299999999908,392.5882999999999
887d0166-8b94-4c38-8cb7-4563a3acf1c1,291aa1c6-c027-45a2-a129-c24ef9759940,2020-09-09,2020-09-10,0.0,0.1160569253094241,0,396.1961777777778,387.52,396.1961777777778,396.1961777777778
887d0166-8b94-4c38-8cb7-4563a3acf1c1,291aa1c6-c027-45a2-a129-c24ef9759940,2020-09-10,2020-09-11,445.18,0.00795618792214,0,406.2108944444443,0.0,38.9691055555557,406.2108944444443
887d0166-8b94-4c38-8cb7-4563a3acf1c1,291aa1c6-c027-45a2-a129-c24ef9759940,2020-09-11,2020-09-12,356.54,0.1470017971520443,0,438.16535000000016,445.18,81.62535000000014,438.16535000000016
887d0166-8b94-4c38-8cb7-4563a3acf1c1,291aa1c6-c027-45a2-a129-c24ef9759940,2020-09-12,2020-09-13,400.76,0.1001582791670904,0,401.3670166666664,356.54,0.6070166666663681,401.3670166666664
887d0166-8b94-4c38-8cb7-4563a3acf1c1,291aa1c6-c027-45a2-a129-c24ef9759940,2020-09-13,2020-09-14,428.41,0.0611691194738794,0,389.4262333333333,400.76,38.983766666666725,389.4262333333333
887d0166-8b94-4c38-8cb7-4563a3acf1c1,291aa1c6-c027-45a2-a129-c24ef9759940,2020-09-14,2020-09-15,411.39,0.0718318657199215,0,411.4086333333333,428.41,0.018633333333355,411.4086333333333
887d0166-8b94-4c38-8cb7-4563a3acf1c1,291aa1c6-c027-45a2-a129-c24ef9759940,2020-09-15,2020-09-16,421.84,0.0874117464360566,0,403.8574972222223,411.39,17.982502777777654,403.8574972222223
887d0166-8b94-4c38-8cb7-4563a3acf1c1,291aa1c6-c027-45a2-a129-c24ef9759940,2020-09-16,2020-09-17,357.58,0.1335035391115723,0,407.903711111111,421.84,50.32371111111104,407.903711111111
887d0166-8b94-4c38-8cb7-4563a3acf1c1,291aa1c6-c027-45a2-a129-c24ef9759940,2020-09-17,2020-09-18,368.8,0.0857377111997345,0,394.5167111111112,357.58,25.716711111111124,394.5167111111112
887d0166-8b94-4c38-8cb7-4563a3acf1c1,291aa1c6-c027-45a2-a129-c24ef9759940,2020-09-18,2020-09-19,396.58,0.0742219336919608,0,404.3267111111112,368.8,7.74671111111121,404.3267111111112
887d0166-8b94-4c38-8cb7-4563a3acf1c1,291aa1c6-c027-45a2-a129-c24ef9759940,2020-09-19,2020-09-20,433.21,0.2414129642210434,1,0.0,396.58,433.21,396.58
887d0166-8b94-4c38-8cb7-4563a3acf1c1,291aa1c6-c027-45a2-a129-c24ef9759940,2020-09-20,2020-09-21,0.0,0.070369844566787,0,413.996388888889,433.21,413.996388888889,413.996388888889
887d0166-8b94-4c38-8cb7-4563a3acf1c1,291aa1c6-c027-45a2-a129-c24ef9759940,2020-09-21,2020-09-22,362.57,0.0052538034901068,0,416.7764833333335,0.0,54.206483333333495,416.7764833333335
887d0166-8b94-4c38-8cb7-4563a3acf1c1,291aa1c6-c027-45a2-a129-c24ef9759940,2020-09-22,2020-09-23,387.16,0.089552444062732,0,380.339038888889,362.57,6.820961111110989,380.339038888889
887d0166-8b94-4c38-8cb7-4563a3acf1c1,291aa1c6-c027-45a2-a129-c24ef9759940,2020-09-23,2020-09-24,396.29,0.1145932952169113,0,395.3242166666668,387.16,0.9657833333332632,395.3242166666668
887d0166-8b94-4c38-8cb7-4563a3acf1c1,291aa1c6-c027-45a2-a129-c24ef9759940,2020-09-24,2020-09-25,390.23,0.1198583500228609,0,385.3846666666672,396.29,4.84533333333286,385.3846666666672
887d0166-8b94-4c38-8cb7-4563a3acf1c1,291aa1c6-c027-45a2-a129-c24ef9759940,2020-09-25,2020-09-26,401.63,0.1093977085141558,0,389.45329444444445,390.23,12.176705555555545,389.45329444444445
887d0166-8b94-4c38-8cb7-4563a3acf1c1,291aa1c6-c027-45a2-a129-c24ef9759940,2020-09-26,2020-09-27,397.53,0.0641618148444333,0,402.7537277777778,401.63,5.223727777777867,402.7537277777778
887d0166-8b94-4c38-8cb7-4563a3acf1c1,291aa1c6-c027-45a2-a129-c24ef9759940,2020-09-27,2020-09-28,370.56,0.0815918583241577,0,412.46775,397.53,41.90775000000002,412.46775
887d0166-8b94-4c38-8cb7-4563a3acf1c1,291aa1c6-c027-45a2-a129-c24ef9759940,2020-09-28,2020-09-29,398.83,0.0717764696215931,0,394.21045,370.56,4.619550000000004,394.21045
887d0166-8b94-4c38-8cb7-4563a3acf1c1,291aa1c6-c027-45a2-a129-c24ef9759940,2020-09-29,2020-09-30,358.96,0.1299817246346883,0,391.17756666666736,398.83,32.21756666666738,391.17756666666736
887d0166-8b94-4c38-8cb7-4563a3acf1c1,291aa1c6-c027-45a2-a129-c24ef9759940,2020-09-30,2020-10-01,369.58,0.11354282931252,0,390.3520444444442,358.96,20.772044444444248,390.3520444444442
887d0166-8b94-4c38-8cb7-4563a3acf1c1,291aa1c6-c027-45a2-a129-c24ef9759940,2020-10-01,2020-10-02,404.03,0.1111573754092039,0,388.17545000000007,369.58,15.854549999999904,388.17545000000007
887d0166-8b94-4c38-8cb7-4563a3acf1c1,291aa1c6-c027-45a2-a129-c24ef9759940,2020-10-02,2020-10-03,348.58,0.1685356422211053,1,0.0,404.03,348.58,404.03
887d0166-8b94-4c38-8cb7-4563a3acf1c1,291aa1c6-c027-45a2-a129-c24ef9759940,2020-10-03,2020-10-04,367.9,0.0882769776527758,0,393.9530944444445,348.58,26.05309444444447,393.9530944444445
887d0166-8b94-4c38-8cb7-4563a3acf1c1,291aa1c6-c027-45a2-a129-c24ef9759940,2020-10-04,2020-10-05,371.61,0.0702497389709351,0,379.66177222222194,367.9,8.051772222221928,379.66177222222194
887d0166-8b94-4c38-8cb7-4563a3acf1c1,291aa1c6-c027-45a2-a129-c24ef9759940,2020-10-05,2020-10-06,364.04,0.0995751880911755,0,372.2831000000001,371.61,8.243100000000027,372.2831000000001
887d0166-8b94-4c38-8cb7-4563a3acf1c1,291aa1c6-c027-45a2-a129-c24ef9759940,2020-10-06,2020-10-07,379.95,0.1237436341027806,0,378.0479666666662,364.04,1.9020333333338044,378.0479666666662
887d0166-8b94-4c38-8cb7-4563a3acf1c1,291aa1c6-c027-45a2-a129-c24ef9759940,2020-10-07,2020-10-08,351.69,0.0794761535916177,0,370.5556277777778,379.95,18.86562777777783,370.5556277777778
887d0166-8b94-4c38-8cb7-4563a3acf1c1,291aa1c6-c027-45a2-a129-c24ef9759940,2020-10-08,2020-10-09,361.87,0.0867416963967835,0,375.7648166666668,351.69,13.89481666666677,375.7648166666668
887d0166-8b94-4c38-8cb7-4563a3acf1c1,291aa1c6-c027-45a2-a129-c24ef9759940,2020-10-09,2020-10-10,355.73,0.1134601842365597,0,379.5690833333331,361.87,23.839083333333065,379.5690833333331
887d0166-8b94-4c38-8cb7-4563a3acf1c1,291aa1c6-c027-45a2-a129-c24ef9759940,2020-10-10,2020-10-11,400.23,0.1491508225598633,0,355.13666666666654,355.73,45.09333333333348,355.13666666666654
887d0166-8b94-4c38-8cb7-4563a3acf1c1,291aa1c6-c027-45a2-a129-c24ef9759940,2020-10-11,2020-10-12,363.88,0.121570912205135,0,382.10995,400.23,18.22994999999997,382.10995
887d0166-8b94-4c38-8cb7-4563a3acf1c1,291aa1c6-c027-45a2-a129-c24ef9759940,2020-10-12,2020-10-13,396.84,0.0952037516527532,0,378.987011111111,363.88,17.852988888889,378.987011111111
887d0166-8b94-4c38-8cb7-4563a3acf1c1,291aa1c6-c027-45a2-a129-c24ef9759940,2020-10-13,2020-10-14,328.99,0.1544683670331685,1,0.0,396.84,328.99,396.84
887d0166-8b94-4c38-8cb7-4563a3acf1c1,291aa1c6-c027-45a2-a129-c24ef9759940,2020-10-14,2020-10-15,370.8,0.1549579296371055,1,0.0,328.99,370.8,328.99
887d0166-8b94-4c38-8cb7-4563a3acf1c1,291aa1c6-c027-45a2-a129-c24ef9759940,2020-10-15,2020-10-16,388.82,0.1366847438901368,0,356.7160222222223,370.8,32.103977777777686,356.7160222222223
887d0166-8b94-4c38-8cb7-4563a3acf1c1,291aa1c6-c027-45a2-a129-c24ef9759940,2020-10-16,2020-10-17,375.05,0.0589643185850201,0,372.88915000000026,388.82,2.160849999999755,372.88915000000026
887d0166-8b94-4c38-8cb7-4563a3acf1c1,291aa1c6-c027-45a2-a129-c24ef9759940,2020-10-17,2020-10-18,376.77,0.0563651879745897,0,373.5024555555556,375.05,3.267544444444354,373.5024555555556
887d0166-8b94-4c38-8cb7-4563a3acf1c1,291aa1c6-c027-45a2-a129-c24ef9759940,2020-10-18,2020-10-19,346.29,0.0837539235240764,0,383.1496333333332,376.77,36.85963333333319,383.1496333333332
887d0166-8b94-4c38-8cb7-4563a3acf1c1,291aa1c6-c027-45a2-a129-c24ef9759940,2020-10-19,2020-10-20,361.74,0.0610623619805014,0,367.3012666666668,346.29,5.561266666666768,367.3012666666668
887d0166-8b94-4c38-8cb7-4563a3acf1c1,291aa1c6-c027-45a2-a129-c24ef9759940,2020-10-20,2020-10-21,378.25,0.1026915102044186,0,371.3952333333332,361.74,6.854766666666819,371.3952333333332
887d0166-8b94-4c38-8cb7-4563a3acf1c1,291aa1c6-c027-45a2-a129-c24ef9759940,2020-10-21,2020-10-22,373.48,0.1166737094296736,0,356.60650555555566,378.25,16.87349444444436,356.60650555555566
887d0166-8b94-4c38-8cb7-4563a3acf1c1,291aa1c6-c027-45a2-a129-c24ef9759940,2020-10-22,2020-10-23,386.34,0.1044149182595206,0,371.08936666666665,373.48,15.250633333333326,371.08936666666665
887d0166-8b94-4c38-8cb7-4563a3acf1c1,291aa1c6-c027-45a2-a129-c24ef9759940,2020-10-23,2020-10-24,367.86,0.0658850682315477,0,382.7640833333331,386.34,14.904083333333062,382.7640833333331
887d0166-8b94-4c38-8cb7-4563a3acf1c1,291aa1c6-c027-45a2-a129-c24ef9759940,2020-10-24,2020-10-25,377.78,0.091865304199948,0,379.1626166666669,367.86,1.3826166666668769,379.1626166666669
887d0166-8b94-4c38-8cb7-4563a3acf1c1,291aa1c6-c027-45a2-a129-c24ef9759940,2020-10-25,2020-10-26,387.6,0.1153393464366734,0,374.81592222222207,377.78,12.784077777777952,374.81592222222207
887d0166-8b94-4c38-8cb7-4563a3acf1c1,291aa1c6-c027-45a2-a129-c24ef9759940,2020-10-26,2020-10-27,378.12,0.0602334894130901,0,373.1215777777778,387.6,4.998422222222189,373.1215777777778
887d0166-8b94-4c38-8cb7-4563a3acf1c1,291aa1c6-c027-45a2-a129-c24ef9759940,2020-10-27,2020-10-28,354.91,0.0920769168369844,0,375.3534750000001,378.12,20.44347500000009,375.3534750000001
887d0166-8b94-4c38-8cb7-4563a3acf1c1,291aa1c6-c027-45a2-a129-c24ef9759940,2020-10-28,2020-10-29,0.0,0.0985540613222066,0,375.8950444444445,354.91,375.8950444444445,375.8950444444445
887d0166-8b94-4c38-8cb7-4563a3acf1c1,291aa1c6-c027-45a2-a129-c24ef9759940,2020-10-29,2020-10-30,373.84,0.0109128161327775,0,374.6886888888888,0.0,0.8486888888888302,374.6886888888888
887d0166-8b94-4c38-8cb7-4563a3acf1c1,291aa1c6-c027-45a2-a129-c24ef9759940,2020-10-30,2020-10-31,373.61,0.1623993839958246,1,0.0,373.84,373.61,373.84
887d0166-8b94-4c38-8cb7-4563a3acf1c1,291aa1c6-c027-45a2-a129-c24ef9759940,2020-10-31,2020-11-01,352.58,0.0869029816877124,0,365.7999666666667,373.61,13.21996666666672,365.7999666666667
887d0166-8b94-4c38-8cb7-4563a3acf1c1,291aa1c6-c027-45a2-a129-c24ef9759940,2020-11-01,2020-11-02,353.26,0.0695925209561723,0,361.0515111111108,352.58,7.791511111110822,361.0515111111108
887d0166-8b94-4c38-8cb7-4563a3acf1c1,291aa1c6-c027-45a2-a129-c24ef9759940,2020-11-02,2020-11-03,336.54,0.1485990022636338,0,360.90005555555535,353.26,24.36005555555533,360.90005555555535
887d0166-8b94-4c38-8cb7-4563a3acf1c1,291aa1c6-c027-45a2-a129-c24ef9759940,2020-11-03,2020-11-04,367.02,0.1267183406924832,0,357.7003333333332,336.54,9.31966666666682,357.7003333333332
887d0166-8b94-4c38-8cb7-4563a3acf1c1,291aa1c6-c027-45a2-a129-c24ef9759940,2020-11-04,2020-11-05,363.79,0.150078475253177,1,0.0,367.02,363.79,367.02
887d0166-8b94-4c38-8cb7-4563a3acf1c1,291aa1c6-c027-45a2-a129-c24ef9759940,2020-11-05,2020-11-06,362.94,0.1059937893090067,0,362.0763666666669,363.79,0.8636333333330981,362.0763666666669
887d0166-8b94-4c38-8cb7-4563a3acf1c1,291aa1c6-c027-45a2-a129-c24ef9759940,2020-11-06,2020-11-07,351.0,0.0948360817710815,0,364.493711111111,362.94,13.493711111110995,364.493711111111
887d0166-8b94-4c38-8cb7-4563a3acf1c1,291aa1c6-c027-45a2-a129-c24ef9759940,2020-11-07,2020-11-08,374.87,0.1045970124580879,0,360.2713333333332,351.0,14.598666666666816,360.2713333333332
887d0166-8b94-4c38-8cb7-4563a3acf1c1,291aa1c6-c027-45a2-a129-c24ef9759940,2020-11-08,2020-11-09,376.91,0.0649343793231812,0,356.67602222222246,374.87,20.233977777777568,356.67602222222246
887d0166-8b94-4c38-8cb7-4563a3acf1c1,291aa1c6-c027-45a2-a129-c24ef9759940,2020-11-09,2020-11-10,351.35,0.0826418429535319,0,362.21081111111135,376.91,10.860811111111332,362.21081111111135
887d0166-8b94-4c38-8cb7-4563a3acf1c1,291aa1c6-c027-45a2-a129-c24ef9759940,2020-11-10,2020-11-11,335.19,0.1075695217513975,0,352.8770444444447,351.35,17.687044444444723,352.8770444444447
887d0166-8b94-4c38-8cb7-4563a3acf1c1,291aa1c6-c027-45a2-a129-c24ef9759940,2020-11-11,2020-11-12,315.7,0.1335139992244004,0,361.50900555555546,335.19,45.80900555555547,361.50900555555546
887d0166-8b94-4c38-8cb7-4563a3acf1c1,291aa1c6-c027-45a2-a129-c24ef9759940,2020-11-12,2020-11-13,328.42,0.0979382223664684,0,354.73716111111094,315.7,26.31716111111092,354.73716111111094
887d0166-8b94-4c38-8cb7-4563a3acf1c1,291aa1c6-c027-45a2-a129-c24ef9759940,2020-11-13,2020-11-14,361.02,0.1240635461534678,0,351.4895666666669,328.42,9.530433333333065,351.4895666666669
887d0166-8b94-4c38-8cb7-4563a3acf1c1,291aa1c6-c027-45a2-a129-c24ef9759940,2020-11-14,2020-11-15,331.07,0.0826903498396244,0,347.307888888889,361.02,16.237888888889017,347.307888888889
887d0166-8b94-4c38-8cb7-4563a3acf1c1,291aa1c6-c027-45a2-a129-c24ef9759940,2020-11-15,2020-11-16,356.2,0.1189903133684208,0,358.99266111111126,331.07,2.792661111111272,358.99266111111126
887d0166-8b94-4c38-8cb7-4563a3acf1c1,291aa1c6-c027-45a2-a129-c24ef9759940,2020-11-16,2020-11-17,328.45,0.1146590593293056,0,351.41006666666703,356.2,22.960066666667046,351.41006666666703
887d0166-8b94-4c38-8cb7-4563a3acf1c1,291aa1c6-c027-45a2-a129-c24ef9759940,2020-11-17,2020-11-18,322.85,0.1245230355480649,0,341.1310388888888,328.45,18.28103888888876,341.1310388888888
887d0166-8b94-4c38-8cb7-4563a3acf1c1,291aa1c6-c027-45a2-a129-c24ef9759940,2020-11-18,2020-11-19,352.8,0.2111138929516071,1,0.0,322.85,352.8,322.85
887d0166-8b94-4c38-8cb7-4563a3acf1c1,291aa1c6-c027-45a2-a129-c24ef9759940,2020-11-19,2020-11-20,341.1,0.1258914811264956,0,330.0525499999999,352.8,11.04745000000014,330.0525499999999
887d0166-8b94-4c38-8cb7-4563a3acf1c1,291aa1c6-c027-45a2-a129-c24ef9759940,2020-11-20,2020-11-21,331.88,0.1147292038833678,0,332.4609666666668,341.1,0.580966666666825,332.4609666666668
887d0166-8b94-4c38-8cb7-4563a3acf1c1,291aa1c6-c027-45a2-a129-c24ef9759940,2020-11-21,2020-11-22,352.65,0.1051495845562853,0,345.4317777777778,331.88,7.218222222222153,345.4317777777778
887d0166-8b94-4c38-8cb7-4563a3acf1c1,291aa1c6-c027-45a2-a129-c24ef9759940,2020-11-22,2020-11-23,371.41,0.1024507658484375,0,333.83206111111093,352.65,37.57793888888909,333.83206111111093
887d0166-8b94-4c38-8cb7-4563a3acf1c1,291aa1c6-c027-45a2-a129-c24ef9759940,2020-11-23,2020-11-24,330.57,0.0819521084672268,0,352.4643944444442,371.41,21.89439444444423,352.4643944444442
887d0166-8b94-4c38-8cb7-4563a3acf1c1,291aa1c6-c027-45a2-a129-c24ef9759940,2020-11-24,2020-11-25,339.22,0.1119304620055588,0,333.6003055555554,330.57,5.619694444444633,333.6003055555554
887d0166-8b94-4c38-8cb7-4563a3acf1c1,291aa1c6-c027-45a2-a129-c24ef9759940,2020-11-25,2020-11-26,330.63,0.1103672215045661,0,333.9241888888887,339.22,3.294188888888698,333.9241888888887
887d0166-8b94-4c38-8cb7-4563a3acf1c1,291aa1c6-c027-45a2-a129-c24ef9759940,2020-11-26,2020-11-27,347.2,0.1202596189153762,0,341.92777222222213,330.63,5.272227777777857,341.92777222222213
887d0166-8b94-4c38-8cb7-4563a3acf1c1,291aa1c6-c027-45a2-a129-c24ef9759940,2020-11-27,2020-11-28,340.79,0.0757148421185359,0,336.9462777777777,347.2,3.8437222222223113,336.9462777777777
887d0166-8b94-4c38-8cb7-4563a3acf1c1,291aa1c6-c027-45a2-a129-c24ef9759940,2020-11-28,2020-11-29,330.18,0.0863457514600853,0,336.8971500000002,340.79,6.717150000000174,336.8971500000002
887d0166-8b94-4c38-8cb7-4563a3acf1c1,291aa1c6-c027-45a2-a129-c24ef9759940,2020-11-29,2020-11-30,370.48,0.0989566994708394,0,341.5448166666666,330.18,28.93518333333344,341.5448166666666
887d0166-8b94-4c38-8cb7-4563a3acf1c1,291aa1c6-c027-45a2-a129-c24ef9759940,2020-11-30,2020-12-01,311.5,0.0841876767329829,0,352.2249166666666,370.48,40.724916666666616,352.2249166666666
887d0166-8b94-4c38-8cb7-4563a3acf1c1,291aa1c6-c027-45a2-a129-c24ef9759940,2020-12-01,2020-12-02,336.65,0.116066126295043,0,332.98021111111115,311.5,3.669788888888832,332.98021111111115
887d0166-8b94-4c38-8cb7-4563a3acf1c1,291aa1c6-c027-45a2-a129-c24ef9759940,2020-12-02,2020-12-03,345.85,0.1382301149059419,0,335.07840555555543,336.65,10.771594444444588,335.07840555555543
887d0166-8b94-4c38-8cb7-4563a3acf1c1,291aa1c6-c027-45a2-a129-c24ef9759940,2020-12-03,2020-12-04,327.64,0.1157995773398947,0,332.9212055555554,345.85,5.2812055555554025,332.9212055555554
887d0166-8b94-4c38-8cb7-4563a3acf1c1,291aa1c6-c027-45a2-a129-c24ef9759940,2020-12-04,2020-12-05,341.13,0.0950591546873578,0,335.605611111111,327.64,5.524388888889007,335.605611111111
887d0166-8b94-4c38-8cb7-4563a3acf1c1,291aa1c6-c027-45a2-a129-c24ef9759940,2020-12-05,2020-12-06,338.55,0.1071461050002991,0,332.57192222222216,341.13,5.978077777777855,332.57192222222216
887d0166-8b94-4c38-8cb7-4563a3acf1c1,291aa1c6-c027-45a2-a129-c24ef9759940,2020-12-06,2020-12-07,351.68,0.1028844803295541,0,333.01942222222254,338.55,18.660577777777466,333.01942222222254
887d0166-8b94-4c38-8cb7-4563a3acf1c1,291aa1c6-c027-45a2-a129-c24ef9759940,2020-12-07,2020-12-08,351.09,0.090897037733745,0,349.0908555555557,351.68,1.999144444444255,349.0908555555557
887d0166-8b94-4c38-8cb7-4563a3acf1c1,291aa1c6-c027-45a2-a129-c24ef9759940,2020-12-08,2020-12-09,328.48,0.0967785878024975,0,331.7450500000003,351.09,3.265050000000258,331.7450500000003
887d0166-8b94-4c38-8cb7-4563a3acf1c1,291aa1c6-c027-45a2-a129-c24ef9759940,2020-12-09,2020-12-10,346.82,0.1218004768836697,0,336.92231666666675,328.48,9.897683333333248,336.92231666666675
887d0166-8b94-4c38-8cb7-4563a3acf1c1,291aa1c6-c027-45a2-a129-c24ef9759940,2020-12-10,2020-12-11,356.62,0.0857089513589238,0,337.09024444444447,346.82,19.52975555555554,337.09024444444447
887d0166-8b94-4c38-8cb7-4563a3acf1c1,291aa1c6-c027-45a2-a129-c24ef9759940,2020-12-11,2020-12-12,334.06,0.1173153877181457,0,333.1082722222224,356.62,0.9517277777775917,333.1082722222224
887d0166-8b94-4c38-8cb7-4563a3acf1c1,291aa1c6-c027-45a2-a129-c24ef9759940,2020-12-12,2020-12-13,322.08,0.1173917237711493,0,338.7548722222224,334.06,16.674872222222405,338.7548722222224
887d0166-8b94-4c38-8cb7-4563a3acf1c1,291aa1c6-c027-45a2-a129-c24ef9759940,2020-12-13,2020-12-14,319.53,0.1024760180579291,0,335.89132777777786,322.08,16.361327777777888,335.89132777777786
887d0166-8b94-4c38-8cb7-4563a3acf1c1,291aa1c6-c027-45a2-a129-c24ef9759940,2020-12-14,2020-12-15,339.64,0.0718817743866471,0,337.2806833333335,319.53,2.359316666666473,337.2806833333335
887d0166-8b94-4c38-8cb7-4563a3acf1c1,291aa1c6-c027-45a2-a129-c24ef9759940,2020-12-15,2020-12-16,313.94,0.1454936702529889,0,331.46268888888926,339.64,17.522688888889263,331.46268888888926
887d0166-8b94-4c38-8cb7-4563a3acf1c1,291aa1c6-c027-45a2-a129-c24ef9759940,2020-12-16,2020-12-17,318.16,0.110678266661771,0,328.43866111111123,313.94,10.278661111111203,328.43866111111123
887d0166-8b94-4c38-8cb7-4563a3acf1c1,291aa1c6-c027-45a2-a129-c24ef9759940,2020-12-17,2020-12-18,329.56,0.114745978321569,0,333.0231888888892,318.16,3.463188888889192,333.0231888888892
887d0166-8b94-4c38-8cb7-4563a3acf1c1,291aa1c6-c027-45a2-a129-c24ef9759940,2020-12-18,2020-12-19,311.95,0.1213799305248432,0,338.3803666666668,329.56,26.43036666666677,338.3803666666668
887d0166-8b94-4c38-8cb7-4563a3acf1c1,291aa1c6-c027-45a2-a129-c24ef9759940,2020-12-19,2020-12-20,323.34,0.1084163614419636,0,328.1527555555557,311.95,4.812755555555725,328.1527555555557
887d0166-8b94-4c38-8cb7-4563a3acf1c1,291aa1c6-c027-45a2-a129-c24ef9759940,2020-12-20,2020-12-21,338.27,0.0960458998040255,0,322.53445555555555,323.34,15.735544444444429,322.53445555555555
887d0166-8b94-4c38-8cb7-4563a3acf1c1,291aa1c6-c027-45a2-a129-c24ef9759940,2020-12-21,2020-12-22,305.55,0.0909086973787995,0,324.2818055555557,338.27,18.73180555555569,324.2818055555557
887d0166-8b94-4c38-8cb7-4563a3acf1c1,291aa1c6-c027-45a2-a129-c24ef9759940,2020-12-22,2020-12-23,327.72,0.1360983153258345,0,326.984927777778,305.55,0.7350722222220156,326.984927777778
887d0166-8b94-4c38-8cb7-4563a3acf1c1,291aa1c6-c027-45a2-a129-c24ef9759940,2020-12-23,2020-12-24,331.94,0.1087631242499173,0,322.2380666666668,327.72,9.701933333333216,322.2380666666668
887d0166-8b94-4c38-8cb7-4563a3acf1c1,291aa1c6-c027-45a2-a129-c24ef9759940,2020-12-24,2020-12-25,341.65,0.0984254738820333,0,325.73937222222213,331.94,15.910627777777847,325.73937222222213
887d0166-8b94-4c38-8cb7-4563a3acf1c1,291aa1c6-c027-45a2-a129-c24ef9759940,2020-12-25,2020-12-26,321.21,0.1247297678780141,0,331.1360833333335,341.65,9.926083333333509,331.1360833333335
887d0166-8b94-4c38-8cb7-4563a3acf1c1,291aa1c6-c027-45a2-a129-c24ef9759940,2020-12-26,2020-12-27,317.85,0.1150653888871383,0,327.62449444444474,321.21,9.774494444444713,327.62449444444474
887d0166-8b94-4c38-8cb7-4563a3acf1c1,291aa1c6-c027-45a2-a129-c24ef9759940,2020-12-27,2020-12-28,313.99,0.1215931137246578,0,326.43644999999987,317.85,12.446449999999857,326.43644999999987
887d0166-8b94-4c38-8cb7-4563a3acf1c1,291aa1c6-c027-45a2-a129-c24ef9759940,2020-12-28,2020-12-29,304.88,0.1117539260278411,0,328.79739444444465,313.99,23.917394444444653,328.79739444444465
887d0166-8b94-4c38-8cb7-4563a3acf1c1,291aa1c6-c027-45a2-a129-c24ef9759940,2020-12-29,2020-12-30,337.53,0.1069337200754748,0,327.24561666666654,304.88,10.284383333333436,327.24561666666654
887d0166-8b94-4c38-8cb7-4563a3acf1c1,291aa1c6-c027-45a2-a129-c24ef9759940,2020-12-30,2020-12-31,320.39,0.1189503059246964,0,325.20217777777765,337.53,4.812177777777663,325.20217777777765
9966099e-8713-4656-c252-4a050fb3317c,acc35770-82ba-4b5f-65e5-17c372a7539a,2020-08-23,2020-08-24,1860.65,0.2535465068143908,1,0.0,1762.82,1860.65,1762.82
9966099e-8713-4656-c252-4a050fb3317c,acc35770-82ba-4b5f-65e5-17c372a7539a,2020-08-24,2020-08-25,2099.85,0.1580978388505636,1,0.0,1860.65,2099.85,1860.65
9966099e-8713-4656-c252-4a050fb3317c,acc35770-82ba-4b5f-65e5-17c372a7539a,2020-08-25,2020-08-26,1769.19,0.1022065671565003,0,1922.771655555556,2099.85,153.5816555555557,1922.771655555556
9966099e-8713-4656-c252-4a050fb3317c,acc35770-82ba-4b5f-65e5-17c372a7539a,2020-08-26,2020-08-27,1885.01,0.224200434305862,1,0.0,1769.19,1885.01,1769.19
9966099e-8713-4656-c252-4a050fb3317c,acc35770-82ba-4b5f-65e5-17c372a7539a,2020-08-27,2020-08-28,1885.22,0.1326957913104811,0,1918.7388277777784,1885.01,33.51882777777837,1918.7388277777784
9966099e-8713-4656-c252-4a050fb3317c,acc35770-82ba-4b5f-65e5-17c372a7539a,2020-08-28,2020-08-29,1929.25,0.0861388857261799,0,1899.901633333332,1885.22,29.3483666666682,1899.901633333332
9966099e-8713-4656-c252-4a050fb3317c,acc35770-82ba-4b5f-65e5-17c372a7539a,2020-08-29,2020-08-30,1939.95,0.2123763203614822,1,0.0,1929.25,1939.95,1929.25
9966099e-8713-4656-c252-4a050fb3317c,acc35770-82ba-4b5f-65e5-17c372a7539a,2020-08-30,2020-08-31,1849.46,0.1739752498378132,1,0.0,1939.95,1849.46,1939.95
9966099e-8713-4656-c252-4a050fb3317c,acc35770-82ba-4b5f-65e5-17c372a7539a,2020-08-31,2020-09-01,1982.49,0.1514881746908346,1,0.0,1849.46,1982.49,1849.46
9966099e-8713-4656-c252-4a050fb3317c,acc35770-82ba-4b5f-65e5-17c372a7539a,2020-09-01,2020-09-02,1838.04,0.1153113501399171,0,1932.880588888888,1982.49,94.84058888888808,1932.880588888888
9966099e-8713-4656-c252-4a050fb3317c,acc35770-82ba-4b5f-65e5-17c372a7539a,2020-09-02,2020-09-03,1949.43,0.122053876330517,0,1902.685816666666,1838.04,46.74418333333415,1902.685816666666
9966099e-8713-4656-c252-4a050fb3317c,acc35770-82ba-4b5f-65e5-17c372a7539a,2020-09-03,2020-09-04,1750.75,0.1590670628471206,1,0.0,1949.43,1750.75,1949.43
9966099e-8713-4656-c252-4a050fb3317c,acc35770-82ba-4b5f-65e5-17c372a7539a,2020-09-04,2020-09-05,1818.42,0.1639058549815499,1,0.0,1750.75,1818.42,1750.75
9966099e-8713-4656-c252-4a050fb3317c,acc35770-82ba-4b5f-65e5-17c372a7539a,2020-09-05,2020-09-06,1749.77,0.2153731867696691,1,0.0,1818.42,1749.77,1818.42
9966099e-8713-4656-c252-4a050fb3317c,acc35770-82ba-4b5f-65e5-17c372a7539a,2020-09-06,2020-09-07,1911.05,0.3166418549168293,1,0.0,1749.77,1911.05,1749.77
9966099e-8713-4656-c252-4a050fb3317c,acc35770-82ba-4b5f-65e5-17c372a7539a,2020-09-07,2020-09-08,1912.97,0.1325013210512818,0,1942.300788888891,1911.05,29.330788888890996,1942.300788888891
9966099e-8713-4656-c252-4a050fb3317c,acc35770-82ba-4b5f-65e5-17c372a7539a,2020-09-08,2020-09-09,1843.79,0.1720604922550241,1,0.0,1912.97,1843.79,1912.97
9966099e-8713-4656-c252-4a050fb3317c,acc35770-82ba-4b5f-65e5-17c372a7539a,2020-09-09,2020-09-10,1904.48,0.2148660805724112,1,0.0,1843.79,1904.48,1843.79
9966099e-8713-4656-c252-4a050fb3317c,acc35770-82ba-4b5f-65e5-17c372a7539a,2020-09-10,2020-09-11,1769.13,0.1487191484595562,0,1929.085861111112,1904.48,159.95586111111197,1929.085861111112
9966099e-8713-4656-c252-4a050fb3317c,acc35770-82ba-4b5f-65e5-17c372a7539a,2020-09-11,2020-09-12,1994.68,0.1733833322605877,1,0.0,1769.13,1994.68,1769.13
9966099e-8713-4656-c252-4a050fb3317c,acc35770-82ba-4b5f-65e5-17c372a7539a,2020-09-12,2020-09-13,1958.92,0.2138529253725304,1,0.0,1994.68,1958.92,1994.68
9966099e-8713-4656-c252-4a050fb3317c,acc35770-82ba-4b5f-65e5-17c372a7539a,2020-09-13,2020-09-14,1785.17,0.1375594011124854,0,1870.936980555556,1958.92,85.76698055555562,1870.936980555556
9966099e-8713-4656-c252-4a050fb3317c,acc35770-82ba-4b5f-65e5-17c372a7539a,2020-09-14,2020-09-15,1760.44,0.1325891355838406,0,1911.420400000001,1785.17,150.98040000000103,1911.420400000001
9966099e-8713-4656-c252-4a050fb3317c,acc35770-82ba-4b5f-65e5-17c372a7539a,2020-09-15,2020-09-16,1821.68,0.1310855715872869,0,1913.5679249999996,1760.44,91.88792499999931,1913.5679249999996
9966099e-8713-4656-c252-4a050fb3317c,acc35770-82ba-4b5f-65e5-17c372a7539a,2020-09-16,2020-09-17,1886.48,0.1202047911231759,0,1903.598372222223,1821.68,17.11837222222266,1903.598372222223
9966099e-8713-4656-c252-4a050fb3317c,acc35770-82ba-4b5f-65e5-17c372a7539a,2020-09-17,2020-09-18,1873.98,0.1365743089630031,0,1926.029344444446,1886.48,52.04934444444598,1926.029344444446
9966099e-8713-4656-c252-4a050fb3317c,acc35770-82ba-4b5f-65e5-17c372a7539a,2020-09-18,2020-09-19,1764.77,0.1351169566400219,0,1916.718922222223,1873.98,151.94892222222302,1916.718922222223
9966099e-8713-4656-c252-4a050fb3317c,acc35770-82ba-4b5f-65e5-17c372a7539a,2020-09-19,2020-09-20,1819.69,0.130026274019352,0,1914.3599361111117,1764.77,94.66993611111138,1914.3599361111117
9966099e-8713-4656-c252-4a050fb3317c,acc35770-82ba-4b5f-65e5-17c372a7539a,2020-09-20,2020-09-21,1887.64,0.2620852518215804,1,0.0,1819.69,1887.64,1819.69
9966099e-8713-4656-c252-4a050fb3317c,acc35770-82ba-4b5f-65e5-17c372a7539a,2020-09-21,2020-09-22,1817.58,0.1606925725705477,1,0.0,1887.64,1817.58,1887.64
9966099e-8713-4656-c252-4a050fb3317c,acc35770-82ba-4b5f-65e5-17c372a7539a,2020-09-22,2020-09-23,1862.08,0.0838403747393955,0,1919.1649277777776,1817.58,57.08492777777769,1919.1649277777776
9966099e-8713-4656-c252-4a050fb3317c,acc35770-82ba-4b5f-65e5-17c372a7539a,2020-09-23,2020-09-24,1944.55,0.112083898423394,0,1914.6400000000003,1862.08,29.909999999999627,1914.6400000000003
9966099e-8713-4656-c252-4a050fb3317c,acc35770-82ba-4b5f-65e5-17c372a7539a,2020-09-24,2020-09-25,0.0,0.0869187757347996,0,1967.8636777777808,1944.55,1967.8636777777808,1967.8636777777808
9966099e-8713-4656-c252-4a050fb3317c,acc35770-82ba-4b5f-65e5-17c372a7539a,2020-09-25,2020-09-26,1931.24,0.0104210671591063,0,1949.579494444445,0.0,18.339494444444654,1949.579494444445
9966099e-8713-4656-c252-4a050fb3317c,acc35770-82ba-4b5f-65e5-17c372a7539a,2020-09-26,2020-09-27,1840.76,0.0487721248498603,0,1955.5403055555569,1931.24,114.78030555555664,1955.5403055555569
9966099e-8713-4656-c252-4a050fb3317c,acc35770-82ba-4b5f-65e5-17c372a7539a,2020-09-27,2020-09-28,1831.22,0.1240852978396168,0,1960.5481083333332,1840.76,129.32810833333338,1960.5481083333332
9966099e-8713-4656-c252-4a050fb3317c,acc35770-82ba-4b5f-65e5-17c372a7539a,2020-09-28,2020-09-29,1720.4,0.0996839035978033,0,1929.8093388888904,1831.22,209.40933888889023,1929.8093388888904
9966099e-8713-4656-c252-4a050fb3317c,acc35770-82ba-4b5f-65e5-17c372a7539a,2020-09-29,2020-09-30,1912.09,0.0932289305576549,0,1954.4262444444453,1720.4,42.33624444444558,1954.4262444444453
9966099e-8713-4656-c252-4a050fb3317c,acc35770-82ba-4b5f-65e5-17c372a7539a,2020-09-30,2020-10-01,2026.83,0.0914799128546909,0,1977.1931000000016,1912.09,49.63689999999815,1977.1931000000016
9966099e-8713-4656-c252-4a050fb3317c,acc35770-82ba-4b5f-65e5-17c372a7539a,2020-10-01,2020-10-02,1742.83,0.0869564611704656,0,1931.7469888888904,2026.83,188.91698888889027,1931.7469888888904
9966099e-8713-4656-c252-4a050fb3317c,acc35770-82ba-4b5f-65e5-17c372a7539a,2020-10-02,2020-10-03,1750.21,0.0725604265487518,0,1955.15733888889,1742.83,204.94733888889004,1955.15733888889
9966099e-8713-4656-c252-4a050fb3317c,acc35770-82ba-4b5f-65e5-17c372a7539a,2020-10-03,2020-10-04,1979.87,0.1736316661269288,1,0.0,1750.21,1979.87,1750.21
9966099e-8713-4656-c252-4a050fb3317c,acc35770-82ba-4b5f-65e5-17c372a7539a,2020-10-04,2020-10-05,1890.34,0.1323581067088299,0,1958.3679888888892,1979.87,68.02798888888947,1958.3679888888892
9966099e-8713-4656-c252-4a050fb3317c,acc35770-82ba-4b5f-65e5-17c372a7539a,2020-10-05,2020-10-06,1767.47,0.1366735431968058,0,1959.050811111111,1890.34,191.58081111111096,1959.050811111111
9966099e-8713-4656-c252-4a050fb3317c,acc35770-82ba-4b5f-65e5-17c372a7539a,2020-10-06,2020-10-07,1986.96,0.1201755455550021,0,1923.3976833333345,1767.47,63.562316666665765,1923.3976833333345
9966099e-8713-4656-c252-4a050fb3317c,acc35770-82ba-4b5f-65e5-17c372a7539a,2020-10-07,2020-10-08,1783.58,0.1106554194858112,0,1932.7292111111128,1986.96,149.14921111111266,1932.7292111111128
9966099e-8713-4656-c252-4a050fb3317c,acc35770-82ba-4b5f-65e5-17c372a7539a,2020-10-08,2020-10-09,1825.35,0.1741590382006637,1,0.0,1783.58,1825.35,1783.58
9966099e-8713-4656-c252-4a050fb3317c,acc35770-82ba-4b5f-65e5-17c372a7539a,2020-10-09,2020-10-10,1851.6,0.0970598455331083,0,1937.9910444444436,1825.35,86.39104444444342,1937.9910444444436
9966099e-8713-4656-c252-4a050fb3317c,acc35770-82ba-4b5f-65e5-17c372a7539a,2020-10-10,2020-10-11,1888.88,0.1165439899321189,0,1912.1558111111117,1851.6,23.275811111111352,1912.1558111111117
9966099e-8713-4656-c252-4a050fb3317c,acc35770-82ba-4b5f-65e5-17c372a7539a,2020-10-11,2020-10-12,1856.66,0.1615633208134355,1,0.0,1888.88,1856.66,1888.88
9966099e-8713-4656-c252-4a050fb3317c,acc35770-82ba-4b5f-65e5-17c372a7539a,2020-10-12,2020-10-13,2011.1,0.110095756608644,0,1930.5188222222223,1856.66,80.58117777777738,1930.5188222222223
9966099e-8713-4656-c252-4a050fb3317c,acc35770-82ba-4b5f-65e5-17c372a7539a,2020-10-13,2020-10-14,1940.4,0.092739798140727,0,1923.050566666666,2011.1,17.34943333333399,1923.050566666666
9966099e-8713-4656-c252-4a050fb3317c,acc35770-82ba-4b5f-65e5-17c372a7539a,2020-10-14,2020-10-15,1957.21,0.0742636121087018,0,1963.6310555555567,1940.4,6.421055555556677,1963.6310555555567
9966099e-8713-4656-c252-4a050fb3317c,acc35770-82ba-4b5f-65e5-17c372a7539a,2020-10-15,2020-10-16,1748.34,0.1044028270099293,0,1944.1880722222224,1957.21,195.8480722222223,1944.1880722222224
9966099e-8713-4656-c252-4a050fb3317c,acc35770-82ba-4b5f-65e5-17c372a7539a,2020-10-16,2020-10-17,1834.35,0.1421279725214141,0,1915.906227777778,1748.34,81.55622777777808,1915.906227777778
9966099e-8713-4656-c252-4a050fb3317c,acc35770-82ba-4b5f-65e5-17c372a7539a,2020-10-17,2020-10-18,1961.04,0.106207206596959,0,1936.9257388888889,1834.35,24.11426111111109,1936.9257388888889
9966099e-8713-4656-c252-4a050fb3317c,acc35770-82ba-4b5f-65e5-17c372a7539a,2020-10-18,2020-10-19,1764.99,0.1602039106171447,1,0.0,1961.04,1764.99,1961.04
9966099e-8713-4656-c252-4a050fb3317c,acc35770-82ba-4b5f-65e5-17c372a7539a,2020-10-19,2020-10-20,1763.46,0.1266568116815029,0,1911.515738888889,1764.99,148.05573888888898,1911.515738888889
9966099e-8713-4656-c252-4a050fb3317c,acc35770-82ba-4b5f-65e5-17c372a7539a,2020-10-20,2020-10-21,1880.58,0.1082559646610581,0,1926.160127777778,1763.46,45.580127777778216,1926.160127777778
9966099e-8713-4656-c252-4a050fb3317c,acc35770-82ba-4b5f-65e5-17c372a7539a,2020-10-21,2020-10-22,1836.03,0.12833408032053,0,1922.7145138888875,1880.58,86.68451388888752,1922.7145138888875
9966099e-8713-4656-c252-4a050fb3317c,acc35770-82ba-4b5f-65e5-17c372a7539a,2020-10-22,2020-10-23,1789.58,0.1102020482005675,0,1832.4596722222225,1836.03,42.87967222222255,1832.4596722222225
9966099e-8713-4656-c252-4a050fb3317c,acc35770-82ba-4b5f-65e5-17c372a7539a,2020-10-23,2020-10-24,1813.58,0.1130181351889858,0,1923.2876055555532,1789.58,109.70760555555351,1923.2876055555532
9966099e-8713-4656-c252-4a050fb3317c,acc35770-82ba-4b5f-65e5-17c372a7539a,2020-10-24,2020-10-25,1631.18,0.1249527094458567,0,1905.5573805555557,1813.58,274.3773805555554,1905.5573805555557
9966099e-8713-4656-c252-4a050fb3317c,acc35770-82ba-4b5f-65e5-17c372a7539a,2020-10-25,2020-10-26,1754.78,0.1668878683966118,1,0.0,1631.18,1754.78,1631.18
9966099e-8713-4656-c252-4a050fb3317c,acc35770-82ba-4b5f-65e5-17c372a7539a,2020-10-26,2020-10-27,1708.02,0.1381285600745112,0,1914.0444611111109,1754.78,206.0244611111109,1914.0444611111109
9966099e-8713-4656-c252-4a050fb3317c,acc35770-82ba-4b5f-65e5-17c372a7539a,2020-10-27,2020-10-28,1928.45,0.1391664121255966,0,1900.563830555556,1708.02,27.886169444444025,1900.563830555556
9966099e-8713-4656-c252-4a050fb3317c,acc35770-82ba-4b5f-65e5-17c372a7539a,2020-10-28,2020-10-29,1761.77,0.0856952544299641,0,1909.909294444444,1928.45,148.13929444444375,1909.909294444444
9966099e-8713-4656-c252-4a050fb3317c,acc35770-82ba-4b5f-65e5-17c372a7539a,2020-10-29,2020-10-30,1782.75,0.158464981435004,1,0.0,1761.77,1782.75,1761.77
9966099e-8713-4656-c252-4a050fb3317c,acc35770-82ba-4b5f-65e5-17c372a7539a,2020-10-30,2020-10-31,1873.32,0.1235499685581372,0,1880.8794166666676,1782.75,7.559416666667403,1880.8794166666676
9966099e-8713-4656-c252-4a050fb3317c,acc35770-82ba-4b5f-65e5-17c372a7539a,2020-10-31,2020-11-01,1913.52,0.1776582343447684,1,0.0,1873.32,1913.52,1873.32
9966099e-8713-4656-c252-4a050fb3317c,acc35770-82ba-4b5f-65e5-17c372a7539a,2020-11-01,2020-11-02,1792.08,0.0891672067804536,0,1827.3195222222216,1913.52,35.23952222222192,1827.3195222222216
9966099e-8713-4656-c252-4a050fb3317c,acc35770-82ba-4b5f-65e5-17c372a7539a,2020-11-02,2020-11-03,1692.42,0.1390256135021816,0,1915.270133333335,1792.08,222.85013333333492,1915.270133333335
9966099e-8713-4656-c252-4a050fb3317c,acc35770-82ba-4b5f-65e5-17c372a7539a,2020-11-03,2020-11-04,1716.0,0.1810595480602435,1,0.0,1692.42,1716.0,1692.42
9966099e-8713-4656-c252-4a050fb3317c,acc35770-82ba-4b5f-65e5-17c372a7539a,2020-11-04,2020-11-05,1787.52,0.138547149050744,0,1843.9900222222225,1716.0,56.4700222222225,1843.9900222222225
9966099e-8713-4656-c252-4a050fb3317c,acc35770-82ba-4b5f-65e5-17c372a7539a,2020-11-05,2020-11-06,1787.77,0.094113612977839,0,1829.3940166666655,1787.52,41.62401666666574,1829.3940166666655
9966099e-8713-4656-c252-4a050fb3317c,acc35770-82ba-4b5f-65e5-17c372a7539a,2020-11-06,2020-11-07,1687.15,0.1016403943255612,0,1857.672005555556,1787.77,170.522005555556,1857.672005555556
9966099e-8713-4656-c252-4a050fb3317c,acc35770-82ba-4b5f-65e5-17c372a7539a,2020-11-07,2020-11-08,0.0,0.0783431822659982,0,1867.6525999999992,1687.15,1867.6525999999992,1867.6525999999992
9966099e-8713-4656-c252-4a050fb3317c,acc35770-82ba-4b5f-65e5-17c372a7539a,2020-11-08,2020-11-09,1615.75,0.0344227119338069,0,1907.798455555556,0.0,292.0484555555561,1907.798455555556
9966099e-8713-4656-c252-4a050fb3317c,acc35770-82ba-4b5f-65e5-17c372a7539a,2020-11-09,2020-11-10,1649.14,0.0805519837408443,0,1901.4780055555557,1615.75,252.33800555555536,1901.4780055555557
9966099e-8713-4656-c252-4a050fb3317c,acc35770-82ba-4b5f-65e5-17c372a7539a,2020-11-10,2020-11-11,1728.54,0.0610032989669225,0,1865.725238888888,1649.14,137.18523888888808,1865.725238888888
9966099e-8713-4656-c252-4a050fb3317c,acc35770-82ba-4b5f-65e5-17c372a7539a,2020-11-11,2020-11-12,1717.76,0.0667325666473669,0,1881.4829666666656,1728.54,163.72296666666557,1881.4829666666656
9966099e-8713-4656-c252-4a050fb3317c,acc35770-82ba-4b5f-65e5-17c372a7539a,2020-11-12,2020-11-13,1603.91,0.0749952333854146,0,1892.5163111111103,1717.76,288.6063111111105,1892.5163111111103
9966099e-8713-4656-c252-4a050fb3317c,acc35770-82ba-4b5f-65e5-17c372a7539a,2020-11-13,2020-11-14,1719.56,0.1415701037492995,0,1902.3524500000003,1603.91,182.7924500000004,1902.3524500000003
9966099e-8713-4656-c252-4a050fb3317c,acc35770-82ba-4b5f-65e5-17c372a7539a,2020-11-14,2020-11-15,1889.45,0.121405495620824,0,1884.147927777777,1719.56,5.302072222222705,1884.147927777777
9966099e-8713-4656-c252-4a050fb3317c,acc35770-82ba-4b5f-65e5-17c372a7539a,2020-11-15,2020-11-16,1767.27,0.0771037404250887,0,1949.9984888888896,1889.45,182.7284888888896,1949.9984888888896
9966099e-8713-4656-c252-4a050fb3317c,acc35770-82ba-4b5f-65e5-17c372a7539a,2020-11-16,2020-11-17,1916.3,0.0964235213648273,0,1906.8814305555563,1767.27,9.41856944444362,1906.8814305555563
9966099e-8713-4656-c252-4a050fb3317c,acc35770-82ba-4b5f-65e5-17c372a7539a,2020-11-17,2020-11-18,1731.91,0.1053320676924134,0,1919.9592777777784,1916.3,188.0492777777781,1919.9592777777784
9966099e-8713-4656-c252-4a050fb3317c,acc35770-82ba-4b5f-65e5-17c372a7539a,2020-11-18,2020-11-19,1726.96,0.0856917007082243,0,1928.4830000000013,1731.91,201.52300000000128,1928.4830000000013
9966099e-8713-4656-c252-4a050fb3317c,acc35770-82ba-4b5f-65e5-17c372a7539a,2020-11-19,2020-11-20,1751.49,0.1070254190808776,0,1921.6371222222217,1726.96,170.1471222222217,1921.6371222222217
9966099e-8713-4656-c252-4a050fb3317c,acc35770-82ba-4b5f-65e5-17c372a7539a,2020-11-20,2020-11-21,1888.98,0.1148952718204447,0,1896.9700583333329,1751.49,7.990058333332854,1896.9700583333329
9966099e-8713-4656-c252-4a050fb3317c,acc35770-82ba-4b5f-65e5-17c372a7539a,2020-11-21,2020-11-22,1863.22,0.1234996555788876,0,1901.4801388888875,1888.98,38.26013888888747,1901.4801388888875
9966099e-8713-4656-c252-4a050fb3317c,acc35770-82ba-4b5f-65e5-17c372a7539a,2020-11-22,2020-11-23,0.0,0.1663278380893265,1,0.0,1863.22,0.0,1863.22
9966099e-8713-4656-c252-4a050fb3317c,acc35770-82ba-4b5f-65e5-17c372a7539a,2020-11-23,2020-11-24,1754.85,0.0368381951299089,0,1925.332977777778,0.0,170.48297777777816,1925.332977777778
9966099e-8713-4656-c252-4a050fb3317c,acc35770-82ba-4b5f-65e5-17c372a7539a,2020-11-24,2020-11-25,1643.43,0.0669217814217718,0,1939.4360333333336,1754.85,296.0060333333336,1939.4360333333336
9966099e-8713-4656-c252-4a050fb3317c,acc35770-82ba-4b5f-65e5-17c372a7539a,2020-11-25,2020-11-26,1602.02,0.0853379086092607,0,1921.9520888888892,1643.43,319.93208888888944,1921.9520888888892
9966099e-8713-4656-c252-4a050fb3317c,acc35770-82ba-4b5f-65e5-17c372a7539a,2020-11-26,2020-11-27,1673.09,0.091747889501702,0,1919.525083333334,1602.02,246.435083333334,1919.525083333334
9966099e-8713-4656-c252-4a050fb3317c,acc35770-82ba-4b5f-65e5-17c372a7539a,2020-11-27,2020-11-28,1844.58,0.0749837867243771,0,1920.5459888888884,1673.09,75.96598888888843,1920.5459888888884
9966099e-8713-4656-c252-4a050fb3317c,acc35770-82ba-4b5f-65e5-17c372a7539a,2020-11-28,2020-11-29,1865.77,0.1167522348567831,0,1937.470108333334,1844.58,71.70010833333413,1937.470108333334
9966099e-8713-4656-c252-4a050fb3317c,acc35770-82ba-4b5f-65e5-17c372a7539a,2020-11-29,2020-11-30,1572.36,0.1012648902948028,0,1945.4522833333344,1865.77,373.0922833333343,1945.4522833333344
9966099e-8713-4656-c252-4a050fb3317c,acc35770-82ba-4b5f-65e5-17c372a7539a,2020-11-30,2020-12-01,1820.63,0.0791778942259728,0,1904.9928388888893,1572.36,84.3628388888892,1904.9928388888893
9966099e-8713-4656-c252-4a050fb3317c,acc35770-82ba-4b5f-65e5-17c372a7539a,2020-12-01,2020-12-02,1862.14,0.139287273066673,0,1902.042694444444,1820.63,39.90269444444357,1902.042694444444
9966099e-8713-4656-c252-4a050fb3317c,acc35770-82ba-4b5f-65e5-17c372a7539a,2020-12-02,2020-12-03,1806.66,0.1036307556372283,0,1843.371416666666,1862.14,36.711416666665855,1843.371416666666
9966099e-8713-4656-c252-4a050fb3317c,acc35770-82ba-4b5f-65e5-17c372a7539a,2020-12-03,2020-12-04,1657.09,0.1197795608798168,0,1923.2078611111112,1806.66,266.1178611111113,1923.2078611111112
9966099e-8713-4656-c252-4a050fb3317c,acc35770-82ba-4b5f-65e5-17c372a7539a,2020-12-04,2020-12-05,1763.78,0.1447561741916441,0,1892.9132555555543,1657.09,129.13325555555457,1892.9132555555543
9966099e-8713-4656-c252-4a050fb3317c,acc35770-82ba-4b5f-65e5-17c372a7539a,2020-12-05,2020-12-06,1565.14,0.0877011315635432,0,1882.715638888888,1763.78,317.57563888888785,1882.715638888888
9966099e-8713-4656-c252-4a050fb3317c,acc35770-82ba-4b5f-65e5-17c372a7539a,2020-12-06,2020-12-07,1574.05,0.1413777607955763,0,1895.270830555555,1565.14,321.22083055555504,1895.270830555555
9966099e-8713-4656-c252-4a050fb3317c,acc35770-82ba-4b5f-65e5-17c372a7539a,2020-12-07,2020-12-08,1910.74,0.1121836784190953,0,1886.105,1574.05,24.63500000000045,1886.105
9966099e-8713-4656-c252-4a050fb3317c,acc35770-82ba-4b5f-65e5-17c372a7539a,2020-12-08,2020-12-09,1646.09,0.0586105974086146,0,1881.6081222222213,1910.74,235.5181222222216,1881.6081222222213
9966099e-8713-4656-c252-4a050fb3317c,acc35770-82ba-4b5f-65e5-17c372a7539a,2020-12-09,2020-12-10,1588.65,0.0937840445554144,0,1918.664180555557,1646.09,330.014180555557,1918.664180555557
9966099e-8713-4656-c252-4a050fb3317c,acc35770-82ba-4b5f-65e5-17c372a7539a,2020-12-10,2020-12-11,1649.99,0.0988265194656546,0,1901.2065305555568,1588.65,251.21653055555657,1901.2065305555568
9966099e-8713-4656-c252-4a050fb3317c,acc35770-82ba-4b5f-65e5-17c372a7539a,2020-12-11,2020-12-12,1841.43,0.101417216647771,0,1904.400272222221,1649.99,62.97027222222096,1904.400272222221
9966099e-8713-4656-c252-4a050fb3317c,acc35770-82ba-4b5f-65e5-17c372a7539a,2020-12-12,2020-12-13,1775.65,0.0870861389813748,0,1923.5226,1841.43,147.87259999999992,1923.5226
9966099e-8713-4656-c252-4a050fb3317c,acc35770-82ba-4b5f-65e5-17c372a7539a,2020-12-13,2020-12-14,1618.38,0.1604768898073686,1,0.0,1775.65,1618.38,1775.65
9966099e-8713-4656-c252-4a050fb3317c,acc35770-82ba-4b5f-65e5-17c372a7539a,2020-12-14,2020-12-15,1665.44,0.1086150816631676,0,1837.9255277777777,1618.38,172.48552777777763,1837.9255277777777
9966099e-8713-4656-c252-4a050fb3317c,acc35770-82ba-4b5f-65e5-17c372a7539a,2020-12-15,2020-12-16,1710.95,0.1166714861367319,0,1895.3143388888884,1665.44,184.3643388888884,1895.3143388888884
9966099e-8713-4656-c252-4a050fb3317c,acc35770-82ba-4b5f-65e5-17c372a7539a,2020-12-16,2020-12-17,1724.27,0.0898165940481359,0,1886.2859722222208,1710.95,162.01597222222085,1886.2859722222208
9966099e-8713-4656-c252-4a050fb3317c,acc35770-82ba-4b5f-65e5-17c372a7539a,2020-12-17,2020-12-18,1707.81,0.0908709797785701,0,1883.7286166666652,1724.27,175.91861666666546,1883.7286166666652
9966099e-8713-4656-c252-4a050fb3317c,acc35770-82ba-4b5f-65e5-17c372a7539a,2020-12-18,2020-12-19,1585.91,0.1472248111701095,0,1892.1786722222207,1707.81,306.26867222222063,1892.1786722222207
9966099e-8713-4656-c252-4a050fb3317c,acc35770-82ba-4b5f-65e5-17c372a7539a,2020-12-19,2020-12-20,1641.82,0.1080158839304122,0,1830.6155611111117,1585.91,188.7955611111115,1830.6155611111117
9966099e-8713-4656-c252-4a050fb3317c,acc35770-82ba-4b5f-65e5-17c372a7539a,2020-12-20,2020-12-21,1569.45,0.1052954150077412,0,1857.5837166666652,1641.82,288.1337166666653,1857.5837166666652
9966099e-8713-4656-c252-4a050fb3317c,acc35770-82ba-4b5f-65e5-17c372a7539a,2020-12-21,2020-12-22,1737.69,0.0880186243186926,0,1889.670394444444,1569.45,151.98039444444385,1889.670394444444
9966099e-8713-4656-c252-4a050fb3317c,acc35770-82ba-4b5f-65e5-17c372a7539a,2020-12-22,2020-12-23,1646.72,0.081640924167795,0,1886.9050277777765,1737.69,240.18502777777644,1886.9050277777765
9966099e-8713-4656-c252-4a050fb3317c,acc35770-82ba-4b5f-65e5-17c372a7539a,2020-12-23,2020-12-24,1680.47,0.0883196632004928,0,1885.0410277777776,1646.72,204.57102777777777,1885.0410277777776
9966099e-8713-4656-c252-4a050fb3317c,acc35770-82ba-4b5f-65e5-17c372a7539a,2020-12-24,2020-12-25,1596.34,0.0915782380299975,0,1890.7030999999995,1680.47,294.3630999999996,1890.7030999999995
9966099e-8713-4656-c252-4a050fb3317c,acc35770-82ba-4b5f-65e5-17c372a7539a,2020-12-25,2020-12-26,1701.88,0.0973878286540652,0,1858.699655555556,1596.34,156.81965555555576,1858.699655555556
9966099e-8713-4656-c252-4a050fb3317c,acc35770-82ba-4b5f-65e5-17c372a7539a,2020-12-26,2020-12-27,1702.61,0.0949544411259356,0,1905.608122222221,1701.88,202.99812222222116,1905.608122222221
9966099e-8713-4656-c252-4a050fb3317c,acc35770-82ba-4b5f-65e5-17c372a7539a,2020-12-27,2020-12-28,0.0,0.1205542977051719,0,1906.1945861111108,1702.61,1906.1945861111108,1906.1945861111108
9966099e-8713-4656-c252-4a050fb3317c,acc35770-82ba-4b5f-65e5-17c372a7539a,2020-12-28,2020-12-29,1708.49,0.0245777689668403,0,1889.695083333333,0.0,181.20508333333305,1889.695083333333
9966099e-8713-4656-c252-4a050fb3317c,acc35770-82ba-4b5f-65e5-17c372a7539a,2020-12-29,2020-12-30,1547.8,0.052870441888457,0,1905.5435833333347,1708.49,357.74358333333475,1905.5435833333347
9966099e-8713-4656-c252-4a050fb3317c,acc35770-82ba-4b5f-65e5-17c372a7539a,2020-12-30,2020-12-31,1583.02,0.1307701624541378,0,1889.648027777777,1547.8,306.6280277777771,1889.648027777777
9e1e6829-24b0-4924-5afd-300923ddd499,fd03d0d4-e46a-488c-fa66-6d525011cbb7,2020-08-23,2020-08-24,902.79,0.1551600952994556,1,0.0,931.94,902.79,931.94
9e1e6829-24b0-4924-5afd-300923ddd499,fd03d0d4-e46a-488c-fa66-6d525011cbb7,2020-08-24,2020-08-25,833.92,0.0854446821883219,0,944.9931166666664,902.79,111.07311666666637,944.9931166666664
9e1e6829-24b0-4924-5afd-300923ddd499,fd03d0d4-e46a-488c-fa66-6d525011cbb7,2020-08-25,2020-08-26,947.42,0.1354231331434707,0,951.0926944444436,833.92,3.6726944444437777,951.0926944444436
9e1e6829-24b0-4924-5afd-300923ddd499,fd03d0d4-e46a-488c-fa66-6d525011cbb7,2020-08-26,2020-08-27,936.16,0.0837637478273363,0,953.6387277777778,947.42,17.478727777777863,953.6387277777778
9e1e6829-24b0-4924-5afd-300923ddd499,fd03d0d4-e46a-488c-fa66-6d525011cbb7,2020-08-27,2020-08-28,899.78,0.1117104653183918,0,942.5821777777776,936.16,42.80217777777773,942.5821777777776
9e1e6829-24b0-4924-5afd-300923ddd499,fd03d0d4-e46a-488c-fa66-6d525011cbb7,2020-08-28,2020-08-29,929.08,0.2261784335199092,1,0.0,899.78,929.08,899.78
9e1e6829-24b0-4924-5afd-300923ddd499,fd03d0d4-e46a-488c-fa66-6d525011cbb7,2020-08-29,2020-08-30,976.9,0.1174211615459799,0,956.7384888888882,929.08,20.161511111111736,956.7384888888882
9e1e6829-24b0-4924-5afd-300923ddd499,fd03d0d4-e46a-488c-fa66-6d525011cbb7,2020-08-30,2020-08-31,853.68,0.1275089318955796,0,940.8325277777778,976.9,87.15252777777789,940.8325277777778
9e1e6829-24b0-4924-5afd-300923ddd499,fd03d0d4-e46a-488c-fa66-6d525011cbb7,2020-08-31,2020-09-01,961.11,0.0564715755405859,0,928.6972,853.68,32.41279999999995,928.6972
9e1e6829-24b0-4924-5afd-300923ddd499,fd03d0d4-e46a-488c-fa66-6d525011cbb7,2020-09-01,2020-09-02,866.27,0.0646024596582016,0,946.6113444444449,961.11,80.34134444444476,946.6113444444449
9e1e6829-24b0-4924-5afd-300923ddd499,fd03d0d4-e46a-488c-fa66-6d525011cbb7,2020-09-02,2020-09-03,854.64,0.1353560023906344,0,933.726505555556,866.27,79.08650555555596,933.726505555556
9e1e6829-24b0-4924-5afd-300923ddd499,fd03d0d4-e46a-488c-fa66-6d525011cbb7,2020-09-03,2020-09-04,893.57,0.0821840381207184,0,946.342266666666,854.64,52.77226666666581,946.342266666666
9e1e6829-24b0-4924-5afd-300923ddd499,fd03d0d4-e46a-488c-fa66-6d525011cbb7,2020-09-04,2020-09-05,968.74,0.0912059934575093,0,945.423377777778,893.57,23.31662222222212,945.423377777778
9e1e6829-24b0-4924-5afd-300923ddd499,fd03d0d4-e46a-488c-fa66-6d525011cbb7,2020-09-05,2020-09-06,869.3,0.1761796758689906,1,0.0,968.74,869.3,968.74
9e1e6829-24b0-4924-5afd-300923ddd499,fd03d0d4-e46a-488c-fa66-6d525011cbb7,2020-09-06,2020-09-07,896.56,0.0860302144450412,0,943.8724222222228,869.3,47.31242222222272,943.8724222222228
9e1e6829-24b0-4924-5afd-300923ddd499,fd03d0d4-e46a-488c-fa66-6d525011cbb7,2020-09-07,2020-09-08,837.58,0.1303347073032587,0,939.012183333333,896.56,101.432183333333,939.012183333333
9e1e6829-24b0-4924-5afd-300923ddd499,fd03d0d4-e46a-488c-fa66-6d525011cbb7,2020-09-08,2020-09-09,924.48,0.0660851645098889,0,957.6302833333338,837.58,33.15028333333373,957.6302833333338
9e1e6829-24b0-4924-5afd-300923ddd499,fd03d0d4-e46a-488c-fa66-6d525011cbb7,2020-09-09,2020-09-10,862.22,0.1160879754779471,0,945.839322222222,924.48,83.61932222222208,945.839322222222
9e1e6829-24b0-4924-5afd-300923ddd499,fd03d0d4-e46a-488c-fa66-6d525011cbb7,2020-09-10,2020-09-11,878.64,0.1118889368519463,0,947.8031444444445,862.22,69.16314444444436,947.8031444444445
9e1e6829-24b0-4924-5afd-300923ddd499,fd03d0d4-e46a-488c-fa66-6d525011cbb7,2020-09-11,2020-09-12,939.26,0.1148462345936425,0,934.1794999999996,878.64,5.0805000000002565,934.1794999999996
9e1e6829-24b0-4924-5afd-300923ddd499,fd03d0d4-e46a-488c-fa66-6d525011cbb7,2020-09-12,2020-09-13,866.9,0.1039743187471126,0,958.2795944444445,939.26,91.37959444444436,958.2795944444445
9e1e6829-24b0-4924-5afd-300923ddd499,fd03d0d4-e46a-488c-fa66-6d525011cbb7,2020-09-13,2020-09-14,0.0,0.0547462565157114,0,944.8306777777776,866.9,944.8306777777776,944.8306777777776
9e1e6829-24b0-4924-5afd-300923ddd499,fd03d0d4-e46a-488c-fa66-6d525011cbb7,2020-09-14,2020-09-15,909.13,0.0077304762525671,0,931.8769388888888,0.0,22.74693888888873,931.8769388888888
9e1e6829-24b0-4924-5afd-300923ddd499,fd03d0d4-e46a-488c-fa66-6d525011cbb7,2020-09-15,2020-09-16,904.77,0.1403751579021132,0,916.84965,909.13,12.079650000000129,916.84965
9e1e6829-24b0-4924-5afd-300923ddd499,fd03d0d4-e46a-488c-fa66-6d525011cbb7,2020-09-16,2020-09-17,848.48,0.1229911929423629,0,938.1202666666665,904.77,89.64026666666632,938.1202666666665
9e1e6829-24b0-4924-5afd-300923ddd499,fd03d0d4-e46a-488c-fa66-6d525011cbb7,2020-09-17,2020-09-18,900.05,0.1102792791759425,0,923.279591666666,848.48,23.229591666665897,923.279591666666
9e1e6829-24b0-4924-5afd-300923ddd499,fd03d0d4-e46a-488c-fa66-6d525011cbb7,2020-09-18,2020-09-19,883.04,0.1622859381881046,1,0.0,900.05,883.04,900.05
9e1e6829-24b0-4924-5afd-300923ddd499,fd03d0d4-e46a-488c-fa66-6d525011cbb7,2020-09-19,2020-09-20,878.04,0.1034170715225984,0,934.8103777777782,883.04,56.77037777777821,934.8103777777782
9e1e6829-24b0-4924-5afd-300923ddd499,fd03d0d4-e46a-488c-fa66-6d525011cbb7,2020-09-20,2020-09-21,921.63,0.0887013792984021,0,924.7952138888884,878.04,3.1652138888882746,924.7952138888884
9e1e6829-24b0-4924-5afd-300923ddd499,fd03d0d4-e46a-488c-fa66-6d525011cbb7,2020-09-21,2020-09-22,833.77,0.0555857538884876,0,935.6935972222216,921.63,101.9235972222217,935.6935972222216
9e1e6829-24b0-4924-5afd-300923ddd499,fd03d0d4-e46a-488c-fa66-6d525011cbb7,2020-09-22,2020-09-23,858.55,0.1374832235534244,0,951.3277277777772,833.77,92.77772777777716,951.3277277777772
9e1e6829-24b0-4924-5afd-300923ddd499,fd03d0d4-e46a-488c-fa66-6d525011cbb7,2020-09-23,2020-09-24,885.59,0.2163136015404669,1,0.0,858.55,885.59,858.55
9e1e6829-24b0-4924-5afd-300923ddd499,fd03d0d4-e46a-488c-fa66-6d525011cbb7,2020-09-24,2020-09-25,955.17,0.0887767645340438,0,932.8100777777772,885.59,22.35992222222262,932.8100777777772
9e1e6829-24b0-4924-5afd-300923ddd499,fd03d0d4-e46a-488c-fa66-6d525011cbb7,2020-09-25,2020-09-26,807.64,0.1757756460428682,1,0.0,955.17,807.64,955.17
9e1e6829-24b0-4924-5afd-300923ddd499,fd03d0d4-e46a-488c-fa66-6d525011cbb7,2020-09-26,2020-09-27,891.85,0.1265165530996507,0,937.5881111111112,807.64,45.73811111111115,937.5881111111112
9e1e6829-24b0-4924-5afd-300923ddd499,fd03d0d4-e46a-488c-fa66-6d525011cbb7,2020-09-27,2020-09-28,874.28,0.1056554736437961,0,935.1050555555556,891.85,60.82505555555554,935.1050555555556
9e1e6829-24b0-4924-5afd-300923ddd499,fd03d0d4-e46a-488c-fa66-6d525011cbb7,2020-09-28,2020-09-29,915.21,0.0505184412048816,0,952.0465888888888,874.28,36.83658888888874,952.0465888888888
9e1e6829-24b0-4924-5afd-300923ddd499,fd03d0d4-e46a-488c-fa66-6d525011cbb7,2020-09-29,2020-09-30,849.22,0.0982200143211435,0,937.7340555555556,915.21,88.5140555555555,937.7340555555556
9e1e6829-24b0-4924-5afd-300923ddd499,fd03d0d4-e46a-488c-fa66-6d525011cbb7,2020-09-30,2020-10-01,870.18,0.0876038809451144,0,942.872994444444,849.22,72.69299444444391,942.872994444444
9e1e6829-24b0-4924-5afd-300923ddd499,fd03d0d4-e46a-488c-fa66-6d525011cbb7,2020-10-01,2020-10-02,839.66,0.1007334242145495,0,937.951188888889,870.18,98.291188888889,937.951188888889
9e1e6829-24b0-4924-5afd-300923ddd499,fd03d0d4-e46a-488c-fa66-6d525011cbb7,2020-10-02,2020-10-03,859.14,0.2026959598939596,1,0.0,839.66,859.14,839.66
9e1e6829-24b0-4924-5afd-300923ddd499,fd03d0d4-e46a-488c-fa66-6d525011cbb7,2020-10-03,2020-10-04,904.37,0.1414678026497725,0,932.5597277777772,859.14,28.189727777777197,932.5597277777772
9e1e6829-24b0-4924-5afd-300923ddd499,fd03d0d4-e46a-488c-fa66-6d525011cbb7,2020-10-04,2020-10-05,893.24,0.1317369454336679,0,936.1599055555552,904.37,42.91990555555515,936.1599055555552
9e1e6829-24b0-4924-5afd-300923ddd499,fd03d0d4-e46a-488c-fa66-6d525011cbb7,2020-10-05,2020-10-06,862.56,0.0819586923706847,0,945.5989833333336,893.24,83.03898333333359,945.5989833333336
9e1e6829-24b0-4924-5afd-300923ddd499,fd03d0d4-e46a-488c-fa66-6d525011cbb7,2020-10-06,2020-10-07,913.24,0.1178871167661672,0,951.7741611111104,862.56,38.53416111111039,951.7741611111104
9e1e6829-24b0-4924-5afd-300923ddd499,fd03d0d4-e46a-488c-fa66-6d525011cbb7,2020-10-07,2020-10-08,985.13,0.1621421578609447,1,0.0,913.24,985.13,913.24
9e1e6829-24b0-4924-5afd-300923ddd499,fd03d0d4-e46a-488c-fa66-6d525011cbb7,2020-10-08,2020-10-09,837.49,0.0533690172929125,0,949.1772888888888,985.13,111.68728888888882,949.1772888888888
9e1e6829-24b0-4924-5afd-300923ddd499,fd03d0d4-e46a-488c-fa66-6d525011cbb7,2020-10-09,2020-10-10,893.56,0.106779841583703,0,925.4089722222224,837.49,31.84897222222241,925.4089722222224
9e1e6829-24b0-4924-5afd-300923ddd499,fd03d0d4-e46a-488c-fa66-6d525011cbb7,2020-10-10,2020-10-11,871.62,0.1338489847437475,0,934.381633333333,893.56,62.76163333333295,934.381633333333
9e1e6829-24b0-4924-5afd-300923ddd499,fd03d0d4-e46a-488c-fa66-6d525011cbb7,2020-10-11,2020-10-12,916.83,0.1172518912458989,0,948.5661555555554,871.62,31.736155555555342,948.5661555555554
9e1e6829-24b0-4924-5afd-300923ddd499,fd03d0d4-e46a-488c-fa66-6d525011cbb7,2020-10-12,2020-10-13,843.88,0.1014480451976708,0,939.5379277777772,916.83,95.65792777777732,939.5379277777772
9e1e6829-24b0-4924-5afd-300923ddd499,fd03d0d4-e46a-488c-fa66-6d525011cbb7,2020-10-13,2020-10-14,911.1,0.093358031532871,0,945.5898111111107,843.88,34.48981111111084,945.5898111111107
9e1e6829-24b0-4924-5afd-300923ddd499,fd03d0d4-e46a-488c-fa66-6d525011cbb7,2020-10-14,2020-10-15,860.95,0.1345959381518701,0,946.3151777777778,911.1,85.36517777777772,946.3151777777778
9e1e6829-24b0-4924-5afd-300923ddd499,fd03d0d4-e46a-488c-fa66-6d525011cbb7,2020-10-15,2020-10-16,854.59,0.0908711408737842,0,954.949022222222,860.95,100.35902222222194,954.949022222222
9e1e6829-24b0-4924-5afd-300923ddd499,fd03d0d4-e46a-488c-fa66-6d525011cbb7,2020-10-16,2020-10-17,870.51,0.0738200839784544,0,936.9899555555556,854.59,66.47995555555565,936.9899555555556
9e1e6829-24b0-4924-5afd-300923ddd499,fd03d0d4-e46a-488c-fa66-6d525011cbb7,2020-10-17,2020-10-18,869.42,0.1019327960382667,0,941.3061333333328,870.51,71.88613333333274,941.3061333333328
9e1e6829-24b0-4924-5afd-300923ddd499,fd03d0d4-e46a-488c-fa66-6d525011cbb7,2020-10-18,2020-10-19,823.61,0.0784752537935893,0,941.153005555555,869.42,117.54300555555494,941.153005555555
9e1e6829-24b0-4924-5afd-300923ddd499,fd03d0d4-e46a-488c-fa66-6d525011cbb7,2020-10-19,2020-10-20,862.0,0.0930285719851228,0,945.0286444444442,823.61,83.02864444444424,945.0286444444442
9e1e6829-24b0-4924-5afd-300923ddd499,fd03d0d4-e46a-488c-fa66-6d525011cbb7,2020-10-20,2020-10-21,919.19,0.072199783887282,0,936.1285222222222,862.0,16.938522222222105,936.1285222222222
9e1e6829-24b0-4924-5afd-300923ddd499,fd03d0d4-e46a-488c-fa66-6d525011cbb7,2020-10-21,2020-10-22,810.11,0.1093616697826651,0,949.7775444444444,919.19,139.6675444444445,949.7775444444444
9e1e6829-24b0-4924-5afd-300923ddd499,fd03d0d4-e46a-488c-fa66-6d525011cbb7,2020-10-22,2020-10-23,878.18,0.139945565382107,0,935.8023111111112,810.11,57.62231111111123,935.8023111111112
9e1e6829-24b0-4924-5afd-300923ddd499,fd03d0d4-e46a-488c-fa66-6d525011cbb7,2020-10-23,2020-10-24,901.56,0.1392475155477014,0,932.9941277777774,878.18,31.434127777777466,932.9941277777774
9e1e6829-24b0-4924-5afd-300923ddd499,fd03d0d4-e46a-488c-fa66-6d525011cbb7,2020-10-24,2020-10-25,854.55,0.1938297933557254,1,0.0,901.56,854.55,901.56
9e1e6829-24b0-4924-5afd-300923ddd499,fd03d0d4-e46a-488c-fa66-6d525011cbb7,2020-10-25,2020-10-26,844.92,0.0935003620913412,0,937.0608333333336,854.55,92.1408333333336,937.0608333333336
9e1e6829-24b0-4924-5afd-300923ddd499,fd03d0d4-e46a-488c-fa66-6d525011cbb7,2020-10-26,2020-10-27,854.32,0.1159689754082804,0,931.1440055555552,844.92,76.82400555555512,931.1440055555552
9e1e6829-24b0-4924-5afd-300923ddd499,fd03d0d4-e46a-488c-fa66-6d525011cbb7,2020-10-27,2020-10-28,814.16,0.1551056865366097,1,0.0,854.32,814.16,854.32
9e1e6829-24b0-4924-5afd-300923ddd499,fd03d0d4-e46a-488c-fa66-6d525011cbb7,2020-10-28,2020-10-29,843.25,0.1072886276453047,0,936.6330444444444,814.16,93.3830444444444,936.6330444444444
9e1e6829-24b0-4924-5afd-300923ddd499,fd03d0d4-e46a-488c-fa66-6d525011cbb7,2020-10-29,2020-10-30,926.81,0.1539385809037085,1,0.0,843.25,926.81,843.25
9e1e6829-24b0-4924-5afd-300923ddd499,fd03d0d4-e46a-488c-fa66-6d525011cbb7,2020-10-30,2020-10-31,844.69,0.0741374744066156,0,942.8439888888884,926.81,98.15398888888842,942.8439888888884
9e1e6829-24b0-4924-5afd-300923ddd499,fd03d0d4-e46a-488c-fa66-6d525011cbb7,2020-10-31,2020-11-01,849.71,0.146867281098254,0,949.633927777777,844.69,99.92392777777695,949.633927777777
9e1e6829-24b0-4924-5afd-300923ddd499,fd03d0d4-e46a-488c-fa66-6d525011cbb7,2020-11-01,2020-11-02,809.5,0.1175767213852344,0,929.5057222222218,849.71,120.00572222222183,929.5057222222218
9e1e6829-24b0-4924-5afd-300923ddd499,fd03d0d4-e46a-488c-fa66-6d525011cbb7,2020-11-02,2020-11-03,864.56,0.0776408255965548,0,935.1862444444444,809.5,70.62624444444441,935.1862444444444
9e1e6829-24b0-4924-5afd-300923ddd499,fd03d0d4-e46a-488c-fa66-6d525011cbb7,2020-11-03,2020-11-04,802.82,0.1277495446727972,0,934.7511888888886,864.56,131.93118888888853,934.7511888888886
9e1e6829-24b0-4924-5afd-300923ddd499,fd03d0d4-e46a-488c-fa66-6d525011cbb7,2020-11-04,2020-11-05,837.07,0.1101789712968457,0,925.6580000000002,802.82,88.58800000000019,925.6580000000002
9e1e6829-24b0-4924-5afd-300923ddd499,fd03d0d4-e46a-488c-fa66-6d525011cbb7,2020-11-05,2020-11-06,737.24,0.1997433464067735,1,0.0,837.07,737.24,837.07
9e1e6829-24b0-4924-5afd-300923ddd499,fd03d0d4-e46a-488c-fa66-6d525011cbb7,2020-11-06,2020-11-07,844.54,0.0991520960645979,0,929.2916722222212,737.24,84.75167222222137,929.2916722222212
9e1e6829-24b0-4924-5afd-300923ddd499,fd03d0d4-e46a-488c-fa66-6d525011cbb7,2020-11-07,2020-11-08,849.35,0.1521929499173177,1,0.0,844.54,849.35,844.54
9e1e6829-24b0-4924-5afd-300923ddd499,fd03d0d4-e46a-488c-fa66-6d525011cbb7,2020-11-08,2020-11-09,810.66,0.1170681264773457,0,926.9092466666666,849.35,116.24924666666664,926.9092466666666
9e1e6829-24b0-4924-5afd-300923ddd499,fd03d0d4-e46a-488c-fa66-6d525011cbb7,2020-11-09,2020-11-10,818.49,0.0891153754828519,0,926.2621611111102,810.66,107.77216111111022,926.2621611111102
9e1e6829-24b0-4924-5afd-300923ddd499,fd03d0d4-e46a-488c-fa66-6d525011cbb7,2020-11-10,2020-11-11,811.61,0.1470961975487991,0,929.2194722222216,818.49,117.60947222222148,929.2194722222216
9e1e6829-24b0-4924-5afd-300923ddd499,fd03d0d4-e46a-488c-fa66-6d525011cbb7,2020-11-11,2020-11-12,867.59,0.1223743717533712,0,917.9870833333327,811.61,50.39708333333272,917.9870833333327
9e1e6829-24b0-4924-5afd-300923ddd499,fd03d0d4-e46a-488c-fa66-6d525011cbb7,2020-11-12,2020-11-13,815.58,0.1428426064140408,0,929.637005555555,867.59,114.05700555555497,929.637005555555
9e1e6829-24b0-4924-5afd-300923ddd499,fd03d0d4-e46a-488c-fa66-6d525011cbb7,2020-11-13,2020-11-14,896.85,0.1580219866362067,1,0.0,815.58,896.85,815.58
9e1e6829-24b0-4924-5afd-300923ddd499,fd03d0d4-e46a-488c-fa66-6d525011cbb7,2020-11-14,2020-11-15,898.15,0.1386336750473382,0,927.1540916666662,896.85,29.004091666666227,927.1540916666662
9e1e6829-24b0-4924-5afd-300923ddd499,fd03d0d4-e46a-488c-fa66-6d525011cbb7,2020-11-15,2020-11-16,837.62,0.0890882043414404,0,938.923227777777,898.15,101.303227777777,938.923227777777
9e1e6829-24b0-4924-5afd-300923ddd499,fd03d0d4-e46a-488c-fa66-6d525011cbb7,2020-11-16,2020-11-17,901.32,0.0805678374097053,0,935.8671444444436,837.62,34.54714444444369,935.8671444444436
9e1e6829-24b0-4924-5afd-300923ddd499,fd03d0d4-e46a-488c-fa66-6d525011cbb7,2020-11-17,2020-11-18,896.18,0.1134924644498281,0,930.0270888888882,901.32,33.847088888888266,930.0270888888882
9e1e6829-24b0-4924-5afd-300923ddd499,fd03d0d4-e46a-488c-fa66-6d525011cbb7,2020-11-18,2020-11-19,849.47,0.1606934737568308,1,0.0,896.18,849.47,896.18
9e1e6829-24b0-4924-5afd-300923ddd499,fd03d0d4-e46a-488c-fa66-6d525011cbb7,2020-11-19,2020-11-20,795.69,0.0619855513307936,0,941.6833833333332,849.47,145.9933833333331,941.6833833333332
9e1e6829-24b0-4924-5afd-300923ddd499,fd03d0d4-e46a-488c-fa66-6d525011cbb7,2020-11-20,2020-11-21,0.0,0.104388240147061,0,928.3799833333326,795.69,928.3799833333326,928.3799833333326
9e1e6829-24b0-4924-5afd-300923ddd499,fd03d0d4-e46a-488c-fa66-6d525011cbb7,2020-11-21,2020-11-22,839.45,0.0141341079190277,0,913.5010583333336,0.0,74.05105833333346,913.5010583333336
9e1e6829-24b0-4924-5afd-300923ddd499,fd03d0d4-e46a-488c-fa66-6d525011cbb7,2020-11-22,2020-11-23,807.02,0.0855410005520682,0,916.8340888888888,839.45,109.81408888888882,916.8340888888888
9e1e6829-24b0-4924-5afd-300923ddd499,fd03d0d4-e46a-488c-fa66-6d525011cbb7,2020-11-23,2020-11-24,915.95,0.0793610920475188,0,906.2841083333332,807.02,9.665891666666766,906.2841083333332
9e1e6829-24b0-4924-5afd-300923ddd499,fd03d0d4-e46a-488c-fa66-6d525011cbb7,2020-11-24,2020-11-25,854.51,0.1451347631956775,0,923.7319555555556,915.95,69.22195555555572,923.7319555555556
9e1e6829-24b0-4924-5afd-300923ddd499,fd03d0d4-e46a-488c-fa66-6d525011cbb7,2020-11-25,2020-11-26,0.0,0.1782413088708558,1,0.0,854.51,0.0,854.51
9e1e6829-24b0-4924-5afd-300923ddd499,fd03d0d4-e46a-488c-fa66-6d525011cbb7,2020-11-26,2020-11-27,842.82,0.0115053804911337,0,885.2641749999998,0.0,42.44417499999975,885.2641749999998
9e1e6829-24b0-4924-5afd-300923ddd499,fd03d0d4-e46a-488c-fa66-6d525011cbb7,2020-11-27,2020-11-28,827.22,0.0949358755538205,0,861.279027777778,842.82,34.05902777777794,861.279027777778
9e1e6829-24b0-4924-5afd-300923ddd499,fd03d0d4-e46a-488c-fa66-6d525011cbb7,2020-11-28,2020-11-29,842.55,0.0931667002503758,0,895.0555999999998,827.22,52.505599999999845,895.0555999999998
9e1e6829-24b0-4924-5afd-300923ddd499,fd03d0d4-e46a-488c-fa66-6d525011cbb7,2020-11-29,2020-11-30,816.5,0.1193377967584847,0,910.8132472222212,842.55,94.31324722222132,910.8132472222212
9e1e6829-24b0-4924-5afd-300923ddd499,fd03d0d4-e46a-488c-fa66-6d525011cbb7,2020-11-30,2020-12-01,772.32,0.0874518254746003,0,913.3602305555556,816.5,141.0402305555557,913.3602305555556
9e1e6829-24b0-4924-5afd-300923ddd499,fd03d0d4-e46a-488c-fa66-6d525011cbb7,2020-12-01,2020-12-02,866.48,0.0914003016178436,0,915.4130138888888,772.32,48.933013888888695,915.4130138888888
9e1e6829-24b0-4924-5afd-300923ddd499,fd03d0d4-e46a-488c-fa66-6d525011cbb7,2020-12-02,2020-12-03,0.0,0.1063507747146421,0,912.0883861111108,866.48,912.0883861111108,912.0883861111108
9e1e6829-24b0-4924-5afd-300923ddd499,fd03d0d4-e46a-488c-fa66-6d525011cbb7,2020-12-03,2020-12-04,803.19,0.0062841520649406,0,856.8228472222227,0.0,53.63284722222261,856.8228472222227
9e1e6829-24b0-4924-5afd-300923ddd499,fd03d0d4-e46a-488c-fa66-6d525011cbb7,2020-12-04,2020-12-05,813.58,0.1609077914977864,1,0.0,803.19,813.58,803.19
9e1e6829-24b0-4924-5afd-300923ddd499,fd03d0d4-e46a-488c-fa66-6d525011cbb7,2020-12-05,2020-12-06,865.86,0.1052744873852569,0,898.0727249999999,813.58,32.212724999999864,898.0727249999999
9e1e6829-24b0-4924-5afd-300923ddd499,fd03d0d4-e46a-488c-fa66-6d525011cbb7,2020-12-06,2020-12-07,798.4,0.1139506119505062,0,905.5002138888888,865.86,107.10021388888867,905.5002138888888
9e1e6829-24b0-4924-5afd-300923ddd499,fd03d0d4-e46a-488c-fa66-6d525011cbb7,2020-12-07,2020-12-08,852.47,0.1397949277279474,0,912.4847583333324,798.4,60.01475833333245,912.4847583333324
9e1e6829-24b0-4924-5afd-300923ddd499,fd03d0d4-e46a-488c-fa66-6d525011cbb7,2020-12-08,2020-12-09,813.18,0.099158424857537,0,901.4757111111106,852.47,88.29571111111068,901.4757111111106
9e1e6829-24b0-4924-5afd-300923ddd499,fd03d0d4-e46a-488c-fa66-6d525011cbb7,2020-12-09,2020-12-10,782.88,0.1137218591164423,0,914.7305638888886,813.18,131.8505638888886,914.7305638888886
9e1e6829-24b0-4924-5afd-300923ddd499,fd03d0d4-e46a-488c-fa66-6d525011cbb7,2020-12-10,2020-12-11,791.11,0.0907881570970637,0,901.4181249999998,782.88,110.3081249999998,901.4181249999998
9e1e6829-24b0-4924-5afd-300923ddd499,fd03d0d4-e46a-488c-fa66-6d525011cbb7,2020-12-11,2020-12-12,811.84,0.1518429554900792,1,0.0,791.11,811.84,791.11
9e1e6829-24b0-4924-5afd-300923ddd499,fd03d0d4-e46a-488c-fa66-6d525011cbb7,2020-12-12,2020-12-13,814.18,0.1594087112433533,1,0.0,811.84,814.18,811.84
9e1e6829-24b0-4924-5afd-300923ddd499,fd03d0d4-e46a-488c-fa66-6d525011cbb7,2020-12-13,2020-12-14,766.8,0.087739157886093,0,918.865788888889,814.18,152.06578888888907,918.865788888889
9e1e6829-24b0-4924-5afd-300923ddd499,fd03d0d4-e46a-488c-fa66-6d525011cbb7,2020-12-14,2020-12-15,819.24,0.129478818970864,0,925.5162916666656,766.8,106.27629166666554,925.5162916666656
9e1e6829-24b0-4924-5afd-300923ddd499,fd03d0d4-e46a-488c-fa66-6d525011cbb7,2020-12-15,2020-12-16,725.82,0.0960804589870505,0,922.2932083333326,819.24,196.4732083333325,922.2932083333326
9e1e6829-24b0-4924-5afd-300923ddd499,fd03d0d4-e46a-488c-fa66-6d525011cbb7,2020-12-16,2020-12-17,837.42,0.1185567120332719,0,913.8271083333326,725.82,76.40710833333264,913.8271083333326
9e1e6829-24b0-4924-5afd-300923ddd499,fd03d0d4-e46a-488c-fa66-6d525011cbb7,2020-12-17,2020-12-18,840.86,0.1514494572030879,1,0.0,837.42,840.86,837.42
9e1e6829-24b0-4924-5afd-300923ddd499,fd03d0d4-e46a-488c-fa66-6d525011cbb7,2020-12-18,2020-12-19,777.93,0.111951055064,0,923.1611777777772,840.86,145.23117777777725,923.1611777777772
9e1e6829-24b0-4924-5afd-300923ddd499,fd03d0d4-e46a-488c-fa66-6d525011cbb7,2020-12-19,2020-12-20,809.8,0.1305307885588618,0,919.0964805555544,777.93,109.29648055555458,919.0964805555544
9e1e6829-24b0-4924-5afd-300923ddd499,fd03d0d4-e46a-488c-fa66-6d525011cbb7,2020-12-20,2020-12-21,789.22,0.1105424853678254,0,911.3864972222212,809.8,122.1664972222212,911.3864972222212
9e1e6829-24b0-4924-5afd-300923ddd499,fd03d0d4-e46a-488c-fa66-6d525011cbb7,2020-12-21,2020-12-22,790.14,0.0896287603907907,0,919.3803805555548,789.22,129.2403805555549,919.3803805555548
9e1e6829-24b0-4924-5afd-300923ddd499,fd03d0d4-e46a-488c-fa66-6d525011cbb7,2020-12-22,2020-12-23,0.0,0.1033077795340301,0,922.061302777777,790.14,922.061302777777,922.061302777777
9e1e6829-24b0-4924-5afd-300923ddd499,fd03d0d4-e46a-488c-fa66-6d525011cbb7,2020-12-23,2020-12-24,798.97,0.0127319197133531,0,879.0475472222219,0.0,80.07754722222182,879.0475472222219
9e1e6829-24b0-4924-5afd-300923ddd499,fd03d0d4-e46a-488c-fa66-6d525011cbb7,2020-12-24,2020-12-25,783.29,0.1408247574323235,0,892.1401805555549,798.97,108.85018055555496,892.1401805555549
9e1e6829-24b0-4924-5afd-300923ddd499,fd03d0d4-e46a-488c-fa66-6d525011cbb7,2020-12-25,2020-12-26,813.53,0.1073064226397501,0,902.661897222222,783.29,89.13189722222216,902.661897222222
9e1e6829-24b0-4924-5afd-300923ddd499,fd03d0d4-e46a-488c-fa66-6d525011cbb7,2020-12-26,2020-12-27,865.42,0.105655456521538,0,899.2553694444449,813.53,33.83536944444495,899.2553694444449
9e1e6829-24b0-4924-5afd-300923ddd499,fd03d0d4-e46a-488c-fa66-6d525011cbb7,2020-12-27,2020-12-28,0.0,0.0774514007783866,0,906.7624277777776,865.42,906.7624277777776,906.7624277777776
9e1e6829-24b0-4924-5afd-300923ddd499,fd03d0d4-e46a-488c-fa66-6d525011cbb7,2020-12-28,2020-12-29,793.53,0.0097752915027156,0,878.1809194444446,0.0,84.65091944444464,878.1809194444446
9e1e6829-24b0-4924-5afd-300923ddd499,fd03d0d4-e46a-488c-fa66-6d525011cbb7,2020-12-29,2020-12-30,850.88,0.1255134459957651,0,832.5134722222222,793.53,18.366527777777836,832.5134722222222
9e1e6829-24b0-4924-5afd-300923ddd499,fd03d0d4-e46a-488c-fa66-6d525011cbb7,2020-12-30,2020-12-31,0.0,0.0823155978531689,0,867.9626388888894,850.88,867.9626388888894,867.9626388888894
9e5473f2-7807-4420-071f-3aa7e134245c,87890231-7aa7-491c-9a98-18c49056f346,2020-08-23,2020-08-24,590.69,0.2114566672176407,1,0.0,528.75,590.69,528.75
9e5473f2-7807-4420-071f-3aa7e134245c,87890231-7aa7-491c-9a98-18c49056f346,2020-08-24,2020-08-25,529.26,0.0545258207180573,0,556.2267944444449,590.69,26.966794444444872,556.2267944444449
9e5473f2-7807-4420-071f-3aa7e134245c,87890231-7aa7-491c-9a98-18c49056f346,2020-08-25,2020-08-26,593.2,0.0555502154791464,0,548.4997944444448,529.26,44.70020555555527,548.4997944444448
9e5473f2-7807-4420-071f-3aa7e134245c,87890231-7aa7-491c-9a98-18c49056f346,2020-08-26,2020-08-27,552.02,0.0831909015110264,0,552.9736055555561,593.2,0.9536055555561234,552.9736055555561
9e5473f2-7807-4420-071f-3aa7e134245c,87890231-7aa7-491c-9a98-18c49056f346,2020-08-27,2020-08-28,522.35,0.0787280514971052,0,562.4847277777783,552.02,40.13472777777827,562.4847277777783
9e5473f2-7807-4420-071f-3aa7e134245c,87890231-7aa7-491c-9a98-18c49056f346,2020-08-28,2020-08-29,526.5,0.0327889782246111,0,547.5495722222223,522.35,21.04957222222231,547.5495722222223
9e5473f2-7807-4420-071f-3aa7e134245c,87890231-7aa7-491c-9a98-18c49056f346,2020-08-29,2020-08-30,559.82,0.0780555986440614,0,553.6273111111116,526.5,6.192688888888483,553.6273111111116
9e5473f2-7807-4420-071f-3aa7e134245c,87890231-7aa7-491c-9a98-18c49056f346,2020-08-30,2020-08-31,518.31,0.1797310852510799,1,0.0,559.82,518.31,559.82
9e5473f2-7807-4420-071f-3aa7e134245c,87890231-7aa7-491c-9a98-18c49056f346,2020-08-31,2020-09-01,555.81,0.0634993077613052,0,552.1254444444446,518.31,3.684555555555335,552.1254444444446
9e5473f2-7807-4420-071f-3aa7e134245c,87890231-7aa7-491c-9a98-18c49056f346,2020-09-01,2020-09-02,528.14,0.1367781078298656,0,556.6525611111115,555.81,28.51256111111149,556.6525611111115
9e5473f2-7807-4420-071f-3aa7e134245c,87890231-7aa7-491c-9a98-18c49056f346,2020-09-02,2020-09-03,518.2,0.0968781110382763,0,556.5701333333337,528.14,38.37013333333368,556.5701333333337
9e5473f2-7807-4420-071f-3aa7e134245c,87890231-7aa7-491c-9a98-18c49056f346,2020-09-03,2020-09-04,523.93,0.1430432116708211,0,534.5883888888897,518.2,10.658388888889704,534.5883888888897
9e5473f2-7807-4420-071f-3aa7e134245c,87890231-7aa7-491c-9a98-18c49056f346,2020-09-04,2020-09-05,504.97,0.0693889563193299,0,538.0922500000001,523.93,33.12225000000012,538.0922500000001
9e5473f2-7807-4420-071f-3aa7e134245c,87890231-7aa7-491c-9a98-18c49056f346,2020-09-05,2020-09-06,549.0,0.1271711717320495,0,546.2336111111113,504.97,2.7663888888887413,546.2336111111113
9e5473f2-7807-4420-071f-3aa7e134245c,87890231-7aa7-491c-9a98-18c49056f346,2020-09-06,2020-09-07,550.47,0.1462247968746345,0,548.6465333333331,549.0,1.8234666666669452,548.6465333333331
9e5473f2-7807-4420-071f-3aa7e134245c,87890231-7aa7-491c-9a98-18c49056f346,2020-09-07,2020-09-08,524.08,0.0673288857148702,0,546.4886777777775,550.47,22.408677777777484,546.4886777777775
9e5473f2-7807-4420-071f-3aa7e134245c,87890231-7aa7-491c-9a98-18c49056f346,2020-09-08,2020-09-09,522.75,0.1451624634439923,0,555.9895166666669,524.08,33.23951666666687,555.9895166666669
9e5473f2-7807-4420-071f-3aa7e134245c,87890231-7aa7-491c-9a98-18c49056f346,2020-09-09,2020-09-10,504.1,0.15270906014457,1,0.0,522.75,504.1,522.75
9e5473f2-7807-4420-071f-3aa7e134245c,87890231-7aa7-491c-9a98-18c49056f346,2020-09-10,2020-09-11,525.67,0.0748786790927005,0,544.6491777777779,504.1,18.979177777777977,544.6491777777779
9e5473f2-7807-4420-071f-3aa7e134245c,87890231-7aa7-491c-9a98-18c49056f346,2020-09-11,2020-09-12,554.58,0.1211976363243666,0,552.346011111111,525.67,2.23398888888903,552.346011111111
9e5473f2-7807-4420-071f-3aa7e134245c,87890231-7aa7-491c-9a98-18c49056f346,2020-09-12,2020-09-13,523.04,0.1330812207878166,0,548.6831055555555,554.58,25.643105555555508,548.6831055555555
9e5473f2-7807-4420-071f-3aa7e134245c,87890231-7aa7-491c-9a98-18c49056f346,2020-09-13,2020-09-14,547.85,0.1176496753446021,0,547.3157777777777,523.04,0.5342222222222972,547.3157777777777
9e5473f2-7807-4420-071f-3aa7e134245c,87890231-7aa7-491c-9a98-18c49056f346,2020-09-14,2020-09-15,556.74,0.0687722426706657,0,556.7413055555559,547.85,0.0013055555558594,556.7413055555559
9e5473f2-7807-4420-071f-3aa7e134245c,87890231-7aa7-491c-9a98-18c49056f346,2020-09-15,2020-09-16,508.93,0.1211146655009029,0,557.4686611111116,556.74,48.5386611111116,557.4686611111116
9e5473f2-7807-4420-071f-3aa7e134245c,87890231-7aa7-491c-9a98-18c49056f346,2020-09-16,2020-09-17,602.29,0.2337383472793731,1,0.0,508.93,602.29,508.93
9e5473f2-7807-4420-071f-3aa7e134245c,87890231-7aa7-491c-9a98-18c49056f346,2020-09-17,2020-09-18,564.54,0.1147745371476472,0,550.0357611111112,602.29,14.504238888888722,550.0357611111112
9e5473f2-7807-4420-071f-3aa7e134245c,87890231-7aa7-491c-9a98-18c49056f346,2020-09-18,2020-09-19,529.32,0.1387220155162996,0,568.0446000000004,564.54,38.72460000000035,568.0446000000004
9e5473f2-7807-4420-071f-3aa7e134245c,87890231-7aa7-491c-9a98-18c49056f346,2020-09-19,2020-09-20,0.0,0.1651312694387327,1,0.0,529.32,0.0,529.32
9e5473f2-7807-4420-071f-3aa7e134245c,87890231-7aa7-491c-9a98-18c49056f346,2020-09-20,2020-09-21,511.08,0.0327212311392487,0,554.3233722222222,0.0,43.24337222222226,554.3233722222222
9e5473f2-7807-4420-071f-3aa7e134245c,87890231-7aa7-491c-9a98-18c49056f346,2020-09-21,2020-09-22,592.67,0.0829759534323968,0,550.718455555555,511.08,41.95154444444495,550.718455555555
9e5473f2-7807-4420-071f-3aa7e134245c,87890231-7aa7-491c-9a98-18c49056f346,2020-09-22,2020-09-23,549.41,0.1242318613671703,0,562.5621222222219,592.67,13.15212222222192,562.5621222222219
9e5473f2-7807-4420-071f-3aa7e134245c,87890231-7aa7-491c-9a98-18c49056f346,2020-09-23,2020-09-24,522.24,0.0601037401274802,0,561.6730833333332,549.41,39.43308333333323,561.6730833333332
9e5473f2-7807-4420-071f-3aa7e134245c,87890231-7aa7-491c-9a98-18c49056f346,2020-09-24,2020-09-25,524.41,0.0558602539651737,0,556.0130055555552,522.24,31.603005555555228,556.0130055555552
9e5473f2-7807-4420-071f-3aa7e134245c,87890231-7aa7-491c-9a98-18c49056f346,2020-09-25,2020-09-26,574.84,0.0956163920515061,0,549.849561111111,524.41,24.990438888889003,549.849561111111
9e5473f2-7807-4420-071f-3aa7e134245c,87890231-7aa7-491c-9a98-18c49056f346,2020-09-26,2020-09-27,547.11,0.1116879057470967,0,558.7057888888888,574.84,11.59578888888882,558.7057888888888
9e5473f2-7807-4420-071f-3aa7e134245c,87890231-7aa7-491c-9a98-18c49056f346,2020-09-27,2020-09-28,524.6,0.1306235202368564,0,560.0208499999998,547.11,35.420849999999746,560.0208499999998
9e5473f2-7807-4420-071f-3aa7e134245c,87890231-7aa7-491c-9a98-18c49056f346,2020-09-28,2020-09-29,492.48,0.0975031850077788,0,539.9849500000001,524.6,47.50495000000012,539.9849500000001
9e5473f2-7807-4420-071f-3aa7e134245c,87890231-7aa7-491c-9a98-18c49056f346,2020-09-29,2020-09-30,529.15,0.0759345449291227,0,542.9082388888892,492.48,13.758238888889196,542.9082388888892
9e5473f2-7807-4420-071f-3aa7e134245c,87890231-7aa7-491c-9a98-18c49056f346,2020-09-30,2020-10-01,549.98,0.0831449437205942,0,543.4694111111113,529.15,6.510588888888719,543.4694111111113
9e5473f2-7807-4420-071f-3aa7e134245c,87890231-7aa7-491c-9a98-18c49056f346,2020-10-01,2020-10-02,546.94,0.1018713853996084,0,558.7567722222226,549.98,11.81677222222254,558.7567722222226
9e5473f2-7807-4420-071f-3aa7e134245c,87890231-7aa7-491c-9a98-18c49056f346,2020-10-02,2020-10-03,506.59,0.0695381188743348,0,562.93605,546.94,56.34605000000005,562.93605
9e5473f2-7807-4420-071f-3aa7e134245c,87890231-7aa7-491c-9a98-18c49056f346,2020-10-03,2020-10-04,532.22,0.1843602825473261,1,0.0,506.59,532.22,506.59
9e5473f2-7807-4420-071f-3aa7e134245c,87890231-7aa7-491c-9a98-18c49056f346,2020-10-04,2020-10-05,547.46,0.1218809132822709,0,550.0835055555558,532.22,2.6235055555557665,550.0835055555558
9e5473f2-7807-4420-071f-3aa7e134245c,87890231-7aa7-491c-9a98-18c49056f346,2020-10-05,2020-10-06,571.34,0.1331342956107607,0,547.5216944444442,547.46,23.818305555555867,547.5216944444442
9e5473f2-7807-4420-071f-3aa7e134245c,87890231-7aa7-491c-9a98-18c49056f346,2020-10-06,2020-10-07,521.93,0.1715828229122949,1,0.0,571.34,521.93,571.34
9e5473f2-7807-4420-071f-3aa7e134245c,87890231-7aa7-491c-9a98-18c49056f346,2020-10-07,2020-10-08,580.99,0.1462202786152572,0,552.1986500000002,521.93,28.79134999999985,552.1986500000002
9e5473f2-7807-4420-071f-3aa7e134245c,87890231-7aa7-491c-9a98-18c49056f346,2020-10-08,2020-10-09,0.0,0.132174355771463,0,550.3225555555553,580.99,550.3225555555553,550.3225555555553
9e5473f2-7807-4420-071f-3aa7e134245c,87890231-7aa7-491c-9a98-18c49056f346,2020-10-09,2020-10-10,515.23,0.0058681971848644,0,565.2849444444447,0.0,50.054944444444686,565.2849444444447
9e5473f2-7807-4420-071f-3aa7e134245c,87890231-7aa7-491c-9a98-18c49056f346,2020-10-10,2020-10-11,503.86,0.071542933633216,0,540.3124444444438,515.23,36.45244444444381,540.3124444444438
9e5473f2-7807-4420-071f-3aa7e134245c,87890231-7aa7-491c-9a98-18c49056f346,2020-10-11,2020-10-12,474.83,0.141258561528689,0,542.6152999999995,503.86,67.7852999999995,542.6152999999995
9e5473f2-7807-4420-071f-3aa7e134245c,87890231-7aa7-491c-9a98-18c49056f346,2020-10-12,2020-10-13,503.34,0.1429876784126996,0,541.257855555555,474.83,37.91785555555504,541.257855555555
9e5473f2-7807-4420-071f-3aa7e134245c,87890231-7aa7-491c-9a98-18c49056f346,2020-10-13,2020-10-14,570.16,0.1351195504886403,0,545.1399444444439,503.34,25.02005555555604,545.1399444444439
9e5473f2-7807-4420-071f-3aa7e134245c,87890231-7aa7-491c-9a98-18c49056f346,2020-10-14,2020-10-15,516.8,0.1349776106741259,0,554.1113166666663,570.16,37.31131666666636,554.1113166666663
9e5473f2-7807-4420-071f-3aa7e134245c,87890231-7aa7-491c-9a98-18c49056f346,2020-10-15,2020-10-16,486.77,0.0561392566555747,0,562.1427999999999,516.8,75.37279999999987,562.1427999999999
9e5473f2-7807-4420-071f-3aa7e134245c,87890231-7aa7-491c-9a98-18c49056f346,2020-10-16,2020-10-17,505.95,0.0632559797839008,0,526.4423888888882,486.77,20.49238888888823,526.4423888888882
9e5473f2-7807-4420-071f-3aa7e134245c,87890231-7aa7-491c-9a98-18c49056f346,2020-10-17,2020-10-18,528.43,0.120895507250817,0,548.7708611111112,505.95,20.34086111111128,548.7708611111112
9e5473f2-7807-4420-071f-3aa7e134245c,87890231-7aa7-491c-9a98-18c49056f346,2020-10-18,2020-10-19,517.91,0.1131136776164569,0,551.8368388888886,528.43,33.9268388888886,551.8368388888886
9e5473f2-7807-4420-071f-3aa7e134245c,87890231-7aa7-491c-9a98-18c49056f346,2020-10-19,2020-10-20,536.55,0.1317088851660238,0,546.8072499999997,517.91,10.257249999999772,546.8072499999997
9e5473f2-7807-4420-071f-3aa7e134245c,87890231-7aa7-491c-9a98-18c49056f346,2020-10-20,2020-10-21,517.43,0.041941768760496,0,557.1333055555554,536.55,39.7033055555554,557.1333055555554
9e5473f2-7807-4420-071f-3aa7e134245c,87890231-7aa7-491c-9a98-18c49056f346,2020-10-21,2020-10-22,510.33,0.1280724709139663,0,547.0333444444444,517.43,36.70334444444444,547.0333444444444
9e5473f2-7807-4420-071f-3aa7e134245c,87890231-7aa7-491c-9a98-18c49056f346,2020-10-22,2020-10-23,523.64,0.0743373911160678,0,539.7535499999997,510.33,16.11354999999969,539.7535499999997
9e5473f2-7807-4420-071f-3aa7e134245c,87890231-7aa7-491c-9a98-18c49056f346,2020-10-23,2020-10-24,496.02,0.1632437561650919,1,0.0,523.64,496.02,523.64
9e5473f2-7807-4420-071f-3aa7e134245c,87890231-7aa7-491c-9a98-18c49056f346,2020-10-24,2020-10-25,529.16,0.1442133807736308,0,545.0972055555554,496.02,15.937205555555463,545.0972055555554
9e5473f2-7807-4420-071f-3aa7e134245c,87890231-7aa7-491c-9a98-18c49056f346,2020-10-25,2020-10-26,498.77,0.1855427475601125,1,0.0,529.16,498.77,529.16
9e5473f2-7807-4420-071f-3aa7e134245c,87890231-7aa7-491c-9a98-18c49056f346,2020-10-26,2020-10-27,518.95,0.0849260713328087,0,550.428372222222,498.77,31.478372222221992,550.428372222222
9e5473f2-7807-4420-071f-3aa7e134245c,87890231-7aa7-491c-9a98-18c49056f346,2020-10-27,2020-10-28,531.79,0.1084864776796544,0,557.9699555555553,518.95,26.179955555555352,557.9699555555553
9e5473f2-7807-4420-071f-3aa7e134245c,87890231-7aa7-491c-9a98-18c49056f346,2020-10-28,2020-10-29,513.57,0.101721964724541,0,559.2899944444438,531.79,45.71999444444373,559.2899944444438
9e5473f2-7807-4420-071f-3aa7e134245c,87890231-7aa7-491c-9a98-18c49056f346,2020-10-29,2020-10-30,522.03,0.04985733291822,0,548.906072222222,513.57,26.87607222222198,548.906072222222
9e5473f2-7807-4420-071f-3aa7e134245c,87890231-7aa7-491c-9a98-18c49056f346,2020-10-30,2020-10-31,540.66,0.0590309868977694,0,552.0145444444445,522.03,11.354544444444514,552.0145444444445
9e5473f2-7807-4420-071f-3aa7e134245c,87890231-7aa7-491c-9a98-18c49056f346,2020-10-31,2020-11-01,503.45,0.0842845828002855,0,555.3557611111113,540.66,51.9057611111113,555.3557611111113
9e5473f2-7807-4420-071f-3aa7e134245c,87890231-7aa7-491c-9a98-18c49056f346,2020-11-01,2020-11-02,567.38,0.1463324816961461,0,549.3024444444443,503.45,18.077555555555705,549.3024444444443
9e5473f2-7807-4420-071f-3aa7e134245c,87890231-7aa7-491c-9a98-18c49056f346,2020-11-02,2020-11-03,489.37,0.0660078914334531,0,550.5863388888885,567.38,61.21633888888846,550.5863388888885
9e5473f2-7807-4420-071f-3aa7e134245c,87890231-7aa7-491c-9a98-18c49056f346,2020-11-03,2020-11-04,553.96,0.0636010321433322,0,556.5464166666666,489.37,2.586416666666537,556.5464166666666
9e5473f2-7807-4420-071f-3aa7e134245c,87890231-7aa7-491c-9a98-18c49056f346,2020-11-04,2020-11-05,0.0,0.1718995226853737,1,0.0,553.96,0.0,553.96
9e5473f2-7807-4420-071f-3aa7e134245c,87890231-7aa7-491c-9a98-18c49056f346,2020-11-05,2020-11-06,532.59,0.0215662356165806,0,555.2321666666669,0.0,22.642166666666867,555.2321666666669
9e5473f2-7807-4420-071f-3aa7e134245c,87890231-7aa7-491c-9a98-18c49056f346,2020-11-06,2020-11-07,546.91,0.0591298579257311,0,550.6371277777778,532.59,3.7271277777778096,550.6371277777778
9e5473f2-7807-4420-071f-3aa7e134245c,87890231-7aa7-491c-9a98-18c49056f346,2020-11-07,2020-11-08,520.18,0.1869381182758921,1,0.0,546.91,520.18,546.91
9e5473f2-7807-4420-071f-3aa7e134245c,87890231-7aa7-491c-9a98-18c49056f346,2020-11-08,2020-11-09,524.63,0.1384073949172622,0,543.8338055555549,520.18,19.203805555554936,543.8338055555549
9e5473f2-7807-4420-071f-3aa7e134245c,87890231-7aa7-491c-9a98-18c49056f346,2020-11-09,2020-11-10,521.32,0.0923777118313212,0,549.7737499999995,524.63,28.453749999999445,549.7737499999995
9e5473f2-7807-4420-071f-3aa7e134245c,87890231-7aa7-491c-9a98-18c49056f346,2020-11-10,2020-11-11,541.73,0.0372608875120974,0,538.1576166666663,521.32,3.5723833333337325,538.1576166666663
9e5473f2-7807-4420-071f-3aa7e134245c,87890231-7aa7-491c-9a98-18c49056f346,2020-11-11,2020-11-12,546.28,0.0890751583470539,0,562.4758277777773,541.73,16.195827777777367,562.4758277777773
9e5473f2-7807-4420-071f-3aa7e134245c,87890231-7aa7-491c-9a98-18c49056f346,2020-11-12,2020-11-13,518.57,0.0843296775327123,0,559.025433333333,546.28,40.45543333333296,559.025433333333
9e5473f2-7807-4420-071f-3aa7e134245c,87890231-7aa7-491c-9a98-18c49056f346,2020-11-13,2020-11-14,509.24,0.0895877639884906,0,549.6344888888892,518.57,40.394488888889214,549.6344888888892
9e5473f2-7807-4420-071f-3aa7e134245c,87890231-7aa7-491c-9a98-18c49056f346,2020-11-14,2020-11-15,491.72,0.1210792518031139,0,544.9634722222224,509.24,53.24347222222241,544.9634722222224
9e5473f2-7807-4420-071f-3aa7e134245c,87890231-7aa7-491c-9a98-18c49056f346,2020-11-15,2020-11-16,522.89,0.1103072944174158,0,541.8833444444446,491.72,18.99334444444457,541.8833444444446
9e5473f2-7807-4420-071f-3aa7e134245c,87890231-7aa7-491c-9a98-18c49056f346,2020-11-16,2020-11-17,505.14,0.1835851212346612,1,0.0,522.89,505.14,522.89
9e5473f2-7807-4420-071f-3aa7e134245c,87890231-7aa7-491c-9a98-18c49056f346,2020-11-17,2020-11-18,473.18,0.109925208991077,0,545.4685833333334,505.14,72.2885833333334,545.4685833333334
9e5473f2-7807-4420-071f-3aa7e134245c,87890231-7aa7-491c-9a98-18c49056f346,2020-11-18,2020-11-19,513.53,0.0886439258133271,0,538.2042611111111,473.18,24.67426111111115,538.2042611111111
9e5473f2-7807-4420-071f-3aa7e134245c,87890231-7aa7-491c-9a98-18c49056f346,2020-11-19,2020-11-20,517.92,0.1292580253269422,0,547.5838611111113,513.53,29.663861111111373,547.5838611111113
9e5473f2-7807-4420-071f-3aa7e134245c,87890231-7aa7-491c-9a98-18c49056f346,2020-11-20,2020-11-21,537.32,0.1450454510322391,0,548.984055555555,517.92,11.66405555555491,548.984055555555
9e5473f2-7807-4420-071f-3aa7e134245c,87890231-7aa7-491c-9a98-18c49056f346,2020-11-21,2020-11-22,515.33,0.0733843020003808,0,554.5297277777778,537.32,39.19972777777775,554.5297277777778
9e5473f2-7807-4420-071f-3aa7e134245c,87890231-7aa7-491c-9a98-18c49056f346,2020-11-22,2020-11-23,489.71,0.1005672749869542,0,551.9734888888887,515.33,62.26348888888873,551.9734888888887
9e5473f2-7807-4420-071f-3aa7e134245c,87890231-7aa7-491c-9a98-18c49056f346,2020-11-23,2020-11-24,542.3,0.0839374083463274,0,544.8185555555551,489.71,2.5185555555551677,544.8185555555551
9e5473f2-7807-4420-071f-3aa7e134245c,87890231-7aa7-491c-9a98-18c49056f346,2020-11-24,2020-11-25,464.16,0.1146531044289895,0,559.0716277777778,542.3,94.91162777777782,559.0716277777778
9e5473f2-7807-4420-071f-3aa7e134245c,87890231-7aa7-491c-9a98-18c49056f346,2020-11-25,2020-11-26,476.6,0.0598278096852344,0,545.0334277777779,464.16,68.43342777777787,545.0334277777779
9e5473f2-7807-4420-071f-3aa7e134245c,87890231-7aa7-491c-9a98-18c49056f346,2020-11-26,2020-11-27,507.61,0.0801253422077246,0,539.3392944444442,476.6,31.72929444444424,539.3392944444442
9e5473f2-7807-4420-071f-3aa7e134245c,87890231-7aa7-491c-9a98-18c49056f346,2020-11-27,2020-11-28,505.97,0.1099676875585836,0,547.4614999999999,507.61,41.49149999999986,547.4614999999999
9e5473f2-7807-4420-071f-3aa7e134245c,87890231-7aa7-491c-9a98-18c49056f346,2020-11-28,2020-11-29,507.27,0.0788695240362435,0,542.1133277777775,505.97,34.84332777777752,542.1133277777775
9e5473f2-7807-4420-071f-3aa7e134245c,87890231-7aa7-491c-9a98-18c49056f346,2020-11-29,2020-11-30,492.18,0.1550387466938911,1,0.0,507.27,492.18,507.27
9e5473f2-7807-4420-071f-3aa7e134245c,87890231-7aa7-491c-9a98-18c49056f346,2020-11-30,2020-12-01,537.62,0.1549124946908143,1,0.0,492.18,537.62,492.18
9e5473f2-7807-4420-071f-3aa7e134245c,87890231-7aa7-491c-9a98-18c49056f346,2020-12-01,2020-12-02,507.26,0.0510166981738533,0,549.0350388888891,537.62,41.77503888888907,549.0350388888891
9e5473f2-7807-4420-071f-3aa7e134245c,87890231-7aa7-491c-9a98-18c49056f346,2020-12-02,2020-12-03,478.04,0.0885512469196977,0,543.422305555556,507.26,65.382305555556,543.422305555556
9e5473f2-7807-4420-071f-3aa7e134245c,87890231-7aa7-491c-9a98-18c49056f346,2020-12-03,2020-12-04,521.26,0.1645424408098009,1,0.0,478.04,521.26,478.04
9e5473f2-7807-4420-071f-3aa7e134245c,87890231-7aa7-491c-9a98-18c49056f346,2020-12-04,2020-12-05,491.67,0.0596351620148848,0,546.0191555555552,521.26,54.34915555555523,546.0191555555552
9e5473f2-7807-4420-071f-3aa7e134245c,87890231-7aa7-491c-9a98-18c49056f346,2020-12-05,2020-12-06,487.29,0.1141549636510764,0,544.193783333333,491.67,56.903783333333024,544.193783333333
9e5473f2-7807-4420-071f-3aa7e134245c,87890231-7aa7-491c-9a98-18c49056f346,2020-12-06,2020-12-07,508.5,0.0639362493707362,0,546.8085333333331,487.29,38.30853333333312,546.8085333333331
9e5473f2-7807-4420-071f-3aa7e134245c,87890231-7aa7-491c-9a98-18c49056f346,2020-12-07,2020-12-08,0.0,0.0859206529945094,0,541.3684555555556,508.5,541.3684555555556,541.3684555555556
9e5473f2-7807-4420-071f-3aa7e134245c,87890231-7aa7-491c-9a98-18c49056f346,2020-12-08,2020-12-09,457.74,0.0103431977246851,0,554.2511166666667,0.0,96.51111666666668,554.2511166666667
9e5473f2-7807-4420-071f-3aa7e134245c,87890231-7aa7-491c-9a98-18c49056f346,2020-12-09,2020-12-10,469.61,0.098873351778467,0,521.869011111111,457.74,52.25901111111102,521.869011111111
9e5473f2-7807-4420-071f-3aa7e134245c,87890231-7aa7-491c-9a98-18c49056f346,2020-12-10,2020-12-11,486.8,0.0622654404095015,0,511.8211111111109,469.61,25.021111111110827,511.8211111111109
9e5473f2-7807-4420-071f-3aa7e134245c,87890231-7aa7-491c-9a98-18c49056f346,2020-12-11,2020-12-12,553.31,0.0740746808029256,0,527.599986111111,486.8,25.71001388888897,527.599986111111
9e5473f2-7807-4420-071f-3aa7e134245c,87890231-7aa7-491c-9a98-18c49056f346,2020-12-12,2020-12-13,481.2,0.1033453113708407,0,544.7850722222221,553.31,63.585072222222095,544.7850722222221
9e5473f2-7807-4420-071f-3aa7e134245c,87890231-7aa7-491c-9a98-18c49056f346,2020-12-13,2020-12-14,535.51,0.1093822120744196,0,533.9905666666664,481.2,1.519433333333609,533.9905666666664
9e5473f2-7807-4420-071f-3aa7e134245c,87890231-7aa7-491c-9a98-18c49056f346,2020-12-14,2020-12-15,530.68,0.0650926038563829,0,547.3669277777778,535.51,16.686927777777896,547.3669277777778
9e5473f2-7807-4420-071f-3aa7e134245c,87890231-7aa7-491c-9a98-18c49056f346,2020-12-15,2020-12-16,537.18,0.078046176480775,0,550.0647333333328,530.68,12.88473333333286,550.0647333333328
9e5473f2-7807-4420-071f-3aa7e134245c,87890231-7aa7-491c-9a98-18c49056f346,2020-12-16,2020-12-17,485.09,0.0757507059937951,0,553.5392444444443,537.18,68.44924444444433,553.5392444444443
9e5473f2-7807-4420-071f-3aa7e134245c,87890231-7aa7-491c-9a98-18c49056f346,2020-12-17,2020-12-18,509.87,0.1760726453324394,1,0.0,485.09,509.87,485.09
9e5473f2-7807-4420-071f-3aa7e134245c,87890231-7aa7-491c-9a98-18c49056f346,2020-12-18,2020-12-19,525.44,0.1136307982438525,0,540.7665388888887,509.87,15.32653888888865,540.7665388888887
9e5473f2-7807-4420-071f-3aa7e134245c,87890231-7aa7-491c-9a98-18c49056f346,2020-12-19,2020-12-20,517.23,0.0864902938321016,0,554.3135944444448,525.44,37.08359444444477,554.3135944444448
9e5473f2-7807-4420-071f-3aa7e134245c,87890231-7aa7-491c-9a98-18c49056f346,2020-12-20,2020-12-21,584.31,0.0839905358838827,0,542.1985388888885,517.23,42.11146111111145,542.1985388888885
9e5473f2-7807-4420-071f-3aa7e134245c,87890231-7aa7-491c-9a98-18c49056f346,2020-12-21,2020-12-22,557.74,0.1100394071327169,0,552.9219277777775,584.31,4.818072222222554,552.9219277777775
9e5473f2-7807-4420-071f-3aa7e134245c,87890231-7aa7-491c-9a98-18c49056f346,2020-12-22,2020-12-23,537.45,0.0941405061994559,0,561.6206666666668,557.74,24.17066666666676,561.6206666666668
9e5473f2-7807-4420-071f-3aa7e134245c,87890231-7aa7-491c-9a98-18c49056f346,2020-12-23,2020-12-24,525.33,0.0990126336189616,0,552.8412888888888,537.45,27.51128888888877,552.8412888888888
9e5473f2-7807-4420-071f-3aa7e134245c,87890231-7aa7-491c-9a98-18c49056f346,2020-12-24,2020-12-25,527.19,0.1892966868624266,1,0.0,525.33,527.19,525.33
9e5473f2-7807-4420-071f-3aa7e134245c,87890231-7aa7-491c-9a98-18c49056f346,2020-12-25,2020-12-26,0.0,0.1217475868127748,0,542.4865888888892,527.19,542.4865888888892,542.4865888888892
9e5473f2-7807-4420-071f-3aa7e134245c,87890231-7aa7-491c-9a98-18c49056f346,2020-12-26,2020-12-27,553.87,0.0051950752410266,0,549.216427777778,0.0,4.65357222222201,549.216427777778
9e5473f2-7807-4420-071f-3aa7e134245c,87890231-7aa7-491c-9a98-18c49056f346,2020-12-27,2020-12-28,487.38,0.1219888448173134,0,556.7134499999997,553.87,69.33344999999974,556.7134499999997
9e5473f2-7807-4420-071f-3aa7e134245c,87890231-7aa7-491c-9a98-18c49056f346,2020-12-28,2020-12-29,537.99,0.1353241797256887,0,544.7780166666657,487.38,6.788016666665726,544.7780166666657
9e5473f2-7807-4420-071f-3aa7e134245c,87890231-7aa7-491c-9a98-18c49056f346,2020-12-29,2020-12-30,513.83,0.1294152502516879,0,547.0832611111109,537.99,33.253261111110874,547.0832611111109
9e5473f2-7807-4420-071f-3aa7e134245c,87890231-7aa7-491c-9a98-18c49056f346,2020-12-30,2020-12-31,534.33,0.0807190115861817,0,552.8398388888883,513.83,18.509838888888225,552.8398388888883
9ee15248-4180-4016-dc10-5abd52021d4d,291aa1c6-c027-45a2-a129-c24ef9759940,2020-08-23,2020-08-24,942.72,0.0405891958121687,0,902.7680055555552,968.91,39.95199444444484,902.7680055555552
9ee15248-4180-4016-dc10-5abd52021d4d,291aa1c6-c027-45a2-a129-c24ef9759940,2020-08-24,2020-08-25,1003.86,0.0224619852872359,0,901.3024666666664,942.72,102.5575333333336,901.3024666666664
9ee15248-4180-4016-dc10-5abd52021d4d,291aa1c6-c027-45a2-a129-c24ef9759940,2020-08-25,2020-08-26,888.75,0.0310972764830781,0,923.8322666666672,1003.86,35.08226666666724,923.8322666666672
9ee15248-4180-4016-dc10-5abd52021d4d,291aa1c6-c027-45a2-a129-c24ef9759940,2020-08-26,2020-08-27,943.11,0.0131444269399302,0,935.7809611111112,888.75,7.329038888888931,935.7809611111112
9ee15248-4180-4016-dc10-5abd52021d4d,291aa1c6-c027-45a2-a129-c24ef9759940,2020-08-27,2020-08-28,942.48,0.0404546310386749,0,907.5516500000002,943.11,34.9283499999998,907.5516500000002
9ee15248-4180-4016-dc10-5abd52021d4d,291aa1c6-c027-45a2-a129-c24ef9759940,2020-08-28,2020-08-29,873.08,0.0381165718159752,0,928.16831111111,942.48,55.0883111111101,928.16831111111
9ee15248-4180-4016-dc10-5abd52021d4d,291aa1c6-c027-45a2-a129-c24ef9759940,2020-08-29,2020-08-30,817.31,0.0625136449391718,0,926.9928333333336,873.08,109.68283333333376,926.9928333333336
9ee15248-4180-4016-dc10-5abd52021d4d,291aa1c6-c027-45a2-a129-c24ef9759940,2020-08-30,2020-08-31,869.2,0.0765622385816016,0,918.0474388888885,817.31,48.84743888888829,918.0474388888885
9ee15248-4180-4016-dc10-5abd52021d4d,291aa1c6-c027-45a2-a129-c24ef9759940,2020-08-31,2020-09-01,943.71,0.0293985732315193,0,889.0664277777777,869.2,54.64357222222236,889.0664277777777
9ee15248-4180-4016-dc10-5abd52021d4d,291aa1c6-c027-45a2-a129-c24ef9759940,2020-09-01,2020-09-02,931.14,0.0348746547661233,0,933.9264888888893,943.71,2.7864888888892665,933.9264888888893
9ee15248-4180-4016-dc10-5abd52021d4d,291aa1c6-c027-45a2-a129-c24ef9759940,2020-09-02,2020-09-03,917.24,0.1466973053341974,0,902.8879944444444,931.14,14.35200555555548,902.8879944444444
9ee15248-4180-4016-dc10-5abd52021d4d,291aa1c6-c027-45a2-a129-c24ef9759940,2020-09-03,2020-09-04,920.09,0.0636626606643649,0,911.217311111111,917.24,8.872688888889002,911.217311111111
9ee15248-4180-4016-dc10-5abd52021d4d,291aa1c6-c027-45a2-a129-c24ef9759940,2020-09-04,2020-09-05,918.35,0.0510836349755871,0,922.8436833333332,920.09,4.493683333333252,922.8436833333332
9ee15248-4180-4016-dc10-5abd52021d4d,291aa1c6-c027-45a2-a129-c24ef9759940,2020-09-05,2020-09-06,865.42,0.046989748540459,0,929.410711111111,918.35,63.99071111111107,929.410711111111
9ee15248-4180-4016-dc10-5abd52021d4d,291aa1c6-c027-45a2-a129-c24ef9759940,2020-09-06,2020-09-07,926.36,0.0311608494874644,0,923.768472222222,865.42,2.591527777778083,923.768472222222
9ee15248-4180-4016-dc10-5abd52021d4d,291aa1c6-c027-45a2-a129-c24ef9759940,2020-09-07,2020-09-08,852.14,0.0463422531563988,0,896.5691833333334,926.36,44.42918333333341,896.5691833333334
9ee15248-4180-4016-dc10-5abd52021d4d,291aa1c6-c027-45a2-a129-c24ef9759940,2020-09-08,2020-09-09,876.52,0.0865270170936433,0,916.5166555555556,852.14,39.99665555555555,916.5166555555556
9ee15248-4180-4016-dc10-5abd52021d4d,291aa1c6-c027-45a2-a129-c24ef9759940,2020-09-09,2020-09-10,868.65,0.0686553330128106,0,905.0419166666668,876.52,36.39191666666693,905.0419166666668
9ee15248-4180-4016-dc10-5abd52021d4d,291aa1c6-c027-45a2-a129-c24ef9759940,2020-09-10,2020-09-11,944.22,0.034142630650587,0,917.331055555556,868.65,26.88894444444395,917.331055555556
9ee15248-4180-4016-dc10-5abd52021d4d,291aa1c6-c027-45a2-a129-c24ef9759940,2020-09-11,2020-09-12,860.62,0.0257079623817992,0,929.9152055555552,944.22,69.29520555555507,929.9152055555552
9ee15248-4180-4016-dc10-5abd52021d4d,291aa1c6-c027-45a2-a129-c24ef9759940,2020-09-12,2020-09-13,864.54,0.0472933724688459,0,920.972738888889,860.62,56.43273888888905,920.972738888889
9ee15248-4180-4016-dc10-5abd52021d4d,291aa1c6-c027-45a2-a129-c24ef9759940,2020-09-13,2020-09-14,886.09,0.0378585481281991,0,922.5569000000004,864.54,36.46690000000035,922.5569000000004
9ee15248-4180-4016-dc10-5abd52021d4d,291aa1c6-c027-45a2-a129-c24ef9759940,2020-09-14,2020-09-15,871.87,0.0239675873517305,0,915.340138888889,886.09,43.47013888888898,915.340138888889
9ee15248-4180-4016-dc10-5abd52021d4d,291aa1c6-c027-45a2-a129-c24ef9759940,2020-09-15,2020-09-16,828.32,0.0457329638440148,0,901.5392111111108,871.87,73.21921111111078,901.5392111111108
9ee15248-4180-4016-dc10-5abd52021d4d,291aa1c6-c027-45a2-a129-c24ef9759940,2020-09-16,2020-09-17,0.0,0.0753556285510207,0,935.6411333333332,828.32,935.6411333333332,935.6411333333332
9ee15248-4180-4016-dc10-5abd52021d4d,291aa1c6-c027-45a2-a129-c24ef9759940,2020-09-17,2020-09-18,788.0,0.0,0,923.5130444444444,0.0,135.5130444444443,923.5130444444444
9ee15248-4180-4016-dc10-5abd52021d4d,291aa1c6-c027-45a2-a129-c24ef9759940,2020-09-18,2020-09-19,894.04,0.0640695506293858,0,915.3828999999996,788.0,21.342899999999645,915.3828999999996
9ee15248-4180-4016-dc10-5abd52021d4d,291aa1c6-c027-45a2-a129-c24ef9759940,2020-09-19,2020-09-20,920.29,0.0569987361592057,0,905.177505555556,894.04,15.112494444443882,905.177505555556
9ee15248-4180-4016-dc10-5abd52021d4d,291aa1c6-c027-45a2-a129-c24ef9759940,2020-09-20,2020-09-21,840.18,0.0280842640816907,0,924.268177777778,920.29,84.08817777777813,924.268177777778
9ee15248-4180-4016-dc10-5abd52021d4d,291aa1c6-c027-45a2-a129-c24ef9759940,2020-09-21,2020-09-22,835.27,0.0304429707069536,0,922.9838333333336,840.18,87.71383333333347,922.9838333333336
9ee15248-4180-4016-dc10-5abd52021d4d,291aa1c6-c027-45a2-a129-c24ef9759940,2020-09-22,2020-09-23,816.68,0.0245336575889913,0,901.1945666666668,835.27,84.51456666666672,901.1945666666668
9ee15248-4180-4016-dc10-5abd52021d4d,291aa1c6-c027-45a2-a129-c24ef9759940,2020-09-23,2020-09-24,833.27,0.0867275608712301,0,900.0097000000003,816.68,66.73970000000031,900.0097000000003
9ee15248-4180-4016-dc10-5abd52021d4d,291aa1c6-c027-45a2-a129-c24ef9759940,2020-09-24,2020-09-25,806.07,0.0346170813300821,0,911.6083333333332,833.27,105.5383333333333,911.6083333333332
9ee15248-4180-4016-dc10-5abd52021d4d,291aa1c6-c027-45a2-a129-c24ef9759940,2020-09-25,2020-09-26,944.54,0.023742446267784,0,918.1145166666664,806.07,26.425483333333545,918.1145166666664
9ee15248-4180-4016-dc10-5abd52021d4d,291aa1c6-c027-45a2-a129-c24ef9759940,2020-09-26,2020-09-27,816.81,0.0918993640061234,0,924.0310222222214,944.54,107.22102222222144,924.0310222222214
9ee15248-4180-4016-dc10-5abd52021d4d,291aa1c6-c027-45a2-a129-c24ef9759940,2020-09-27,2020-09-28,886.92,0.0352652540831767,0,927.5427555555552,816.81,40.62275555555516,927.5427555555552
9ee15248-4180-4016-dc10-5abd52021d4d,291aa1c6-c027-45a2-a129-c24ef9759940,2020-09-28,2020-09-29,943.69,0.0546063989970143,0,917.720344444444,886.92,25.96965555555596,917.720344444444
9ee15248-4180-4016-dc10-5abd52021d4d,291aa1c6-c027-45a2-a129-c24ef9759940,2020-09-29,2020-09-30,764.55,0.0410137553759571,0,922.2586666666664,943.69,157.70866666666643,922.2586666666664
9ee15248-4180-4016-dc10-5abd52021d4d,291aa1c6-c027-45a2-a129-c24ef9759940,2020-09-30,2020-10-01,901.26,0.0374273134429836,0,921.7046944444444,764.55,20.44469444444428,921.7046944444444
9ee15248-4180-4016-dc10-5abd52021d4d,291aa1c6-c027-45a2-a129-c24ef9759940,2020-10-01,2020-10-02,821.52,0.0790053419417961,0,916.7982861111108,901.26,95.2782861111108,916.7982861111108
9ee15248-4180-4016-dc10-5abd52021d4d,291aa1c6-c027-45a2-a129-c24ef9759940,2020-10-02,2020-10-03,868.09,0.0613210414161126,0,929.325177777778,821.52,61.23517777777784,929.325177777778
9ee15248-4180-4016-dc10-5abd52021d4d,291aa1c6-c027-45a2-a129-c24ef9759940,2020-10-03,2020-10-04,843.89,0.0511487803754429,0,935.708344444445,868.09,91.81834444444496,935.708344444445
9ee15248-4180-4016-dc10-5abd52021d4d,291aa1c6-c027-45a2-a129-c24ef9759940,2020-10-04,2020-10-05,821.49,0.0284470696199357,0,929.2670500000004,843.89,107.77705000000036,929.2670500000004
9ee15248-4180-4016-dc10-5abd52021d4d,291aa1c6-c027-45a2-a129-c24ef9759940,2020-10-05,2020-10-06,844.37,0.0408210750821258,0,912.29765,821.49,67.92764999999997,912.29765
9ee15248-4180-4016-dc10-5abd52021d4d,291aa1c6-c027-45a2-a129-c24ef9759940,2020-10-06,2020-10-07,835.09,0.0366128956251331,0,932.7607166666666,844.37,97.67071666666652,932.7607166666666
9ee15248-4180-4016-dc10-5abd52021d4d,291aa1c6-c027-45a2-a129-c24ef9759940,2020-10-07,2020-10-08,901.47,0.0540619416849053,0,912.8297999999992,835.09,11.359799999999154,912.8297999999992
9ee15248-4180-4016-dc10-5abd52021d4d,291aa1c6-c027-45a2-a129-c24ef9759940,2020-10-08,2020-10-09,829.99,0.0981743636366179,0,929.4984611111108,901.47,99.5084611111107,929.4984611111108
9ee15248-4180-4016-dc10-5abd52021d4d,291aa1c6-c027-45a2-a129-c24ef9759940,2020-10-09,2020-10-10,854.79,0.0472373635074231,0,920.2298055555568,829.99,65.43980555555675,920.2298055555568
9ee15248-4180-4016-dc10-5abd52021d4d,291aa1c6-c027-45a2-a129-c24ef9759940,2020-10-10,2020-10-11,836.25,0.0352303292549259,0,924.8204722222224,854.79,88.5704722222224,924.8204722222224
9ee15248-4180-4016-dc10-5abd52021d4d,291aa1c6-c027-45a2-a129-c24ef9759940,2020-10-11,2020-10-12,820.35,0.1142515134987739,0,919.249166666666,836.25,98.89916666666602,919.249166666666
9ee15248-4180-4016-dc10-5abd52021d4d,291aa1c6-c027-45a2-a129-c24ef9759940,2020-10-12,2020-10-13,854.8,0.0342177536306261,0,916.6868777777776,820.35,61.8868777777775,916.6868777777776
9ee15248-4180-4016-dc10-5abd52021d4d,291aa1c6-c027-45a2-a129-c24ef9759940,2020-10-13,2020-10-14,870.05,0.0372488902416226,0,926.2483333333324,854.8,56.198333333332585,926.2483333333324
9ee15248-4180-4016-dc10-5abd52021d4d,291aa1c6-c027-45a2-a129-c24ef9759940,2020-10-14,2020-10-15,829.34,0.0490139542027564,0,910.1556166666664,870.05,80.81561666666641,910.1556166666664
9ee15248-4180-4016-dc10-5abd52021d4d,291aa1c6-c027-45a2-a129-c24ef9759940,2020-10-15,2020-10-16,930.38,0.042060329133999,0,941.3074111111112,829.34,10.927411111111269,941.3074111111112
9ee15248-4180-4016-dc10-5abd52021d4d,291aa1c6-c027-45a2-a129-c24ef9759940,2020-10-16,2020-10-17,0.0,0.0499187526038828,0,907.5750722222226,930.38,907.5750722222226,907.5750722222226
9ee15248-4180-4016-dc10-5abd52021d4d,291aa1c6-c027-45a2-a129-c24ef9759940,2020-10-17,2020-10-18,875.85,0.0,0,941.0910166666667,0.0,65.24101666666684,941.0910166666667
9ee15248-4180-4016-dc10-5abd52021d4d,291aa1c6-c027-45a2-a129-c24ef9759940,2020-10-18,2020-10-19,869.51,0.0386882708026492,0,905.4931555555556,875.85,35.983155555555754,905.4931555555556
9ee15248-4180-4016-dc10-5abd52021d4d,291aa1c6-c027-45a2-a129-c24ef9759940,2020-10-19,2020-10-20,930.92,0.0471795188392065,0,905.5846000000004,869.51,25.33539999999971,905.5846000000004
9ee15248-4180-4016-dc10-5abd52021d4d,291aa1c6-c027-45a2-a129-c24ef9759940,2020-10-20,2020-10-21,872.13,0.0482728175412641,0,908.2975055555556,930.92,36.16750555555575,908.2975055555556
9ee15248-4180-4016-dc10-5abd52021d4d,291aa1c6-c027-45a2-a129-c24ef9759940,2020-10-21,2020-10-22,914.76,0.0576045771137494,0,913.2329722222222,872.13,1.5270277777777892,913.2329722222222
9ee15248-4180-4016-dc10-5abd52021d4d,291aa1c6-c027-45a2-a129-c24ef9759940,2020-10-22,2020-10-23,867.18,0.0513523332555544,0,906.9013944444448,914.76,39.72139444444474,906.9013944444448
9ee15248-4180-4016-dc10-5abd52021d4d,291aa1c6-c027-45a2-a129-c24ef9759940,2020-10-23,2020-10-24,824.92,0.0489358294182323,0,925.6813666666663,867.18,100.7613666666664,925.6813666666663
9ee15248-4180-4016-dc10-5abd52021d4d,291aa1c6-c027-45a2-a129-c24ef9759940,2020-10-24,2020-10-25,770.82,0.1005821370866332,0,926.1332444444442,824.92,155.3132444444442,926.1332444444442
9ee15248-4180-4016-dc10-5abd52021d4d,291aa1c6-c027-45a2-a129-c24ef9759940,2020-10-25,2020-10-26,860.42,0.070438120846818,0,933.264544444445,770.82,72.84454444444509,933.264544444445
9ee15248-4180-4016-dc10-5abd52021d4d,291aa1c6-c027-45a2-a129-c24ef9759940,2020-10-26,2020-10-27,779.35,0.0408065103120916,0,921.5748250000004,860.42,142.22482500000024,921.5748250000004
9ee15248-4180-4016-dc10-5abd52021d4d,291aa1c6-c027-45a2-a129-c24ef9759940,2020-10-27,2020-10-28,835.06,0.0362907819884872,0,932.2180333333334,779.35,97.15803333333348,932.2180333333334
9ee15248-4180-4016-dc10-5abd52021d4d,291aa1c6-c027-45a2-a129-c24ef9759940,2020-10-28,2020-10-29,829.24,0.0482161856378128,0,911.6700499999998,835.06,82.43004999999982,911.6700499999998
9ee15248-4180-4016-dc10-5abd52021d4d,291aa1c6-c027-45a2-a129-c24ef9759940,2020-10-29,2020-10-30,825.92,0.037842591752961,0,927.842266666666,829.24,101.92226666666612,927.842266666666
9ee15248-4180-4016-dc10-5abd52021d4d,291aa1c6-c027-45a2-a129-c24ef9759940,2020-10-30,2020-10-31,865.02,0.0448135411420366,0,922.9529055555556,825.92,57.93290555555575,922.9529055555556
9ee15248-4180-4016-dc10-5abd52021d4d,291aa1c6-c027-45a2-a129-c24ef9759940,2020-10-31,2020-11-01,782.37,0.042494066403544,0,911.059227777778,865.02,128.68922777777811,911.059227777778
9ee15248-4180-4016-dc10-5abd52021d4d,291aa1c6-c027-45a2-a129-c24ef9759940,2020-11-01,2020-11-02,864.97,0.0433500364116821,0,915.2534277777776,782.37,50.28342777777755,915.2534277777776
9ee15248-4180-4016-dc10-5abd52021d4d,291aa1c6-c027-45a2-a129-c24ef9759940,2020-11-02,2020-11-03,778.15,0.0340543575250897,0,920.1738,864.97,142.02380000000005,920.1738
9ee15248-4180-4016-dc10-5abd52021d4d,291aa1c6-c027-45a2-a129-c24ef9759940,2020-11-03,2020-11-04,864.42,0.0410637480161621,0,909.322311111111,778.15,44.90231111111109,909.322311111111
9ee15248-4180-4016-dc10-5abd52021d4d,291aa1c6-c027-45a2-a129-c24ef9759940,2020-11-04,2020-11-05,830.84,0.1521374971190529,1,0.0,864.42,830.84,864.42
9ee15248-4180-4016-dc10-5abd52021d4d,291aa1c6-c027-45a2-a129-c24ef9759940,2020-11-05,2020-11-06,849.62,0.0928491988112237,0,919.8200166666664,830.84,70.20001666666644,919.8200166666664
9ee15248-4180-4016-dc10-5abd52021d4d,291aa1c6-c027-45a2-a129-c24ef9759940,2020-11-06,2020-11-07,904.83,0.0464854100913934,0,905.3232222222224,849.62,0.4932222222223572,905.3232222222224
9ee15248-4180-4016-dc10-5abd52021d4d,291aa1c6-c027-45a2-a129-c24ef9759940,2020-11-07,2020-11-08,775.59,0.0586493133840234,0,903.79195,904.83,128.20195,903.79195
9ee15248-4180-4016-dc10-5abd52021d4d,291aa1c6-c027-45a2-a129-c24ef9759940,2020-11-08,2020-11-09,751.72,0.0627133166976768,0,924.8375611111112,775.59,173.11756111111106,924.8375611111112
9ee15248-4180-4016-dc10-5abd52021d4d,291aa1c6-c027-45a2-a129-c24ef9759940,2020-11-09,2020-11-10,838.15,0.0325309595856191,0,913.0773499999992,751.72,74.92734999999925,913.0773499999992
9ee15248-4180-4016-dc10-5abd52021d4d,291aa1c6-c027-45a2-a129-c24ef9759940,2020-11-10,2020-11-11,790.39,0.0632257848008918,0,912.9512499999994,838.15,122.5612499999994,912.9512499999994
9ee15248-4180-4016-dc10-5abd52021d4d,291aa1c6-c027-45a2-a129-c24ef9759940,2020-11-11,2020-11-12,863.59,0.0782251237291208,0,923.7235111111112,790.39,60.13351111111126,923.7235111111112
9ee15248-4180-4016-dc10-5abd52021d4d,291aa1c6-c027-45a2-a129-c24ef9759940,2020-11-12,2020-11-13,780.88,0.0536865470453457,0,913.1250166666664,863.59,132.24501666666652,913.1250166666664
9ee15248-4180-4016-dc10-5abd52021d4d,291aa1c6-c027-45a2-a129-c24ef9759940,2020-11-13,2020-11-14,850.65,0.0701067869914459,0,917.6854055555552,780.88,67.03540555555514,917.6854055555552
9ee15248-4180-4016-dc10-5abd52021d4d,291aa1c6-c027-45a2-a129-c24ef9759940,2020-11-14,2020-11-15,825.94,0.0518351327049534,0,924.078583333333,850.65,98.13858333333292,924.078583333333
9ee15248-4180-4016-dc10-5abd52021d4d,291aa1c6-c027-45a2-a129-c24ef9759940,2020-11-15,2020-11-16,785.63,0.0609908424817281,0,905.301627777778,825.94,119.671627777778,905.301627777778
9ee15248-4180-4016-dc10-5abd52021d4d,291aa1c6-c027-45a2-a129-c24ef9759940,2020-11-16,2020-11-17,861.4,0.0251336505829556,0,910.3533555555556,785.63,48.95335555555573,910.3533555555556
9ee15248-4180-4016-dc10-5abd52021d4d,291aa1c6-c027-45a2-a129-c24ef9759940,2020-11-17,2020-11-18,773.12,0.043776531472868,0,907.9969166666664,861.4,134.8769166666665,907.9969166666664
9ee15248-4180-4016-dc10-5abd52021d4d,291aa1c6-c027-45a2-a129-c24ef9759940,2020-11-18,2020-11-19,814.88,0.0846032005677843,0,913.5667055555552,773.12,98.68670555555514,913.5667055555552
9ee15248-4180-4016-dc10-5abd52021d4d,291aa1c6-c027-45a2-a129-c24ef9759940,2020-11-19,2020-11-20,783.11,0.0668116785349265,0,914.4851055555556,814.88,131.3751055555556,914.4851055555556
9ee15248-4180-4016-dc10-5abd52021d4d,291aa1c6-c027-45a2-a129-c24ef9759940,2020-11-20,2020-11-21,0.0,0.0459250011877764,0,918.8006111111116,783.11,918.8006111111116,918.8006111111116
9ee15248-4180-4016-dc10-5abd52021d4d,291aa1c6-c027-45a2-a129-c24ef9759940,2020-11-21,2020-11-22,824.54,0.0032334707281927,0,902.3260944444442,0.0,77.78609444444419,902.3260944444442
9ee15248-4180-4016-dc10-5abd52021d4d,291aa1c6-c027-45a2-a129-c24ef9759940,2020-11-22,2020-11-23,806.6,0.0630987502234935,0,886.9385749999994,824.54,80.33857499999942,886.9385749999994
9ee15248-4180-4016-dc10-5abd52021d4d,291aa1c6-c027-45a2-a129-c24ef9759940,2020-11-23,2020-11-24,751.74,0.0312117516027984,0,893.9585722222224,806.6,142.2185722222224,893.9585722222224
9ee15248-4180-4016-dc10-5abd52021d4d,291aa1c6-c027-45a2-a129-c24ef9759940,2020-11-24,2020-11-25,794.94,0.0768704487586823,0,897.1827583333336,751.74,102.24275833333354,897.1827583333336
9ee15248-4180-4016-dc10-5abd52021d4d,291aa1c6-c027-45a2-a129-c24ef9759940,2020-11-25,2020-11-26,773.47,0.0693801356911447,0,890.0692500000002,794.94,116.5992500000002,890.0692500000002
9ee15248-4180-4016-dc10-5abd52021d4d,291aa1c6-c027-45a2-a129-c24ef9759940,2020-11-26,2020-11-27,786.99,0.0547709952435104,0,895.2144694444443,773.47,108.22446944444424,895.2144694444443
9ee15248-4180-4016-dc10-5abd52021d4d,291aa1c6-c027-45a2-a129-c24ef9759940,2020-11-27,2020-11-28,781.59,0.05836279262509,0,888.1888777777783,786.99,106.59887777777828,888.1888777777783
9ee15248-4180-4016-dc10-5abd52021d4d,291aa1c6-c027-45a2-a129-c24ef9759940,2020-11-28,2020-11-29,854.32,0.052209754999631,0,897.8910833333346,781.59,43.571083333334514,897.8910833333346
9ee15248-4180-4016-dc10-5abd52021d4d,291aa1c6-c027-45a2-a129-c24ef9759940,2020-11-29,2020-11-30,803.46,0.0449045110555675,0,900.9960888888888,854.32,97.5360888888888,900.9960888888888
9ee15248-4180-4016-dc10-5abd52021d4d,291aa1c6-c027-45a2-a129-c24ef9759940,2020-11-30,2020-12-01,825.45,0.0342443054487267,0,908.6869388888888,803.46,83.23693888888886,908.6869388888888
9ee15248-4180-4016-dc10-5abd52021d4d,291aa1c6-c027-45a2-a129-c24ef9759940,2020-12-01,2020-12-02,844.38,0.0572744615530194,0,903.6852333333334,825.45,59.305233333333376,903.6852333333334
9ee15248-4180-4016-dc10-5abd52021d4d,291aa1c6-c027-45a2-a129-c24ef9759940,2020-12-02,2020-12-03,759.04,0.1067278211653925,0,908.4443944444446,844.38,149.40439444444462,908.4443944444446
9ee15248-4180-4016-dc10-5abd52021d4d,291aa1c6-c027-45a2-a129-c24ef9759940,2020-12-03,2020-12-04,894.55,0.0453641608878783,0,921.1787555555557,759.04,26.628755555555585,921.1787555555557
9ee15248-4180-4016-dc10-5abd52021d4d,291aa1c6-c027-45a2-a129-c24ef9759940,2020-12-04,2020-12-05,796.58,0.0938265504627146,0,904.9818722222224,894.55,108.40187222222232,904.9818722222224
9ee15248-4180-4016-dc10-5abd52021d4d,291aa1c6-c027-45a2-a129-c24ef9759940,2020-12-05,2020-12-06,0.0,0.0637955062399268,0,915.2487999999998,796.58,915.2487999999998,915.2487999999998
9ee15248-4180-4016-dc10-5abd52021d4d,291aa1c6-c027-45a2-a129-c24ef9759940,2020-12-06,2020-12-07,807.57,0.0,0,899.5942055555549,0.0,92.02420555555489,899.5942055555549
9ee15248-4180-4016-dc10-5abd52021d4d,291aa1c6-c027-45a2-a129-c24ef9759940,2020-12-07,2020-12-08,807.34,0.0554050450470106,0,885.2759805555553,807.57,77.93598055555526,885.2759805555553
9ee15248-4180-4016-dc10-5abd52021d4d,291aa1c6-c027-45a2-a129-c24ef9759940,2020-12-08,2020-12-09,761.14,0.0824074211026499,0,901.0664722222228,807.34,139.92647222222274,901.0664722222228
9ee15248-4180-4016-dc10-5abd52021d4d,291aa1c6-c027-45a2-a129-c24ef9759940,2020-12-09,2020-12-10,901.05,0.1016513778662993,0,894.7905777777781,761.14,6.259422222221815,894.7905777777781
9ee15248-4180-4016-dc10-5abd52021d4d,291aa1c6-c027-45a2-a129-c24ef9759940,2020-12-10,2020-12-11,728.75,0.0876539436848613,0,896.35085,901.05,167.60085000000004,896.35085
9ee15248-4180-4016-dc10-5abd52021d4d,291aa1c6-c027-45a2-a129-c24ef9759940,2020-12-11,2020-12-12,804.1,0.0640355113309808,0,902.6854027777777,728.75,98.58540277777765,902.6854027777777
9ee15248-4180-4016-dc10-5abd52021d4d,291aa1c6-c027-45a2-a129-c24ef9759940,2020-12-12,2020-12-13,803.93,0.0599343282021039,0,877.5098000000002,804.1,73.5798000000002,877.5098000000002
9ee15248-4180-4016-dc10-5abd52021d4d,291aa1c6-c027-45a2-a129-c24ef9759940,2020-12-13,2020-12-14,836.91,0.0794119229218909,0,897.8590833333341,803.93,60.9490833333341,897.8590833333341
9ee15248-4180-4016-dc10-5abd52021d4d,291aa1c6-c027-45a2-a129-c24ef9759940,2020-12-14,2020-12-15,823.65,0.0522608069659232,0,915.7834666666664,836.91,92.13346666666644,915.7834666666664
9ee15248-4180-4016-dc10-5abd52021d4d,291aa1c6-c027-45a2-a129-c24ef9759940,2020-12-15,2020-12-16,777.95,0.0725500732777034,0,913.5844333333335,823.65,135.6344333333335,913.5844333333335
9ee15248-4180-4016-dc10-5abd52021d4d,291aa1c6-c027-45a2-a129-c24ef9759940,2020-12-16,2020-12-17,752.59,0.1093960840434629,0,907.512838888889,777.95,154.92283888888892,907.512838888889
9ee15248-4180-4016-dc10-5abd52021d4d,291aa1c6-c027-45a2-a129-c24ef9759940,2020-12-17,2020-12-18,818.25,0.08154012528625,0,918.3011083333332,752.59,100.05110833333322,918.3011083333332
9ee15248-4180-4016-dc10-5abd52021d4d,291aa1c6-c027-45a2-a129-c24ef9759940,2020-12-18,2020-12-19,771.6,0.0716344118809262,0,902.0821944444444,818.25,130.48219444444442,902.0821944444444
9ee15248-4180-4016-dc10-5abd52021d4d,291aa1c6-c027-45a2-a129-c24ef9759940,2020-12-19,2020-12-20,811.95,0.0474326990085682,0,916.4267333333332,771.6,104.4767333333332,916.4267333333332
9ee15248-4180-4016-dc10-5abd52021d4d,291aa1c6-c027-45a2-a129-c24ef9759940,2020-12-20,2020-12-21,775.43,0.0465760840121492,0,910.1289444444444,811.95,134.69894444444458,910.1289444444444
9ee15248-4180-4016-dc10-5abd52021d4d,291aa1c6-c027-45a2-a129-c24ef9759940,2020-12-21,2020-12-22,783.05,0.0471468013278228,0,914.581708333333,775.43,131.53170833333309,914.581708333333
9ee15248-4180-4016-dc10-5abd52021d4d,291aa1c6-c027-45a2-a129-c24ef9759940,2020-12-22,2020-12-23,857.49,0.0443005008731102,0,909.1812472222222,783.05,51.69124722222216,909.1812472222222
9ee15248-4180-4016-dc10-5abd52021d4d,291aa1c6-c027-45a2-a129-c24ef9759940,2020-12-23,2020-12-24,735.59,0.0789085226066639,0,902.85045,857.49,167.26045,902.85045
9ee15248-4180-4016-dc10-5abd52021d4d,291aa1c6-c027-45a2-a129-c24ef9759940,2020-12-24,2020-12-25,750.92,0.089788702171414,0,901.6187472222216,735.59,150.69874722222175,901.6187472222216
9ee15248-4180-4016-dc10-5abd52021d4d,291aa1c6-c027-45a2-a129-c24ef9759940,2020-12-25,2020-12-26,801.72,0.0524526088581368,0,905.194569444444,750.92,103.47456944444411,905.194569444444
9ee15248-4180-4016-dc10-5abd52021d4d,291aa1c6-c027-45a2-a129-c24ef9759940,2020-12-26,2020-12-27,750.72,0.1109924514804442,0,901.2240666666668,801.72,150.50406666666674,901.2240666666668
9ee15248-4180-4016-dc10-5abd52021d4d,291aa1c6-c027-45a2-a129-c24ef9759940,2020-12-27,2020-12-28,841.12,0.057276802428616,0,909.444452777777,750.72,68.32445277777697,909.444452777777
9ee15248-4180-4016-dc10-5abd52021d4d,291aa1c6-c027-45a2-a129-c24ef9759940,2020-12-28,2020-12-29,665.12,0.0334191730571866,0,907.2430444444442,841.12,242.1230444444442,907.2430444444442
9ee15248-4180-4016-dc10-5abd52021d4d,291aa1c6-c027-45a2-a129-c24ef9759940,2020-12-29,2020-12-30,726.25,0.0763752341455521,0,897.9221583333328,665.12,171.67215833333285,897.9221583333328
9ee15248-4180-4016-dc10-5abd52021d4d,291aa1c6-c027-45a2-a129-c24ef9759940,2020-12-30,2020-12-31,772.02,0.0975571808909757,0,884.9879527777771,726.25,112.9679527777771,884.9879527777771
a56bb74a-a917-4f85-821a-fd90f74ebb4f,291aa1c6-c027-45a2-a129-c24ef9759940,2020-08-23,2020-08-24,3308.7,0.3763649204400347,1,0.0,3478.23,3308.7,3478.23
a56bb74a-a917-4f85-821a-fd90f74ebb4f,291aa1c6-c027-45a2-a129-c24ef9759940,2020-08-24,2020-08-25,3372.05,0.2357867240839693,1,0.0,3308.7,3372.05,3308.7
a56bb74a-a917-4f85-821a-fd90f74ebb4f,291aa1c6-c027-45a2-a129-c24ef9759940,2020-08-25,2020-08-26,3355.84,0.2146080193397762,1,0.0,3372.05,3355.84,3372.05
a56bb74a-a917-4f85-821a-fd90f74ebb4f,291aa1c6-c027-45a2-a129-c24ef9759940,2020-08-26,2020-08-27,3166.67,0.4041969552763395,1,0.0,3355.84,3166.67,3355.84
a56bb74a-a917-4f85-821a-fd90f74ebb4f,291aa1c6-c027-45a2-a129-c24ef9759940,2020-08-27,2020-08-28,3485.45,0.2775582119311144,1,0.0,3166.67,3485.45,3166.67
a56bb74a-a917-4f85-821a-fd90f74ebb4f,291aa1c6-c027-45a2-a129-c24ef9759940,2020-08-28,2020-08-29,3221.22,0.4123041678046918,1,0.0,3485.45,3221.22,3485.45
a56bb74a-a917-4f85-821a-fd90f74ebb4f,291aa1c6-c027-45a2-a129-c24ef9759940,2020-08-29,2020-08-30,3863.98,0.302061959745536,1,0.0,3221.22,3863.98,3221.22
a56bb74a-a917-4f85-821a-fd90f74ebb4f,291aa1c6-c027-45a2-a129-c24ef9759940,2020-08-30,2020-08-31,3390.8,0.3740147491942902,1,0.0,3863.98,3390.8,3863.98
a56bb74a-a917-4f85-821a-fd90f74ebb4f,291aa1c6-c027-45a2-a129-c24ef9759940,2020-08-31,2020-09-01,3416.63,0.3727559059823356,1,0.0,3390.8,3416.63,3390.8
a56bb74a-a917-4f85-821a-fd90f74ebb4f,291aa1c6-c027-45a2-a129-c24ef9759940,2020-09-01,2020-09-02,3328.63,0.3011036748608487,1,0.0,3416.63,3328.63,3416.63
a56bb74a-a917-4f85-821a-fd90f74ebb4f,291aa1c6-c027-45a2-a129-c24ef9759940,2020-09-02,2020-09-03,3487.42,0.3596463349376579,1,0.0,3328.63,3487.42,3328.63
a56bb74a-a917-4f85-821a-fd90f74ebb4f,291aa1c6-c027-45a2-a129-c24ef9759940,2020-09-03,2020-09-04,3532.49,0.3325233430592277,1,0.0,3487.42,3532.49,3487.42
a56bb74a-a917-4f85-821a-fd90f74ebb4f,291aa1c6-c027-45a2-a129-c24ef9759940,2020-09-04,2020-09-05,3183.24,0.3904515761282033,1,0.0,3532.49,3183.24,3532.49
a56bb74a-a917-4f85-821a-fd90f74ebb4f,291aa1c6-c027-45a2-a129-c24ef9759940,2020-09-05,2020-09-06,3534.05,0.2421346907147114,1,0.0,3183.24,3534.05,3183.24
a56bb74a-a917-4f85-821a-fd90f74ebb4f,291aa1c6-c027-45a2-a129-c24ef9759940,2020-09-06,2020-09-07,3533.44,0.3484638932607148,1,0.0,3534.05,3533.44,3534.05
a56bb74a-a917-4f85-821a-fd90f74ebb4f,291aa1c6-c027-45a2-a129-c24ef9759940,2020-09-07,2020-09-08,3225.73,0.4160238942273854,1,0.0,3533.44,3225.73,3533.44
a56bb74a-a917-4f85-821a-fd90f74ebb4f,291aa1c6-c027-45a2-a129-c24ef9759940,2020-09-08,2020-09-09,3550.99,0.2955392917136936,1,0.0,3225.73,3550.99,3225.73
a56bb74a-a917-4f85-821a-fd90f74ebb4f,291aa1c6-c027-45a2-a129-c24ef9759940,2020-09-09,2020-09-10,3264.85,0.3466150925351836,1,0.0,3550.99,3264.85,3550.99
a56bb74a-a917-4f85-821a-fd90f74ebb4f,291aa1c6-c027-45a2-a129-c24ef9759940,2020-09-10,2020-09-11,3390.96,0.3237230678691395,1,0.0,3264.85,3390.96,3264.85
a56bb74a-a917-4f85-821a-fd90f74ebb4f,291aa1c6-c027-45a2-a129-c24ef9759940,2020-09-11,2020-09-12,3382.9,0.3489455127628046,1,0.0,3390.96,3382.9,3390.96
a56bb74a-a917-4f85-821a-fd90f74ebb4f,291aa1c6-c027-45a2-a129-c24ef9759940,2020-09-12,2020-09-13,0.0,0.2841462292593869,1,0.0,3382.9,0.0,3382.9
a56bb74a-a917-4f85-821a-fd90f74ebb4f,291aa1c6-c027-45a2-a129-c24ef9759940,2020-09-13,2020-09-14,3286.61,0.0380697141615934,0,3405.3341444444445,0.0,118.7241444444444,3405.3341444444445
a56bb74a-a917-4f85-821a-fd90f74ebb4f,291aa1c6-c027-45a2-a129-c24ef9759940,2020-09-14,2020-09-15,3880.42,0.2780415581639322,1,0.0,3286.61,3880.42,3286.61
a56bb74a-a917-4f85-821a-fd90f74ebb4f,291aa1c6-c027-45a2-a129-c24ef9759940,2020-09-15,2020-09-16,3181.63,0.2353731052863975,1,0.0,3880.42,3181.63,3880.42
a56bb74a-a917-4f85-821a-fd90f74ebb4f,291aa1c6-c027-45a2-a129-c24ef9759940,2020-09-16,2020-09-17,3635.02,0.2996021881440133,1,0.0,3181.63,3635.02,3181.63
a56bb74a-a917-4f85-821a-fd90f74ebb4f,291aa1c6-c027-45a2-a129-c24ef9759940,2020-09-17,2020-09-18,3450.43,0.4108923765286271,1,0.0,3635.02,3450.43,3635.02
a56bb74a-a917-4f85-821a-fd90f74ebb4f,291aa1c6-c027-45a2-a129-c24ef9759940,2020-09-18,2020-09-19,3764.82,0.3783428242771699,1,0.0,3450.43,3764.82,3450.43
a56bb74a-a917-4f85-821a-fd90f74ebb4f,291aa1c6-c027-45a2-a129-c24ef9759940,2020-09-19,2020-09-20,3685.72,0.2808136568793791,1,0.0,3764.82,3685.72,3764.82
a56bb74a-a917-4f85-821a-fd90f74ebb4f,291aa1c6-c027-45a2-a129-c24ef9759940,2020-09-20,2020-09-21,3264.53,0.2624051240150346,1,0.0,3685.72,3264.53,3685.72
a56bb74a-a917-4f85-821a-fd90f74ebb4f,291aa1c6-c027-45a2-a129-c24ef9759940,2020-09-21,2020-09-22,3358.66,0.2895183274079454,1,0.0,3264.53,3358.66,3264.53
a56bb74a-a917-4f85-821a-fd90f74ebb4f,291aa1c6-c027-45a2-a129-c24ef9759940,2020-09-22,2020-09-23,3637.18,0.3270236034566161,1,0.0,3358.66,3637.18,3358.66
a56bb74a-a917-4f85-821a-fd90f74ebb4f,291aa1c6-c027-45a2-a129-c24ef9759940,2020-09-23,2020-09-24,3475.18,0.4006302721447679,1,0.0,3637.18,3475.18,3637.18
a56bb74a-a917-4f85-821a-fd90f74ebb4f,291aa1c6-c027-45a2-a129-c24ef9759940,2020-09-24,2020-09-25,3309.93,0.43986229505492,1,0.0,3475.18,3309.93,3475.18
a56bb74a-a917-4f85-821a-fd90f74ebb4f,291aa1c6-c027-45a2-a129-c24ef9759940,2020-09-25,2020-09-26,3342.49,0.3795001806281554,1,0.0,3309.93,3342.49,3309.93
a56bb74a-a917-4f85-821a-fd90f74ebb4f,291aa1c6-c027-45a2-a129-c24ef9759940,2020-09-26,2020-09-27,3878.53,0.3241555481000028,1,0.0,3342.49,3878.53,3342.49
a56bb74a-a917-4f85-821a-fd90f74ebb4f,291aa1c6-c027-45a2-a129-c24ef9759940,2020-09-27,2020-09-28,3469.4,0.364228975356236,1,0.0,3878.53,3469.4,3878.53
a56bb74a-a917-4f85-821a-fd90f74ebb4f,291aa1c6-c027-45a2-a129-c24ef9759940,2020-09-28,2020-09-29,3475.46,0.3649589714059446,1,0.0,3469.4,3475.46,3469.4
a56bb74a-a917-4f85-821a-fd90f74ebb4f,291aa1c6-c027-45a2-a129-c24ef9759940,2020-09-29,2020-09-30,3598.82,0.3905078637461271,1,0.0,3475.46,3598.82,3475.46
a56bb74a-a917-4f85-821a-fd90f74ebb4f,291aa1c6-c027-45a2-a129-c24ef9759940,2020-09-30,2020-10-01,3261.01,0.4086767550965857,1,0.0,3598.82,3261.01,3598.82
a56bb74a-a917-4f85-821a-fd90f74ebb4f,291aa1c6-c027-45a2-a129-c24ef9759940,2020-10-01,2020-10-02,3757.48,0.3914252907670013,1,0.0,3261.01,3757.48,3261.01
a56bb74a-a917-4f85-821a-fd90f74ebb4f,291aa1c6-c027-45a2-a129-c24ef9759940,2020-10-02,2020-10-03,3120.2,0.3712718047876889,1,0.0,3757.48,3120.2,3757.48
a56bb74a-a917-4f85-821a-fd90f74ebb4f,291aa1c6-c027-45a2-a129-c24ef9759940,2020-10-03,2020-10-04,3723.99,0.3333471986902673,1,0.0,3120.2,3723.99,3120.2
a56bb74a-a917-4f85-821a-fd90f74ebb4f,291aa1c6-c027-45a2-a129-c24ef9759940,2020-10-04,2020-10-05,3570.66,0.3912208785048158,1,0.0,3723.99,3570.66,3723.99
a56bb74a-a917-4f85-821a-fd90f74ebb4f,291aa1c6-c027-45a2-a129-c24ef9759940,2020-10-05,2020-10-06,3622.37,0.4176787154757036,1,0.0,3570.66,3622.37,3570.66
a56bb74a-a917-4f85-821a-fd90f74ebb4f,291aa1c6-c027-45a2-a129-c24ef9759940,2020-10-06,2020-10-07,3381.04,0.4137789766925665,1,0.0,3622.37,3381.04,3622.37
a56bb74a-a917-4f85-821a-fd90f74ebb4f,291aa1c6-c027-45a2-a129-c24ef9759940,2020-10-07,2020-10-08,3360.59,0.3362592722584889,1,0.0,3381.04,3360.59,3381.04
a56bb74a-a917-4f85-821a-fd90f74ebb4f,291aa1c6-c027-45a2-a129-c24ef9759940,2020-10-08,2020-10-09,3772.44,0.4668799349856969,1,0.0,3360.59,3772.44,3360.59
a56bb74a-a917-4f85-821a-fd90f74ebb4f,291aa1c6-c027-45a2-a129-c24ef9759940,2020-10-09,2020-10-10,3996.58,0.3077605064111375,1,0.0,3772.44,3996.58,3772.44
a56bb74a-a917-4f85-821a-fd90f74ebb4f,291aa1c6-c027-45a2-a129-c24ef9759940,2020-10-10,2020-10-11,3512.89,0.3460767309592132,1,0.0,3996.58,3512.89,3996.58
a56bb74a-a917-4f85-821a-fd90f74ebb4f,291aa1c6-c027-45a2-a129-c24ef9759940,2020-10-11,2020-10-12,3712.27,0.3040568777515627,1,0.0,3512.89,3712.27,3512.89
a56bb74a-a917-4f85-821a-fd90f74ebb4f,291aa1c6-c027-45a2-a129-c24ef9759940,2020-10-12,2020-10-13,3527.98,0.4639835135339451,1,0.0,3712.27,3527.98,3712.27
a56bb74a-a917-4f85-821a-fd90f74ebb4f,291aa1c6-c027-45a2-a129-c24ef9759940,2020-10-13,2020-10-14,3371.02,0.3845862489904578,1,0.0,3527.98,3371.02,3527.98
a56bb74a-a917-4f85-821a-fd90f74ebb4f,291aa1c6-c027-45a2-a129-c24ef9759940,2020-10-14,2020-10-15,3814.1,0.3260122484683259,1,0.0,3371.02,3814.1,3371.02
a56bb74a-a917-4f85-821a-fd90f74ebb4f,291aa1c6-c027-45a2-a129-c24ef9759940,2020-10-15,2020-10-16,3435.62,0.3766584189913882,1,0.0,3814.1,3435.62,3814.1
a56bb74a-a917-4f85-821a-fd90f74ebb4f,291aa1c6-c027-45a2-a129-c24ef9759940,2020-10-16,2020-10-17,0.0,0.3173546185173718,1,0.0,3435.62,0.0,3435.62
a56bb74a-a917-4f85-821a-fd90f74ebb4f,291aa1c6-c027-45a2-a129-c24ef9759940,2020-10-17,2020-10-18,3507.42,0.0317822011601387,0,3456.358994444443,0.0,51.06100555555713,3456.358994444443
a56bb74a-a917-4f85-821a-fd90f74ebb4f,291aa1c6-c027-45a2-a129-c24ef9759940,2020-10-18,2020-10-19,0.0,0.2959079637574284,1,0.0,3507.42,0.0,3507.42
a56bb74a-a917-4f85-821a-fd90f74ebb4f,291aa1c6-c027-45a2-a129-c24ef9759940,2020-10-19,2020-10-20,3405.19,0.0579003866159152,0,3416.273322222221,0.0,11.083322222220886,3416.273322222221
a56bb74a-a917-4f85-821a-fd90f74ebb4f,291aa1c6-c027-45a2-a129-c24ef9759940,2020-10-20,2020-10-21,3522.07,0.2403466253219743,1,0.0,3405.19,3522.07,3405.19
a56bb74a-a917-4f85-821a-fd90f74ebb4f,291aa1c6-c027-45a2-a129-c24ef9759940,2020-10-21,2020-10-22,3318.58,0.3125516243723191,1,0.0,3522.07,3318.58,3522.07
a56bb74a-a917-4f85-821a-fd90f74ebb4f,291aa1c6-c027-45a2-a129-c24ef9759940,2020-10-22,2020-10-23,3801.19,0.2714778723687526,1,0.0,3318.58,3801.19,3318.58
a56bb74a-a917-4f85-821a-fd90f74ebb4f,291aa1c6-c027-45a2-a129-c24ef9759940,2020-10-23,2020-10-24,3535.39,0.329076629282588,1,0.0,3801.19,3535.39,3801.19
a56bb74a-a917-4f85-821a-fd90f74ebb4f,291aa1c6-c027-45a2-a129-c24ef9759940,2020-10-24,2020-10-25,3468.29,0.2291856824171169,1,0.0,3535.39,3468.29,3535.39
a56bb74a-a917-4f85-821a-fd90f74ebb4f,291aa1c6-c027-45a2-a129-c24ef9759940,2020-10-25,2020-10-26,0.0,0.4128379462537883,1,0.0,3468.29,0.0,3468.29
a56bb74a-a917-4f85-821a-fd90f74ebb4f,291aa1c6-c027-45a2-a129-c24ef9759940,2020-10-26,2020-10-27,3599.53,0.0251433980491023,0,2993.787644444445,0.0,605.7423555555552,2993.787644444445
a56bb74a-a917-4f85-821a-fd90f74ebb4f,291aa1c6-c027-45a2-a129-c24ef9759940,2020-10-27,2020-10-28,3368.96,0.2891118464837441,1,0.0,3599.53,3368.96,3599.53
a56bb74a-a917-4f85-821a-fd90f74ebb4f,291aa1c6-c027-45a2-a129-c24ef9759940,2020-10-28,2020-10-29,3274.76,0.3568605735583447,1,0.0,3368.96,3274.76,3368.96
a56bb74a-a917-4f85-821a-fd90f74ebb4f,291aa1c6-c027-45a2-a129-c24ef9759940,2020-10-29,2020-10-30,3394.29,0.4181880935887926,1,0.0,3274.76,3394.29,3274.76
a56bb74a-a917-4f85-821a-fd90f74ebb4f,291aa1c6-c027-45a2-a129-c24ef9759940,2020-10-30,2020-10-31,3628.91,0.3136216963295945,1,0.0,3394.29,3628.91,3394.29
a56bb74a-a917-4f85-821a-fd90f74ebb4f,291aa1c6-c027-45a2-a129-c24ef9759940,2020-10-31,2020-11-01,3430.42,0.4372082716562812,1,0.0,3628.91,3430.42,3628.91
a56bb74a-a917-4f85-821a-fd90f74ebb4f,291aa1c6-c027-45a2-a129-c24ef9759940,2020-11-01,2020-11-02,3279.95,0.4037519028882001,1,0.0,3430.42,3279.95,3430.42
a56bb74a-a917-4f85-821a-fd90f74ebb4f,291aa1c6-c027-45a2-a129-c24ef9759940,2020-11-02,2020-11-03,3502.88,0.2388015108798652,1,0.0,3279.95,3502.88,3279.95
a56bb74a-a917-4f85-821a-fd90f74ebb4f,291aa1c6-c027-45a2-a129-c24ef9759940,2020-11-03,2020-11-04,3778.78,0.4346216054665444,1,0.0,3502.88,3778.78,3502.88
a56bb74a-a917-4f85-821a-fd90f74ebb4f,291aa1c6-c027-45a2-a129-c24ef9759940,2020-11-04,2020-11-05,3462.06,0.3166249680198362,1,0.0,3778.78,3462.06,3778.78
a56bb74a-a917-4f85-821a-fd90f74ebb4f,291aa1c6-c027-45a2-a129-c24ef9759940,2020-11-05,2020-11-06,3195.77,0.3415630012665506,1,0.0,3462.06,3195.77,3462.06
a56bb74a-a917-4f85-821a-fd90f74ebb4f,291aa1c6-c027-45a2-a129-c24ef9759940,2020-11-06,2020-11-07,3325.66,0.352283433926192,1,0.0,3195.77,3325.66,3195.77
a56bb74a-a917-4f85-821a-fd90f74ebb4f,291aa1c6-c027-45a2-a129-c24ef9759940,2020-11-07,2020-11-08,3380.17,0.4000129929454775,1,0.0,3325.66,3380.17,3325.66
a56bb74a-a917-4f85-821a-fd90f74ebb4f,291aa1c6-c027-45a2-a129-c24ef9759940,2020-11-08,2020-11-09,3471.76,0.3070126393946387,1,0.0,3380.17,3471.76,3380.17
a56bb74a-a917-4f85-821a-fd90f74ebb4f,291aa1c6-c027-45a2-a129-c24ef9759940,2020-11-09,2020-11-10,3562.9,0.4046959446896872,1,0.0,3471.76,3562.9,3471.76
a56bb74a-a917-4f85-821a-fd90f74ebb4f,291aa1c6-c027-45a2-a129-c24ef9759940,2020-11-10,2020-11-11,3608.06,0.3262548734235287,1,0.0,3562.9,3608.06,3562.9
a56bb74a-a917-4f85-821a-fd90f74ebb4f,291aa1c6-c027-45a2-a129-c24ef9759940,2020-11-11,2020-11-12,3449.43,0.3517525686656739,1,0.0,3608.06,3449.43,3608.06
a56bb74a-a917-4f85-821a-fd90f74ebb4f,291aa1c6-c027-45a2-a129-c24ef9759940,2020-11-12,2020-11-13,3312.75,0.3301477347670327,1,0.0,3449.43,3312.75,3449.43
a56bb74a-a917-4f85-821a-fd90f74ebb4f,291aa1c6-c027-45a2-a129-c24ef9759940,2020-11-13,2020-11-14,3188.15,0.3385270947613407,1,0.0,3312.75,3188.15,3312.75
a56bb74a-a917-4f85-821a-fd90f74ebb4f,291aa1c6-c027-45a2-a129-c24ef9759940,2020-11-14,2020-11-15,3506.54,0.312242737411505,1,0.0,3188.15,3506.54,3188.15
a56bb74a-a917-4f85-821a-fd90f74ebb4f,291aa1c6-c027-45a2-a129-c24ef9759940,2020-11-15,2020-11-16,3183.2,0.3539365518684555,1,0.0,3506.54,3183.2,3506.54
a56bb74a-a917-4f85-821a-fd90f74ebb4f,291aa1c6-c027-45a2-a129-c24ef9759940,2020-11-16,2020-11-17,3777.37,0.3675491780203788,1,0.0,3183.2,3777.37,3183.2
a56bb74a-a917-4f85-821a-fd90f74ebb4f,291aa1c6-c027-45a2-a129-c24ef9759940,2020-11-17,2020-11-18,3664.48,0.3215253510418115,1,0.0,3777.37,3664.48,3777.37
a56bb74a-a917-4f85-821a-fd90f74ebb4f,291aa1c6-c027-45a2-a129-c24ef9759940,2020-11-18,2020-11-19,3723.95,0.3796775020205242,1,0.0,3664.48,3723.95,3664.48
a56bb74a-a917-4f85-821a-fd90f74ebb4f,291aa1c6-c027-45a2-a129-c24ef9759940,2020-11-19,2020-11-20,3424.62,0.3822416516483224,1,0.0,3723.95,3424.62,3723.95
a56bb74a-a917-4f85-821a-fd90f74ebb4f,291aa1c6-c027-45a2-a129-c24ef9759940,2020-11-20,2020-11-21,3474.84,0.3514777911070574,1,0.0,3424.62,3474.84,3424.62
a56bb74a-a917-4f85-821a-fd90f74ebb4f,291aa1c6-c027-45a2-a129-c24ef9759940,2020-11-21,2020-11-22,3258.41,0.3426003278422411,1,0.0,3474.84,3258.41,3474.84
a56bb74a-a917-4f85-821a-fd90f74ebb4f,291aa1c6-c027-45a2-a129-c24ef9759940,2020-11-22,2020-11-23,3610.9,0.3079026882205112,1,0.0,3258.41,3610.9,3258.41
a56bb74a-a917-4f85-821a-fd90f74ebb4f,291aa1c6-c027-45a2-a129-c24ef9759940,2020-11-23,2020-11-24,3196.78,0.3999410737874571,1,0.0,3610.9,3196.78,3610.9
a56bb74a-a917-4f85-821a-fd90f74ebb4f,291aa1c6-c027-45a2-a129-c24ef9759940,2020-11-24,2020-11-25,3420.17,0.3664928015523512,1,0.0,3196.78,3420.17,3196.78
a56bb74a-a917-4f85-821a-fd90f74ebb4f,291aa1c6-c027-45a2-a129-c24ef9759940,2020-11-25,2020-11-26,3298.98,0.3639218567016246,1,0.0,3420.17,3298.98,3420.17
a56bb74a-a917-4f85-821a-fd90f74ebb4f,291aa1c6-c027-45a2-a129-c24ef9759940,2020-11-26,2020-11-27,3723.16,0.353360644827026,1,0.0,3298.98,3723.16,3298.98
a56bb74a-a917-4f85-821a-fd90f74ebb4f,291aa1c6-c027-45a2-a129-c24ef9759940,2020-11-27,2020-11-28,3528.31,0.3925681656672957,1,0.0,3723.16,3528.31,3723.16
a56bb74a-a917-4f85-821a-fd90f74ebb4f,291aa1c6-c027-45a2-a129-c24ef9759940,2020-11-28,2020-11-29,3504.9,0.3069101137743593,1,0.0,3528.31,3504.9,3528.31
a56bb74a-a917-4f85-821a-fd90f74ebb4f,291aa1c6-c027-45a2-a129-c24ef9759940,2020-11-29,2020-11-30,3402.44,0.3431183068205762,1,0.0,3504.9,3402.44,3504.9
a56bb74a-a917-4f85-821a-fd90f74ebb4f,291aa1c6-c027-45a2-a129-c24ef9759940,2020-11-30,2020-12-01,3583.06,0.3888442380509097,1,0.0,3402.44,3583.06,3402.44
a56bb74a-a917-4f85-821a-fd90f74ebb4f,291aa1c6-c027-45a2-a129-c24ef9759940,2020-12-01,2020-12-02,3729.57,0.3976949779225421,1,0.0,3583.06,3729.57,3583.06
a56bb74a-a917-4f85-821a-fd90f74ebb4f,291aa1c6-c027-45a2-a129-c24ef9759940,2020-12-02,2020-12-03,3735.42,0.3503112681267991,1,0.0,3729.57,3735.42,3729.57
a56bb74a-a917-4f85-821a-fd90f74ebb4f,291aa1c6-c027-45a2-a129-c24ef9759940,2020-12-03,2020-12-04,3932.15,0.3531148637309264,1,0.0,3735.42,3932.15,3735.42
a56bb74a-a917-4f85-821a-fd90f74ebb4f,291aa1c6-c027-45a2-a129-c24ef9759940,2020-12-04,2020-12-05,3282.85,0.3147992808982289,1,0.0,3932.15,3282.85,3932.15
a56bb74a-a917-4f85-821a-fd90f74ebb4f,291aa1c6-c027-45a2-a129-c24ef9759940,2020-12-05,2020-12-06,3350.52,0.3380490049562475,1,0.0,3282.85,3350.52,3282.85
a56bb74a-a917-4f85-821a-fd90f74ebb4f,291aa1c6-c027-45a2-a129-c24ef9759940,2020-12-06,2020-12-07,3588.52,0.3305689515731622,1,0.0,3350.52,3588.52,3350.52
a56bb74a-a917-4f85-821a-fd90f74ebb4f,291aa1c6-c027-45a2-a129-c24ef9759940,2020-12-07,2020-12-08,3455.22,0.3725266282577987,1,0.0,3588.52,3455.22,3588.52
a56bb74a-a917-4f85-821a-fd90f74ebb4f,291aa1c6-c027-45a2-a129-c24ef9759940,2020-12-08,2020-12-09,3505.81,0.301395480185923,1,0.0,3455.22,3505.81,3455.22
a56bb74a-a917-4f85-821a-fd90f74ebb4f,291aa1c6-c027-45a2-a129-c24ef9759940,2020-12-09,2020-12-10,3201.34,0.3194924823316231,1,0.0,3505.81,3201.34,3505.81
a56bb74a-a917-4f85-821a-fd90f74ebb4f,291aa1c6-c027-45a2-a129-c24ef9759940,2020-12-10,2020-12-11,3593.14,0.3142144895788524,1,0.0,3201.34,3593.14,3201.34
a56bb74a-a917-4f85-821a-fd90f74ebb4f,291aa1c6-c027-45a2-a129-c24ef9759940,2020-12-11,2020-12-12,3366.03,0.2797646607077698,1,0.0,3593.14,3366.03,3593.14
a56bb74a-a917-4f85-821a-fd90f74ebb4f,291aa1c6-c027-45a2-a129-c24ef9759940,2020-12-12,2020-12-13,3521.29,0.3799566940486144,1,0.0,3366.03,3521.29,3366.03
a56bb74a-a917-4f85-821a-fd90f74ebb4f,291aa1c6-c027-45a2-a129-c24ef9759940,2020-12-13,2020-12-14,3414.87,0.3528468929602401,1,0.0,3521.29,3414.87,3521.29
a56bb74a-a917-4f85-821a-fd90f74ebb4f,291aa1c6-c027-45a2-a129-c24ef9759940,2020-12-14,2020-12-15,3262.28,0.3966920450673775,1,0.0,3414.87,3262.28,3414.87
a56bb74a-a917-4f85-821a-fd90f74ebb4f,291aa1c6-c027-45a2-a129-c24ef9759940,2020-12-15,2020-12-16,3750.68,0.3817976509460028,1,0.0,3262.28,3750.68,3262.28
a56bb74a-a917-4f85-821a-fd90f74ebb4f,291aa1c6-c027-45a2-a129-c24ef9759940,2020-12-16,2020-12-17,3550.35,0.3265919732769932,1,0.0,3750.68,3550.35,3750.68
a56bb74a-a917-4f85-821a-fd90f74ebb4f,291aa1c6-c027-45a2-a129-c24ef9759940,2020-12-17,2020-12-18,0.0,0.2904067693656852,1,0.0,3550.35,0.0,3550.35
a56bb74a-a917-4f85-821a-fd90f74ebb4f,291aa1c6-c027-45a2-a129-c24ef9759940,2020-12-18,2020-12-19,3274.54,0.0292545628259287,0,3445.5452,0.0,171.0051999999996,3445.5452
a56bb74a-a917-4f85-821a-fd90f74ebb4f,291aa1c6-c027-45a2-a129-c24ef9759940,2020-12-19,2020-12-20,3571.9,0.2386479231881122,1,0.0,3274.54,3571.9,3274.54
a56bb74a-a917-4f85-821a-fd90f74ebb4f,291aa1c6-c027-45a2-a129-c24ef9759940,2020-12-20,2020-12-21,3521.76,0.3767104573162171,1,0.0,3571.9,3521.76,3571.9
a56bb74a-a917-4f85-821a-fd90f74ebb4f,291aa1c6-c027-45a2-a129-c24ef9759940,2020-12-21,2020-12-22,3285.72,0.4052484921410362,1,0.0,3521.76,3285.72,3521.76
a56bb74a-a917-4f85-821a-fd90f74ebb4f,291aa1c6-c027-45a2-a129-c24ef9759940,2020-12-22,2020-12-23,3517.73,0.3400927652897734,1,0.0,3285.72,3517.73,3285.72
a56bb74a-a917-4f85-821a-fd90f74ebb4f,291aa1c6-c027-45a2-a129-c24ef9759940,2020-12-23,2020-12-24,3417.68,0.3194993942677617,1,0.0,3517.73,3417.68,3517.73
a56bb74a-a917-4f85-821a-fd90f74ebb4f,291aa1c6-c027-45a2-a129-c24ef9759940,2020-12-24,2020-12-25,3508.56,0.3250642765023464,1,0.0,3417.68,3508.56,3417.68
a56bb74a-a917-4f85-821a-fd90f74ebb4f,291aa1c6-c027-45a2-a129-c24ef9759940,2020-12-25,2020-12-26,3525.82,0.2144022252262406,1,0.0,3508.56,3525.82,3508.56
a56bb74a-a917-4f85-821a-fd90f74ebb4f,291aa1c6-c027-45a2-a129-c24ef9759940,2020-12-26,2020-12-27,3320.86,0.376906360310746,1,0.0,3525.82,3320.86,3525.82
a56bb74a-a917-4f85-821a-fd90f74ebb4f,291aa1c6-c027-45a2-a129-c24ef9759940,2020-12-27,2020-12-28,3510.85,0.328822156554123,1,0.0,3320.86,3510.85,3320.86
a56bb74a-a917-4f85-821a-fd90f74ebb4f,291aa1c6-c027-45a2-a129-c24ef9759940,2020-12-28,2020-12-29,3689.22,0.4030097733479423,1,0.0,3510.85,3689.22,3510.85
a56bb74a-a917-4f85-821a-fd90f74ebb4f,291aa1c6-c027-45a2-a129-c24ef9759940,2020-12-29,2020-12-30,3549.31,0.3413225549554163,1,0.0,3689.22,3549.31,3689.22
a56bb74a-a917-4f85-821a-fd90f74ebb4f,291aa1c6-c027-45a2-a129-c24ef9759940,2020-12-30,2020-12-31,3430.0,0.381411920994499,1,0.0,3549.31,3430.0,3549.31
a60723eb-2d9d-4588-b353-420f1e0c5847,87890231-7aa7-491c-9a98-18c49056f346,2020-08-23,2020-08-24,707.17,0.0080991580754789,0,693.5608611111105,655.65,13.609138888889447,693.5608611111105
a60723eb-2d9d-4588-b353-420f1e0c5847,87890231-7aa7-491c-9a98-18c49056f346,2020-08-24,2020-08-25,727.17,0.0568848152723594,0,709.7575111111106,707.17,17.412488888889357,709.7575111111106
a60723eb-2d9d-4588-b353-420f1e0c5847,87890231-7aa7-491c-9a98-18c49056f346,2020-08-25,2020-08-26,667.97,0.0556144925793154,0,701.1376000000001,727.17,33.16760000000011,701.1376000000001
a60723eb-2d9d-4588-b353-420f1e0c5847,87890231-7aa7-491c-9a98-18c49056f346,2020-08-26,2020-08-27,677.86,0.0420832080021022,0,690.7638472222225,667.97,12.903847222222453,690.7638472222225
a60723eb-2d9d-4588-b353-420f1e0c5847,87890231-7aa7-491c-9a98-18c49056f346,2020-08-27,2020-08-28,646.78,0.019722290607991,0,705.5003888888888,677.86,58.720388888888806,705.5003888888888
a60723eb-2d9d-4588-b353-420f1e0c5847,87890231-7aa7-491c-9a98-18c49056f346,2020-08-28,2020-08-29,660.48,0.0261230915044581,0,709.5867611111106,646.78,49.106761111110586,709.5867611111106
a60723eb-2d9d-4588-b353-420f1e0c5847,87890231-7aa7-491c-9a98-18c49056f346,2020-08-29,2020-08-30,692.89,0.027572763564934,0,697.2566166666666,660.48,4.366616666666573,697.2566166666666
a60723eb-2d9d-4588-b353-420f1e0c5847,87890231-7aa7-491c-9a98-18c49056f346,2020-08-30,2020-08-31,702.91,0.0111777899970213,0,695.1658722222221,692.89,7.744127777777862,695.1658722222221
a60723eb-2d9d-4588-b353-420f1e0c5847,87890231-7aa7-491c-9a98-18c49056f346,2020-08-31,2020-09-01,663.13,0.0557847103306712,0,700.7303611111114,702.91,37.6003611111114,700.7303611111114
a60723eb-2d9d-4588-b353-420f1e0c5847,87890231-7aa7-491c-9a98-18c49056f346,2020-09-01,2020-09-02,660.77,0.0760863271105704,0,714.74691388889,663.13,53.97691388889007,714.74691388889
a60723eb-2d9d-4588-b353-420f1e0c5847,87890231-7aa7-491c-9a98-18c49056f346,2020-09-02,2020-09-03,665.06,0.0464556843006993,0,710.9472527777784,660.77,45.887252777778485,710.9472527777784
a60723eb-2d9d-4588-b353-420f1e0c5847,87890231-7aa7-491c-9a98-18c49056f346,2020-09-03,2020-09-04,645.62,0.0194024175948859,0,703.0175638888887,665.06,57.397563888888726,703.0175638888887
a60723eb-2d9d-4588-b353-420f1e0c5847,87890231-7aa7-491c-9a98-18c49056f346,2020-09-04,2020-09-05,691.82,0.0362470767451736,0,702.3405666666665,645.62,10.520566666666468,702.3405666666665
a60723eb-2d9d-4588-b353-420f1e0c5847,87890231-7aa7-491c-9a98-18c49056f346,2020-09-05,2020-09-06,673.44,0.0187013496586553,0,707.6665222222226,691.82,34.22652222222257,707.6665222222226
a60723eb-2d9d-4588-b353-420f1e0c5847,87890231-7aa7-491c-9a98-18c49056f346,2020-09-06,2020-09-07,679.12,0.0294730533793675,0,716.6684055555554,673.44,37.548405555555405,716.6684055555554
a60723eb-2d9d-4588-b353-420f1e0c5847,87890231-7aa7-491c-9a98-18c49056f346,2020-09-07,2020-09-08,628.01,0.028147151039248,0,710.7597222222224,679.12,82.74972222222243,710.7597222222224
a60723eb-2d9d-4588-b353-420f1e0c5847,87890231-7aa7-491c-9a98-18c49056f346,2020-09-08,2020-09-09,694.21,0.0209117225304131,0,704.5101611111116,628.01,10.300161111111606,704.5101611111116
a60723eb-2d9d-4588-b353-420f1e0c5847,87890231-7aa7-491c-9a98-18c49056f346,2020-09-09,2020-09-10,637.71,0.0320930942872876,0,694.0804111111106,694.21,56.37041111111057,694.0804111111106
a60723eb-2d9d-4588-b353-420f1e0c5847,87890231-7aa7-491c-9a98-18c49056f346,2020-09-10,2020-09-11,646.35,0.058586183632418,0,697.2750361111118,637.71,50.92503611111181,697.2750361111118
a60723eb-2d9d-4588-b353-420f1e0c5847,87890231-7aa7-491c-9a98-18c49056f346,2020-09-11,2020-09-12,629.88,0.0464297048114725,0,693.2207472222223,646.35,63.34074722222226,693.2207472222223
a60723eb-2d9d-4588-b353-420f1e0c5847,87890231-7aa7-491c-9a98-18c49056f346,2020-09-12,2020-09-13,637.91,0.064295254103147,0,690.5350916666665,629.88,52.62509166666655,690.5350916666665
a60723eb-2d9d-4588-b353-420f1e0c5847,87890231-7aa7-491c-9a98-18c49056f346,2020-09-13,2020-09-14,651.45,0.0281322580790747,0,698.5299555555551,637.91,47.0799555555551,698.5299555555551
a60723eb-2d9d-4588-b353-420f1e0c5847,87890231-7aa7-491c-9a98-18c49056f346,2020-09-14,2020-09-15,646.86,0.0694562492543441,0,709.8581666666668,651.45,62.99816666666675,709.8581666666668
a60723eb-2d9d-4588-b353-420f1e0c5847,87890231-7aa7-491c-9a98-18c49056f346,2020-09-15,2020-09-16,0.0,0.0433115026924049,0,693.8484861111112,646.86,693.8484861111112,693.8484861111112
a60723eb-2d9d-4588-b353-420f1e0c5847,87890231-7aa7-491c-9a98-18c49056f346,2020-09-16,2020-09-17,701.47,0.0016508409040359,0,702.0889972222218,0.0,0.6189972222217648,702.0889972222218
a60723eb-2d9d-4588-b353-420f1e0c5847,87890231-7aa7-491c-9a98-18c49056f346,2020-09-17,2020-09-18,680.3,0.0381830955145925,0,683.3293777777782,701.47,3.0293777777782225,683.3293777777782
a60723eb-2d9d-4588-b353-420f1e0c5847,87890231-7aa7-491c-9a98-18c49056f346,2020-09-18,2020-09-19,671.88,0.0731106837932187,0,685.199777777779,680.3,13.319777777778995,685.199777777779
a60723eb-2d9d-4588-b353-420f1e0c5847,87890231-7aa7-491c-9a98-18c49056f346,2020-09-19,2020-09-20,690.3,0.05526787451106,0,682.1461777777782,671.88,8.15382222222172,682.1461777777782
a60723eb-2d9d-4588-b353-420f1e0c5847,87890231-7aa7-491c-9a98-18c49056f346,2020-09-20,2020-09-21,637.31,0.0200683499678567,0,683.2021611111109,690.3,45.89216111111091,683.2021611111109
a60723eb-2d9d-4588-b353-420f1e0c5847,87890231-7aa7-491c-9a98-18c49056f346,2020-09-21,2020-09-22,657.43,0.0967710743443377,0,684.4152666666675,637.31,26.9852666666676,684.4152666666675
a60723eb-2d9d-4588-b353-420f1e0c5847,87890231-7aa7-491c-9a98-18c49056f346,2020-09-22,2020-09-23,648.59,0.0312058900024818,0,677.0086555555563,657.43,28.418655555556256,677.0086555555563
a60723eb-2d9d-4588-b353-420f1e0c5847,87890231-7aa7-491c-9a98-18c49056f346,2020-09-23,2020-09-24,588.73,0.0309924739395634,0,668.2101777777788,648.59,79.48017777777875,668.2101777777788
a60723eb-2d9d-4588-b353-420f1e0c5847,87890231-7aa7-491c-9a98-18c49056f346,2020-09-24,2020-09-25,670.93,0.0673831978120012,0,690.6877555555554,588.73,19.75775555555549,690.6877555555554
a60723eb-2d9d-4588-b353-420f1e0c5847,87890231-7aa7-491c-9a98-18c49056f346,2020-09-25,2020-09-26,634.38,0.0647274676450039,0,689.5894555555553,670.93,55.20945555555534,689.5894555555553
a60723eb-2d9d-4588-b353-420f1e0c5847,87890231-7aa7-491c-9a98-18c49056f346,2020-09-26,2020-09-27,648.4,0.0740170616555516,0,703.989783333333,634.38,55.589783333333,703.989783333333
a60723eb-2d9d-4588-b353-420f1e0c5847,87890231-7aa7-491c-9a98-18c49056f346,2020-09-27,2020-09-28,623.29,0.0449830617840715,0,709.9620888888885,648.4,86.67208888888854,709.9620888888885
a60723eb-2d9d-4588-b353-420f1e0c5847,87890231-7aa7-491c-9a98-18c49056f346,2020-09-28,2020-09-29,641.3,0.0413342625857374,0,688.3905083333336,623.29,47.09050833333367,688.3905083333336
a60723eb-2d9d-4588-b353-420f1e0c5847,87890231-7aa7-491c-9a98-18c49056f346,2020-09-29,2020-09-30,728.19,0.0409270425473123,0,691.8160555555555,641.3,36.37394444444453,691.8160555555555
a60723eb-2d9d-4588-b353-420f1e0c5847,87890231-7aa7-491c-9a98-18c49056f346,2020-09-30,2020-10-01,566.51,0.0265006417404928,0,706.8458666666666,728.19,140.33586666666656,706.8458666666666
a60723eb-2d9d-4588-b353-420f1e0c5847,87890231-7aa7-491c-9a98-18c49056f346,2020-10-01,2020-10-02,670.76,0.0625741461587244,0,673.776516666667,566.51,3.01651666666703,673.776516666667
a60723eb-2d9d-4588-b353-420f1e0c5847,87890231-7aa7-491c-9a98-18c49056f346,2020-10-02,2020-10-03,708.4,0.0370910369049167,0,689.6699388888885,670.76,18.730061111111468,689.6699388888885
a60723eb-2d9d-4588-b353-420f1e0c5847,87890231-7aa7-491c-9a98-18c49056f346,2020-10-03,2020-10-04,580.97,0.0664869772386355,0,696.5318555555551,708.4,115.5618555555551,696.5318555555551
a60723eb-2d9d-4588-b353-420f1e0c5847,87890231-7aa7-491c-9a98-18c49056f346,2020-10-04,2020-10-05,617.28,0.12954184576128,0,705.6384166666664,580.97,88.35841666666647,705.6384166666664
a60723eb-2d9d-4588-b353-420f1e0c5847,87890231-7aa7-491c-9a98-18c49056f346,2020-10-05,2020-10-06,655.65,0.0505664143867402,0,671.8173500000003,617.28,16.167350000000283,671.8173500000003
a60723eb-2d9d-4588-b353-420f1e0c5847,87890231-7aa7-491c-9a98-18c49056f346,2020-10-06,2020-10-07,623.53,0.0641266872590537,0,697.6736777777783,655.65,74.1436777777783,697.6736777777783
a60723eb-2d9d-4588-b353-420f1e0c5847,87890231-7aa7-491c-9a98-18c49056f346,2020-10-07,2020-10-08,616.26,0.0646870005838905,0,703.093463888889,623.53,86.83346388888901,703.093463888889
a60723eb-2d9d-4588-b353-420f1e0c5847,87890231-7aa7-491c-9a98-18c49056f346,2020-10-08,2020-10-09,657.21,0.1420227240244943,0,682.9361250000003,616.26,25.72612500000025,682.9361250000003
a60723eb-2d9d-4588-b353-420f1e0c5847,87890231-7aa7-491c-9a98-18c49056f346,2020-10-09,2020-10-10,561.24,0.0572221439913838,0,696.390002777777,657.21,135.150002777777,696.390002777777
a60723eb-2d9d-4588-b353-420f1e0c5847,87890231-7aa7-491c-9a98-18c49056f346,2020-10-10,2020-10-11,657.68,0.0464457852251789,0,693.9379444444436,561.24,36.25794444444364,693.9379444444436
a60723eb-2d9d-4588-b353-420f1e0c5847,87890231-7aa7-491c-9a98-18c49056f346,2020-10-11,2020-10-12,658.26,0.034318586755255,0,672.0144055555562,657.68,13.754405555556218,672.0144055555562
a60723eb-2d9d-4588-b353-420f1e0c5847,87890231-7aa7-491c-9a98-18c49056f346,2020-10-12,2020-10-13,667.63,0.0348383039745162,0,713.0157944444449,658.26,45.385794444444855,713.0157944444449
a60723eb-2d9d-4588-b353-420f1e0c5847,87890231-7aa7-491c-9a98-18c49056f346,2020-10-13,2020-10-14,647.25,0.0604080681638275,0,706.0428111111116,667.63,58.79281111111163,706.0428111111116
a60723eb-2d9d-4588-b353-420f1e0c5847,87890231-7aa7-491c-9a98-18c49056f346,2020-10-14,2020-10-15,658.05,0.0524561503233504,0,708.8966555555555,647.25,50.84665555555557,708.8966555555555
a60723eb-2d9d-4588-b353-420f1e0c5847,87890231-7aa7-491c-9a98-18c49056f346,2020-10-15,2020-10-16,629.5,0.0633338759733892,0,702.371638888889,658.05,72.87163888888904,702.371638888889
a60723eb-2d9d-4588-b353-420f1e0c5847,87890231-7aa7-491c-9a98-18c49056f346,2020-10-16,2020-10-17,575.41,0.0472696388213611,0,692.253333333333,629.5,116.84333333333302,692.253333333333
a60723eb-2d9d-4588-b353-420f1e0c5847,87890231-7aa7-491c-9a98-18c49056f346,2020-10-17,2020-10-18,612.79,0.1300470732016097,0,675.1215888888888,575.41,62.33158888888886,675.1215888888888
a60723eb-2d9d-4588-b353-420f1e0c5847,87890231-7aa7-491c-9a98-18c49056f346,2020-10-18,2020-10-19,619.98,0.0623842080019712,0,677.0125638888893,612.79,57.032563888889285,677.0125638888893
a60723eb-2d9d-4588-b353-420f1e0c5847,87890231-7aa7-491c-9a98-18c49056f346,2020-10-19,2020-10-20,618.21,0.01770467947158,0,685.3755805555553,619.98,67.16558055555527,685.3755805555553
a60723eb-2d9d-4588-b353-420f1e0c5847,87890231-7aa7-491c-9a98-18c49056f346,2020-10-20,2020-10-21,602.99,0.0727304149959319,0,687.2059388888888,618.21,84.21593888888879,687.2059388888888
a60723eb-2d9d-4588-b353-420f1e0c5847,87890231-7aa7-491c-9a98-18c49056f346,2020-10-21,2020-10-22,609.21,0.0999352211399908,0,687.8824944444448,602.99,78.67249444444474,687.8824944444448
a60723eb-2d9d-4588-b353-420f1e0c5847,87890231-7aa7-491c-9a98-18c49056f346,2020-10-22,2020-10-23,644.65,0.0275052146391094,0,674.290927777778,609.21,29.640927777778074,674.290927777778
a60723eb-2d9d-4588-b353-420f1e0c5847,87890231-7aa7-491c-9a98-18c49056f346,2020-10-23,2020-10-24,630.86,0.0426046823922462,0,676.5359222222221,644.65,45.67592222222208,676.5359222222221
a60723eb-2d9d-4588-b353-420f1e0c5847,87890231-7aa7-491c-9a98-18c49056f346,2020-10-24,2020-10-25,595.58,0.032370769568086,0,682.4526000000006,630.86,86.8726000000006,682.4526000000006
a60723eb-2d9d-4588-b353-420f1e0c5847,87890231-7aa7-491c-9a98-18c49056f346,2020-10-25,2020-10-26,641.37,0.0659517761581381,0,673.6825777777783,595.58,32.3125777777783,673.6825777777783
a60723eb-2d9d-4588-b353-420f1e0c5847,87890231-7aa7-491c-9a98-18c49056f346,2020-10-26,2020-10-27,626.13,0.0389331745037194,0,683.971377777778,641.37,57.84137777777801,683.971377777778
a60723eb-2d9d-4588-b353-420f1e0c5847,87890231-7aa7-491c-9a98-18c49056f346,2020-10-27,2020-10-28,574.9,0.0566064449823541,0,690.1530888888893,626.13,115.25308888888937,690.1530888888893
a60723eb-2d9d-4588-b353-420f1e0c5847,87890231-7aa7-491c-9a98-18c49056f346,2020-10-28,2020-10-29,623.14,0.0649013094487926,0,664.6438722222227,574.9,41.50387222222275,664.6438722222227
a60723eb-2d9d-4588-b353-420f1e0c5847,87890231-7aa7-491c-9a98-18c49056f346,2020-10-29,2020-10-30,635.73,0.0919689767654494,0,671.548466666667,623.14,35.81846666666695,671.548466666667
a60723eb-2d9d-4588-b353-420f1e0c5847,87890231-7aa7-491c-9a98-18c49056f346,2020-10-30,2020-10-31,591.44,0.0444795108029299,0,689.3464222222221,635.73,97.90642222222208,689.3464222222221
a60723eb-2d9d-4588-b353-420f1e0c5847,87890231-7aa7-491c-9a98-18c49056f346,2020-10-31,2020-11-01,621.08,0.0696725424397193,0,682.5417000000002,591.44,61.46170000000018,682.5417000000002
a60723eb-2d9d-4588-b353-420f1e0c5847,87890231-7aa7-491c-9a98-18c49056f346,2020-11-01,2020-11-02,585.59,0.04346800294223,0,661.1127944444447,621.08,75.52279444444468,661.1127944444447
a60723eb-2d9d-4588-b353-420f1e0c5847,87890231-7aa7-491c-9a98-18c49056f346,2020-11-02,2020-11-03,594.7,0.0296157552678688,0,673.4040611111114,585.59,78.7040611111114,673.4040611111114
a60723eb-2d9d-4588-b353-420f1e0c5847,87890231-7aa7-491c-9a98-18c49056f346,2020-11-03,2020-11-04,624.65,0.0421089694792222,0,654.296083333334,594.7,29.64608333333399,654.296083333334
a60723eb-2d9d-4588-b353-420f1e0c5847,87890231-7aa7-491c-9a98-18c49056f346,2020-11-04,2020-11-05,659.33,0.0631634323715724,0,654.7253444444448,624.65,4.604655555555269,654.7253444444448
a60723eb-2d9d-4588-b353-420f1e0c5847,87890231-7aa7-491c-9a98-18c49056f346,2020-11-05,2020-11-06,628.68,0.0508214710785005,0,688.094127777778,659.33,59.41412777777805,688.094127777778
a60723eb-2d9d-4588-b353-420f1e0c5847,87890231-7aa7-491c-9a98-18c49056f346,2020-11-06,2020-11-07,588.7,0.0667522138818084,0,686.9935777777781,628.68,98.29357777777808,686.9935777777781
a60723eb-2d9d-4588-b353-420f1e0c5847,87890231-7aa7-491c-9a98-18c49056f346,2020-11-07,2020-11-08,629.22,0.0779724806497589,0,664.662205555556,588.7,35.44220555555603,664.662205555556
a60723eb-2d9d-4588-b353-420f1e0c5847,87890231-7aa7-491c-9a98-18c49056f346,2020-11-08,2020-11-09,606.94,0.0404721916105129,0,676.1435111111115,629.22,69.20351111111142,676.1435111111115
a60723eb-2d9d-4588-b353-420f1e0c5847,87890231-7aa7-491c-9a98-18c49056f346,2020-11-09,2020-11-10,643.33,0.0913696339779588,0,669.816394444445,606.94,26.486394444444954,669.816394444445
a60723eb-2d9d-4588-b353-420f1e0c5847,87890231-7aa7-491c-9a98-18c49056f346,2020-11-10,2020-11-11,617.59,0.1200593454190962,0,684.3543444444447,643.33,66.76434444444465,684.3543444444447
a60723eb-2d9d-4588-b353-420f1e0c5847,87890231-7aa7-491c-9a98-18c49056f346,2020-11-11,2020-11-12,575.57,0.1635208404735629,1,0.0,617.59,575.57,617.59
a60723eb-2d9d-4588-b353-420f1e0c5847,87890231-7aa7-491c-9a98-18c49056f346,2020-11-12,2020-11-13,608.63,0.0529009153652924,0,673.3597777777777,575.57,64.72977777777771,673.3597777777777
a60723eb-2d9d-4588-b353-420f1e0c5847,87890231-7aa7-491c-9a98-18c49056f346,2020-11-13,2020-11-14,606.75,0.1744216697451539,1,0.0,608.63,606.75,608.63
a60723eb-2d9d-4588-b353-420f1e0c5847,87890231-7aa7-491c-9a98-18c49056f346,2020-11-14,2020-11-15,552.68,0.0457338916949986,0,665.6737944444446,606.75,112.99379444444467,665.6737944444446
a60723eb-2d9d-4588-b353-420f1e0c5847,87890231-7aa7-491c-9a98-18c49056f346,2020-11-15,2020-11-16,616.46,0.0458589864025785,0,658.891238888889,552.68,42.43123888888897,658.891238888889
a60723eb-2d9d-4588-b353-420f1e0c5847,87890231-7aa7-491c-9a98-18c49056f346,2020-11-16,2020-11-17,682.13,0.0757137877832325,0,657.7856777777778,616.46,24.344322222222218,657.7856777777778
a60723eb-2d9d-4588-b353-420f1e0c5847,87890231-7aa7-491c-9a98-18c49056f346,2020-11-17,2020-11-18,589.01,0.1210391538519247,0,699.4345944444451,682.13,110.42459444444512,699.4345944444451
a60723eb-2d9d-4588-b353-420f1e0c5847,87890231-7aa7-491c-9a98-18c49056f346,2020-11-18,2020-11-19,524.15,0.0419351824798249,0,668.5435277777782,589.01,144.39352777777822,668.5435277777782
a60723eb-2d9d-4588-b353-420f1e0c5847,87890231-7aa7-491c-9a98-18c49056f346,2020-11-19,2020-11-20,589.81,0.0801660256345318,0,631.0090888888888,524.15,41.19908888888881,631.0090888888888
a60723eb-2d9d-4588-b353-420f1e0c5847,87890231-7aa7-491c-9a98-18c49056f346,2020-11-20,2020-11-21,678.54,0.0806654451994535,0,633.2230277777784,589.81,45.31697222222158,633.2230277777784
a60723eb-2d9d-4588-b353-420f1e0c5847,87890231-7aa7-491c-9a98-18c49056f346,2020-11-21,2020-11-22,571.43,0.0736373214884414,0,677.8445166666668,678.54,106.41451666666684,677.8445166666668
a60723eb-2d9d-4588-b353-420f1e0c5847,87890231-7aa7-491c-9a98-18c49056f346,2020-11-22,2020-11-23,639.5,0.1305711458904336,0,665.0664722222226,571.43,25.56647222222261,665.0664722222226
a60723eb-2d9d-4588-b353-420f1e0c5847,87890231-7aa7-491c-9a98-18c49056f346,2020-11-23,2020-11-24,579.54,0.0600259872681,0,673.2857277777779,639.5,93.74572777777792,673.2857277777779
a60723eb-2d9d-4588-b353-420f1e0c5847,87890231-7aa7-491c-9a98-18c49056f346,2020-11-24,2020-11-25,610.01,0.1118292946235122,0,681.3638111111111,579.54,71.3538111111111,681.3638111111111
a60723eb-2d9d-4588-b353-420f1e0c5847,87890231-7aa7-491c-9a98-18c49056f346,2020-11-25,2020-11-26,598.21,0.0965690277587866,0,647.0248611111117,610.01,48.81486111111167,647.0248611111117
a60723eb-2d9d-4588-b353-420f1e0c5847,87890231-7aa7-491c-9a98-18c49056f346,2020-11-26,2020-11-27,571.97,0.1038901789939833,0,650.5164444444446,598.21,78.54644444444455,650.5164444444446
a60723eb-2d9d-4588-b353-420f1e0c5847,87890231-7aa7-491c-9a98-18c49056f346,2020-11-27,2020-11-28,570.77,0.0742652271175267,0,653.7274666666669,571.97,82.95746666666696,653.7274666666669
a60723eb-2d9d-4588-b353-420f1e0c5847,87890231-7aa7-491c-9a98-18c49056f346,2020-11-28,2020-11-29,632.66,0.0537777972212144,0,658.4303333333331,570.77,25.77033333333316,658.4303333333331
a60723eb-2d9d-4588-b353-420f1e0c5847,87890231-7aa7-491c-9a98-18c49056f346,2020-11-29,2020-11-30,638.81,0.0523169528683197,0,646.9046055555555,632.66,8.094605555555518,646.9046055555555
a60723eb-2d9d-4588-b353-420f1e0c5847,87890231-7aa7-491c-9a98-18c49056f346,2020-11-30,2020-12-01,607.36,0.148043950362558,0,684.3127444444449,638.81,76.95274444444487,684.3127444444449
a60723eb-2d9d-4588-b353-420f1e0c5847,87890231-7aa7-491c-9a98-18c49056f346,2020-12-01,2020-12-02,570.69,0.0750412737778967,0,661.8484333333337,607.36,91.15843333333362,661.8484333333337
a60723eb-2d9d-4588-b353-420f1e0c5847,87890231-7aa7-491c-9a98-18c49056f346,2020-12-02,2020-12-03,592.99,0.0524975838715237,0,655.3482333333334,570.69,62.358233333333374,655.3482333333334
a60723eb-2d9d-4588-b353-420f1e0c5847,87890231-7aa7-491c-9a98-18c49056f346,2020-12-03,2020-12-04,589.03,0.0689449300791052,0,647.079766666667,592.99,58.04976666666698,647.079766666667
a60723eb-2d9d-4588-b353-420f1e0c5847,87890231-7aa7-491c-9a98-18c49056f346,2020-12-04,2020-12-05,608.41,0.0695201060864137,0,649.0117277777783,589.03,40.601727777778365,649.0117277777783
a60723eb-2d9d-4588-b353-420f1e0c5847,87890231-7aa7-491c-9a98-18c49056f346,2020-12-05,2020-12-06,591.35,0.0982694224037826,0,651.1658166666675,608.41,59.8158166666675,651.1658166666675
a60723eb-2d9d-4588-b353-420f1e0c5847,87890231-7aa7-491c-9a98-18c49056f346,2020-12-06,2020-12-07,577.97,0.0900601937664368,0,662.5687444444442,591.35,84.59874444444415,662.5687444444442
a60723eb-2d9d-4588-b353-420f1e0c5847,87890231-7aa7-491c-9a98-18c49056f346,2020-12-07,2020-12-08,577.91,0.1037521377860991,0,661.7119000000004,577.97,83.80190000000039,661.7119000000004
a60723eb-2d9d-4588-b353-420f1e0c5847,87890231-7aa7-491c-9a98-18c49056f346,2020-12-08,2020-12-09,588.0,0.0422984991131593,0,636.4854222222226,577.91,48.48542222222261,636.4854222222226
a60723eb-2d9d-4588-b353-420f1e0c5847,87890231-7aa7-491c-9a98-18c49056f346,2020-12-09,2020-12-10,637.23,0.0503663016442956,0,632.5173444444448,588.0,4.712655555555216,632.5173444444448
a60723eb-2d9d-4588-b353-420f1e0c5847,87890231-7aa7-491c-9a98-18c49056f346,2020-12-10,2020-12-11,646.68,0.1265286990636543,0,667.8336444444451,637.23,21.15364444444515,667.8336444444451
a60723eb-2d9d-4588-b353-420f1e0c5847,87890231-7aa7-491c-9a98-18c49056f346,2020-12-11,2020-12-12,605.22,0.0800418907822433,0,678.1359611111116,646.68,72.91596111111153,678.1359611111116
a60723eb-2d9d-4588-b353-420f1e0c5847,87890231-7aa7-491c-9a98-18c49056f346,2020-12-12,2020-12-13,597.83,0.119308627243483,0,673.9343333333338,605.22,76.10433333333378,673.9343333333338
a60723eb-2d9d-4588-b353-420f1e0c5847,87890231-7aa7-491c-9a98-18c49056f346,2020-12-13,2020-12-14,566.44,0.090051538128852,0,665.8268777777783,597.83,99.3868777777783,665.8268777777783
a60723eb-2d9d-4588-b353-420f1e0c5847,87890231-7aa7-491c-9a98-18c49056f346,2020-12-14,2020-12-15,580.98,0.0528282511431132,0,641.466688888889,566.44,60.48668888888904,641.466688888889
a60723eb-2d9d-4588-b353-420f1e0c5847,87890231-7aa7-491c-9a98-18c49056f346,2020-12-15,2020-12-16,589.66,0.0304542114137965,0,639.4624777777784,580.98,49.80247777777845,639.4624777777784
a60723eb-2d9d-4588-b353-420f1e0c5847,87890231-7aa7-491c-9a98-18c49056f346,2020-12-16,2020-12-17,617.33,0.0605060794888068,0,646.5396666666675,589.66,29.20966666666743,646.5396666666675
a60723eb-2d9d-4588-b353-420f1e0c5847,87890231-7aa7-491c-9a98-18c49056f346,2020-12-17,2020-12-18,581.14,0.0500898719272283,0,663.801466666667,617.33,82.66146666666702,663.801466666667
a60723eb-2d9d-4588-b353-420f1e0c5847,87890231-7aa7-491c-9a98-18c49056f346,2020-12-18,2020-12-19,0.0,0.0407137622908888,0,666.9294388888887,581.14,666.9294388888887,666.9294388888887
a60723eb-2d9d-4588-b353-420f1e0c5847,87890231-7aa7-491c-9a98-18c49056f346,2020-12-19,2020-12-20,583.11,0.0127457766605501,0,623.5058944444442,0.0,40.39589444444414,623.5058944444442
a60723eb-2d9d-4588-b353-420f1e0c5847,87890231-7aa7-491c-9a98-18c49056f346,2020-12-20,2020-12-21,615.96,0.0448234215616128,0,617.983383333334,583.11,2.0233833333339817,617.983383333334
a60723eb-2d9d-4588-b353-420f1e0c5847,87890231-7aa7-491c-9a98-18c49056f346,2020-12-21,2020-12-22,605.81,0.052240385121315,0,619.3169944444453,615.96,13.506994444445354,619.3169944444453
a60723eb-2d9d-4588-b353-420f1e0c5847,87890231-7aa7-491c-9a98-18c49056f346,2020-12-22,2020-12-23,594.62,0.1153966190626362,0,633.1808000000008,605.81,38.56080000000077,633.1808000000008
a60723eb-2d9d-4588-b353-420f1e0c5847,87890231-7aa7-491c-9a98-18c49056f346,2020-12-23,2020-12-24,585.18,0.0498502924815371,0,626.5774833333338,594.62,41.39748333333387,626.5774833333338
a60723eb-2d9d-4588-b353-420f1e0c5847,87890231-7aa7-491c-9a98-18c49056f346,2020-12-24,2020-12-25,566.05,0.0403988833162373,0,625.2279666666669,585.18,59.177966666666975,625.2279666666669
a60723eb-2d9d-4588-b353-420f1e0c5847,87890231-7aa7-491c-9a98-18c49056f346,2020-12-25,2020-12-26,577.62,0.1215191682656346,0,609.5030444444448,566.05,31.88304444444475,609.5030444444448
a60723eb-2d9d-4588-b353-420f1e0c5847,87890231-7aa7-491c-9a98-18c49056f346,2020-12-26,2020-12-27,569.05,0.1038514094737266,0,605.4798555555561,577.62,36.42985555555617,605.4798555555561
a60723eb-2d9d-4588-b353-420f1e0c5847,87890231-7aa7-491c-9a98-18c49056f346,2020-12-27,2020-12-28,559.93,0.0556564823341236,0,629.6008555555561,569.05,69.67085555555616,629.6008555555561
a60723eb-2d9d-4588-b353-420f1e0c5847,87890231-7aa7-491c-9a98-18c49056f346,2020-12-28,2020-12-29,563.0,0.1055277882041293,0,637.74315,559.93,74.74315000000001,637.74315
a60723eb-2d9d-4588-b353-420f1e0c5847,87890231-7aa7-491c-9a98-18c49056f346,2020-12-29,2020-12-30,576.64,0.0566602067659682,0,633.2332222222226,563.0,56.59322222222261,633.2332222222226
a60723eb-2d9d-4588-b353-420f1e0c5847,87890231-7aa7-491c-9a98-18c49056f346,2020-12-30,2020-12-31,594.64,0.0916155255731627,0,627.8386944444449,576.64,33.19869444444487,627.8386944444449
b70143dd-da8a-4acc-90b5-b8e5ed578cbd,4c4bc7b4-117e-47b3-b4c9-827d0c7ba64a,2020-08-23,2020-08-24,625.67,0.0683717956678645,0,661.6297444444443,682.46,35.95974444444437,661.6297444444443
b70143dd-da8a-4acc-90b5-b8e5ed578cbd,4c4bc7b4-117e-47b3-b4c9-827d0c7ba64a,2020-08-24,2020-08-25,635.16,0.0848591097690271,0,683.3918277777776,625.67,48.23182777777765,683.3918277777776
b70143dd-da8a-4acc-90b5-b8e5ed578cbd,4c4bc7b4-117e-47b3-b4c9-827d0c7ba64a,2020-08-25,2020-08-26,600.1,0.0558683425681343,0,674.6055444444443,635.16,74.50554444444424,674.6055444444443
b70143dd-da8a-4acc-90b5-b8e5ed578cbd,4c4bc7b4-117e-47b3-b4c9-827d0c7ba64a,2020-08-26,2020-08-27,698.75,0.1344735442038769,0,679.8723611111111,600.1,18.877638888888896,679.8723611111111
b70143dd-da8a-4acc-90b5-b8e5ed578cbd,4c4bc7b4-117e-47b3-b4c9-827d0c7ba64a,2020-08-27,2020-08-28,690.98,0.0650714905500132,0,664.1524611111106,698.75,26.82753888888942,664.1524611111106
b70143dd-da8a-4acc-90b5-b8e5ed578cbd,4c4bc7b4-117e-47b3-b4c9-827d0c7ba64a,2020-08-28,2020-08-29,632.15,0.0695045306849449,0,656.7548888888889,690.98,24.60488888888892,656.7548888888889
b70143dd-da8a-4acc-90b5-b8e5ed578cbd,4c4bc7b4-117e-47b3-b4c9-827d0c7ba64a,2020-08-29,2020-08-30,689.47,0.1199327451186567,0,675.1979722222222,632.15,14.272027777777794,675.1979722222222
b70143dd-da8a-4acc-90b5-b8e5ed578cbd,4c4bc7b4-117e-47b3-b4c9-827d0c7ba64a,2020-08-30,2020-08-31,737.01,0.0716843047192194,0,674.8293722222222,689.47,62.18062777777777,674.8293722222222
b70143dd-da8a-4acc-90b5-b8e5ed578cbd,4c4bc7b4-117e-47b3-b4c9-827d0c7ba64a,2020-08-31,2020-09-01,617.84,0.0402537020157893,0,671.5077555555553,737.01,53.66775555555523,671.5077555555553
b70143dd-da8a-4acc-90b5-b8e5ed578cbd,4c4bc7b4-117e-47b3-b4c9-827d0c7ba64a,2020-09-01,2020-09-02,646.98,0.0862829193894413,0,659.4141944444443,617.84,12.434194444444302,659.4141944444443
b70143dd-da8a-4acc-90b5-b8e5ed578cbd,4c4bc7b4-117e-47b3-b4c9-827d0c7ba64a,2020-09-02,2020-09-03,617.02,0.0475083974981348,0,672.3301000000002,646.98,55.31010000000026,672.3301000000002
b70143dd-da8a-4acc-90b5-b8e5ed578cbd,4c4bc7b4-117e-47b3-b4c9-827d0c7ba64a,2020-09-03,2020-09-04,699.43,0.0722056824655625,0,672.5096777777783,617.02,26.92032222222167,672.5096777777783
b70143dd-da8a-4acc-90b5-b8e5ed578cbd,4c4bc7b4-117e-47b3-b4c9-827d0c7ba64a,2020-09-04,2020-09-05,663.75,0.1723725588533676,1,0.0,699.43,663.75,699.43
b70143dd-da8a-4acc-90b5-b8e5ed578cbd,4c4bc7b4-117e-47b3-b4c9-827d0c7ba64a,2020-09-05,2020-09-06,653.72,0.1141887275195187,0,658.8275888888891,663.75,5.10758888888904,658.8275888888891
b70143dd-da8a-4acc-90b5-b8e5ed578cbd,4c4bc7b4-117e-47b3-b4c9-827d0c7ba64a,2020-09-06,2020-09-07,674.4,0.1672344235616712,1,0.0,653.72,674.4,653.72
b70143dd-da8a-4acc-90b5-b8e5ed578cbd,4c4bc7b4-117e-47b3-b4c9-827d0c7ba64a,2020-09-07,2020-09-08,648.38,0.0616402043925396,0,665.3948333333334,674.4,17.0148333333334,665.3948333333334
b70143dd-da8a-4acc-90b5-b8e5ed578cbd,4c4bc7b4-117e-47b3-b4c9-827d0c7ba64a,2020-09-08,2020-09-09,653.35,0.1122422277306048,0,685.0693000000002,648.38,31.719300000000203,685.0693000000002
b70143dd-da8a-4acc-90b5-b8e5ed578cbd,4c4bc7b4-117e-47b3-b4c9-827d0c7ba64a,2020-09-09,2020-09-10,675.74,0.0662656933097358,0,699.5347222222227,653.35,23.79472222222273,699.5347222222227
b70143dd-da8a-4acc-90b5-b8e5ed578cbd,4c4bc7b4-117e-47b3-b4c9-827d0c7ba64a,2020-09-10,2020-09-11,646.41,0.0348507050330222,0,656.4900055555556,675.74,10.080005555555658,656.4900055555556
b70143dd-da8a-4acc-90b5-b8e5ed578cbd,4c4bc7b4-117e-47b3-b4c9-827d0c7ba64a,2020-09-11,2020-09-12,650.9,0.0743044875271092,0,673.7616722222232,646.41,22.86167222222321,673.7616722222232
b70143dd-da8a-4acc-90b5-b8e5ed578cbd,4c4bc7b4-117e-47b3-b4c9-827d0c7ba64a,2020-09-12,2020-09-13,661.06,0.1248461401552967,0,671.9620722222224,650.9,10.9020722222225,671.9620722222224
b70143dd-da8a-4acc-90b5-b8e5ed578cbd,4c4bc7b4-117e-47b3-b4c9-827d0c7ba64a,2020-09-13,2020-09-14,669.21,0.0619854068012285,0,670.4597277777774,661.06,1.249727777777366,670.4597277777774
b70143dd-da8a-4acc-90b5-b8e5ed578cbd,4c4bc7b4-117e-47b3-b4c9-827d0c7ba64a,2020-09-14,2020-09-15,686.41,0.0550262186896778,0,659.655366666667,669.21,26.754633333333004,659.655366666667
b70143dd-da8a-4acc-90b5-b8e5ed578cbd,4c4bc7b4-117e-47b3-b4c9-827d0c7ba64a,2020-09-15,2020-09-16,685.68,0.078486113433958,0,651.9343166666662,686.41,33.74568333333377,651.9343166666662
b70143dd-da8a-4acc-90b5-b8e5ed578cbd,4c4bc7b4-117e-47b3-b4c9-827d0c7ba64a,2020-09-16,2020-09-17,617.78,0.0795156209784233,0,668.788105555556,685.68,51.00810555555597,668.788105555556
b70143dd-da8a-4acc-90b5-b8e5ed578cbd,4c4bc7b4-117e-47b3-b4c9-827d0c7ba64a,2020-09-17,2020-09-18,714.34,0.1290919665461998,0,664.4828722222227,617.78,49.85712777777735,664.4828722222227
b70143dd-da8a-4acc-90b5-b8e5ed578cbd,4c4bc7b4-117e-47b3-b4c9-827d0c7ba64a,2020-09-18,2020-09-19,667.66,0.103311865420122,0,664.6784111111109,714.34,2.981588888889064,664.6784111111109
b70143dd-da8a-4acc-90b5-b8e5ed578cbd,4c4bc7b4-117e-47b3-b4c9-827d0c7ba64a,2020-09-19,2020-09-20,654.64,0.0922454579669466,0,659.0808277777777,667.66,4.440827777777713,659.0808277777777
b70143dd-da8a-4acc-90b5-b8e5ed578cbd,4c4bc7b4-117e-47b3-b4c9-827d0c7ba64a,2020-09-20,2020-09-21,636.09,0.1472957646224693,0,676.9492444444442,654.64,40.85924444444413,676.9492444444442
b70143dd-da8a-4acc-90b5-b8e5ed578cbd,4c4bc7b4-117e-47b3-b4c9-827d0c7ba64a,2020-09-21,2020-09-22,734.97,0.1351876171579888,0,682.2189777777778,636.09,52.75102222222222,682.2189777777778
b70143dd-da8a-4acc-90b5-b8e5ed578cbd,4c4bc7b4-117e-47b3-b4c9-827d0c7ba64a,2020-09-22,2020-09-23,748.6,0.0498024572523586,0,666.7553416666665,734.97,81.84465833333354,666.7553416666665
b70143dd-da8a-4acc-90b5-b8e5ed578cbd,4c4bc7b4-117e-47b3-b4c9-827d0c7ba64a,2020-09-23,2020-09-24,730.23,0.1482490446959191,0,674.605538888889,748.6,55.62446111111103,674.605538888889
b70143dd-da8a-4acc-90b5-b8e5ed578cbd,4c4bc7b4-117e-47b3-b4c9-827d0c7ba64a,2020-09-24,2020-09-25,669.12,0.1338092944709213,0,666.6862055555558,730.23,2.4337944444441746,666.6862055555558
b70143dd-da8a-4acc-90b5-b8e5ed578cbd,4c4bc7b4-117e-47b3-b4c9-827d0c7ba64a,2020-09-25,2020-09-26,676.5,0.1709197905613987,1,0.0,669.12,676.5,669.12
b70143dd-da8a-4acc-90b5-b8e5ed578cbd,4c4bc7b4-117e-47b3-b4c9-827d0c7ba64a,2020-09-26,2020-09-27,716.3,0.2227115735420257,1,0.0,676.5,716.3,676.5
b70143dd-da8a-4acc-90b5-b8e5ed578cbd,4c4bc7b4-117e-47b3-b4c9-827d0c7ba64a,2020-09-27,2020-09-28,656.78,0.1076009349348951,0,654.0990777777773,716.3,2.680922222222648,654.0990777777773
b70143dd-da8a-4acc-90b5-b8e5ed578cbd,4c4bc7b4-117e-47b3-b4c9-827d0c7ba64a,2020-09-28,2020-09-29,682.85,0.1445161572363006,0,657.4206166666662,656.78,25.429383333333817,657.4206166666662
b70143dd-da8a-4acc-90b5-b8e5ed578cbd,4c4bc7b4-117e-47b3-b4c9-827d0c7ba64a,2020-09-29,2020-09-30,672.09,0.1017853657424936,0,677.5397388888888,682.85,5.44973888888876,677.5397388888888
b70143dd-da8a-4acc-90b5-b8e5ed578cbd,4c4bc7b4-117e-47b3-b4c9-827d0c7ba64a,2020-09-30,2020-10-01,731.27,0.1739579678444626,1,0.0,672.09,731.27,672.09
b70143dd-da8a-4acc-90b5-b8e5ed578cbd,4c4bc7b4-117e-47b3-b4c9-827d0c7ba64a,2020-10-01,2020-10-02,713.71,0.1031525594865761,0,670.7514999999999,731.27,42.958500000000186,670.7514999999999
b70143dd-da8a-4acc-90b5-b8e5ed578cbd,4c4bc7b4-117e-47b3-b4c9-827d0c7ba64a,2020-10-02,2020-10-03,0.0,0.2525953021421154,1,0.0,713.71,0.0,713.71
b70143dd-da8a-4acc-90b5-b8e5ed578cbd,4c4bc7b4-117e-47b3-b4c9-827d0c7ba64a,2020-10-03,2020-10-04,716.61,0.0577569590860853,0,676.9621222222221,0.0,39.64787777777792,676.9621222222221
b70143dd-da8a-4acc-90b5-b8e5ed578cbd,4c4bc7b4-117e-47b3-b4c9-827d0c7ba64a,2020-10-04,2020-10-05,663.78,0.0479557860533274,0,693.0345111111111,716.61,29.25451111111113,693.0345111111111
b70143dd-da8a-4acc-90b5-b8e5ed578cbd,4c4bc7b4-117e-47b3-b4c9-827d0c7ba64a,2020-10-05,2020-10-06,645.95,0.0485645129598256,0,666.4758388888894,663.78,20.525838888889325,666.4758388888894
b70143dd-da8a-4acc-90b5-b8e5ed578cbd,4c4bc7b4-117e-47b3-b4c9-827d0c7ba64a,2020-10-06,2020-10-07,654.34,0.0678824298871223,0,673.2761722222226,645.95,18.93617222222258,673.2761722222226
b70143dd-da8a-4acc-90b5-b8e5ed578cbd,4c4bc7b4-117e-47b3-b4c9-827d0c7ba64a,2020-10-07,2020-10-08,668.56,0.0343914209735682,0,671.0149944444452,654.34,2.4549944444452194,671.0149944444452
b70143dd-da8a-4acc-90b5-b8e5ed578cbd,4c4bc7b4-117e-47b3-b4c9-827d0c7ba64a,2020-10-08,2020-10-09,638.02,0.0928883882090491,0,674.233983333334,668.56,36.213983333334,674.233983333334
b70143dd-da8a-4acc-90b5-b8e5ed578cbd,4c4bc7b4-117e-47b3-b4c9-827d0c7ba64a,2020-10-09,2020-10-10,646.52,0.0677044204804803,0,675.031900000001,638.02,28.511900000000992,675.031900000001
b70143dd-da8a-4acc-90b5-b8e5ed578cbd,4c4bc7b4-117e-47b3-b4c9-827d0c7ba64a,2020-10-10,2020-10-11,617.19,0.0882566792457934,0,673.3030444444447,646.52,56.113044444444654,673.3030444444447
b70143dd-da8a-4acc-90b5-b8e5ed578cbd,4c4bc7b4-117e-47b3-b4c9-827d0c7ba64a,2020-10-11,2020-10-12,636.56,0.1343434307331468,0,670.4281055555565,617.19,33.868105555556554,670.4281055555565
b70143dd-da8a-4acc-90b5-b8e5ed578cbd,4c4bc7b4-117e-47b3-b4c9-827d0c7ba64a,2020-10-12,2020-10-13,0.0,0.1493818454875695,0,681.5302166666671,636.56,681.5302166666671,681.5302166666671
b70143dd-da8a-4acc-90b5-b8e5ed578cbd,4c4bc7b4-117e-47b3-b4c9-827d0c7ba64a,2020-10-13,2020-10-14,698.55,0.0138599236004851,0,653.2825833333327,0.0,45.26741666666726,653.2825833333327
b70143dd-da8a-4acc-90b5-b8e5ed578cbd,4c4bc7b4-117e-47b3-b4c9-827d0c7ba64a,2020-10-14,2020-10-15,693.98,0.0978747727037802,0,681.0497222222219,698.55,12.930277777778088,681.0497222222219
b70143dd-da8a-4acc-90b5-b8e5ed578cbd,4c4bc7b4-117e-47b3-b4c9-827d0c7ba64a,2020-10-15,2020-10-16,677.27,0.07383017561001,0,667.3687166666667,693.98,9.901283333333254,667.3687166666667
b70143dd-da8a-4acc-90b5-b8e5ed578cbd,4c4bc7b4-117e-47b3-b4c9-827d0c7ba64a,2020-10-16,2020-10-17,613.97,0.0915684891357758,0,676.7726888888892,677.27,62.80268888888918,676.7726888888892
b70143dd-da8a-4acc-90b5-b8e5ed578cbd,4c4bc7b4-117e-47b3-b4c9-827d0c7ba64a,2020-10-17,2020-10-18,634.73,0.0693459413414567,0,671.7894888888891,613.97,37.05948888888906,671.7894888888891
b70143dd-da8a-4acc-90b5-b8e5ed578cbd,4c4bc7b4-117e-47b3-b4c9-827d0c7ba64a,2020-10-18,2020-10-19,656.02,0.0915363351587282,0,665.5709888888892,634.73,9.550988888889265,665.5709888888892
b70143dd-da8a-4acc-90b5-b8e5ed578cbd,4c4bc7b4-117e-47b3-b4c9-827d0c7ba64a,2020-10-19,2020-10-20,695.08,0.0432507051768636,0,673.873405555556,656.02,21.206594444444026,673.873405555556
b70143dd-da8a-4acc-90b5-b8e5ed578cbd,4c4bc7b4-117e-47b3-b4c9-827d0c7ba64a,2020-10-20,2020-10-21,644.1,0.0684311002406896,0,685.9815333333335,695.08,41.88153333333344,685.9815333333335
b70143dd-da8a-4acc-90b5-b8e5ed578cbd,4c4bc7b4-117e-47b3-b4c9-827d0c7ba64a,2020-10-21,2020-10-22,622.99,0.103800092479938,0,673.4957388888897,644.1,50.50573888888971,673.4957388888897
b70143dd-da8a-4acc-90b5-b8e5ed578cbd,4c4bc7b4-117e-47b3-b4c9-827d0c7ba64a,2020-10-22,2020-10-23,711.75,0.1707134279242406,1,0.0,622.99,711.75,622.99
b70143dd-da8a-4acc-90b5-b8e5ed578cbd,4c4bc7b4-117e-47b3-b4c9-827d0c7ba64a,2020-10-23,2020-10-24,638.02,0.1216886263394815,0,664.8061277777779,711.75,26.78612777777789,664.8061277777779
b70143dd-da8a-4acc-90b5-b8e5ed578cbd,4c4bc7b4-117e-47b3-b4c9-827d0c7ba64a,2020-10-24,2020-10-25,625.48,0.1589634437390352,1,0.0,638.02,625.48,638.02
b70143dd-da8a-4acc-90b5-b8e5ed578cbd,4c4bc7b4-117e-47b3-b4c9-827d0c7ba64a,2020-10-25,2020-10-26,669.19,0.1232044941674001,0,664.8087472222223,625.48,4.381252777777718,664.8087472222223
b70143dd-da8a-4acc-90b5-b8e5ed578cbd,4c4bc7b4-117e-47b3-b4c9-827d0c7ba64a,2020-10-26,2020-10-27,659.83,0.0675859015282612,0,668.2793777777779,669.19,8.44937777777784,668.2793777777779
b70143dd-da8a-4acc-90b5-b8e5ed578cbd,4c4bc7b4-117e-47b3-b4c9-827d0c7ba64a,2020-10-27,2020-10-28,645.01,0.0805692207072796,0,671.9429666666665,659.83,26.93296666666652,671.9429666666665
b70143dd-da8a-4acc-90b5-b8e5ed578cbd,4c4bc7b4-117e-47b3-b4c9-827d0c7ba64a,2020-10-28,2020-10-29,661.2,0.1736540270710826,1,0.0,645.01,661.2,645.01
b70143dd-da8a-4acc-90b5-b8e5ed578cbd,4c4bc7b4-117e-47b3-b4c9-827d0c7ba64a,2020-10-29,2020-10-30,631.13,0.099770978972879,0,662.5394000000003,661.2,31.409400000000343,662.5394000000003
b70143dd-da8a-4acc-90b5-b8e5ed578cbd,4c4bc7b4-117e-47b3-b4c9-827d0c7ba64a,2020-10-30,2020-10-31,644.19,0.1280946865263777,0,682.4850666666671,631.13,38.29506666666703,682.4850666666671
b70143dd-da8a-4acc-90b5-b8e5ed578cbd,4c4bc7b4-117e-47b3-b4c9-827d0c7ba64a,2020-10-31,2020-11-01,659.53,0.142474581939596,0,667.0590444444448,644.19,7.529044444444821,667.0590444444448
b70143dd-da8a-4acc-90b5-b8e5ed578cbd,4c4bc7b4-117e-47b3-b4c9-827d0c7ba64a,2020-11-01,2020-11-02,596.63,0.0880611715801151,0,664.351161111111,659.53,67.72116111111097,664.351161111111
b70143dd-da8a-4acc-90b5-b8e5ed578cbd,4c4bc7b4-117e-47b3-b4c9-827d0c7ba64a,2020-11-02,2020-11-03,692.7,0.0979078014604181,0,669.3447611111114,596.63,23.355238888888607,669.3447611111114
b70143dd-da8a-4acc-90b5-b8e5ed578cbd,4c4bc7b4-117e-47b3-b4c9-827d0c7ba64a,2020-11-03,2020-11-04,616.43,0.0727959540037989,0,687.6172000000001,692.7,71.18720000000019,687.6172000000001
b70143dd-da8a-4acc-90b5-b8e5ed578cbd,4c4bc7b4-117e-47b3-b4c9-827d0c7ba64a,2020-11-04,2020-11-05,629.79,0.0729753147827163,0,676.4014833333332,616.43,46.61148333333324,676.4014833333332
b70143dd-da8a-4acc-90b5-b8e5ed578cbd,4c4bc7b4-117e-47b3-b4c9-827d0c7ba64a,2020-11-05,2020-11-06,693.72,0.0850532236498396,0,666.6711888888891,629.79,27.04881111111092,666.6711888888891
b70143dd-da8a-4acc-90b5-b8e5ed578cbd,4c4bc7b4-117e-47b3-b4c9-827d0c7ba64a,2020-11-06,2020-11-07,678.75,0.0971939493678569,0,679.0083333333332,693.72,0.258333333333212,679.0083333333332
b70143dd-da8a-4acc-90b5-b8e5ed578cbd,4c4bc7b4-117e-47b3-b4c9-827d0c7ba64a,2020-11-07,2020-11-08,662.4,0.072959243514412,0,660.0194999999999,678.75,2.3805000000000973,660.0194999999999
b70143dd-da8a-4acc-90b5-b8e5ed578cbd,4c4bc7b4-117e-47b3-b4c9-827d0c7ba64a,2020-11-08,2020-11-09,605.35,0.1061938656597484,0,662.9227555555557,662.4,57.57275555555566,662.9227555555557
b70143dd-da8a-4acc-90b5-b8e5ed578cbd,4c4bc7b4-117e-47b3-b4c9-827d0c7ba64a,2020-11-09,2020-11-10,639.48,0.1214614228125349,0,657.7269111111109,605.35,18.24691111111088,657.7269111111109
b70143dd-da8a-4acc-90b5-b8e5ed578cbd,4c4bc7b4-117e-47b3-b4c9-827d0c7ba64a,2020-11-10,2020-11-11,651.86,0.1189332546438873,0,679.041644444445,639.48,27.18164444444494,679.041644444445
b70143dd-da8a-4acc-90b5-b8e5ed578cbd,4c4bc7b4-117e-47b3-b4c9-827d0c7ba64a,2020-11-11,2020-11-12,654.04,0.0919796132948454,0,662.7983805555556,651.86,8.758380555555618,662.7983805555556
b70143dd-da8a-4acc-90b5-b8e5ed578cbd,4c4bc7b4-117e-47b3-b4c9-827d0c7ba64a,2020-11-12,2020-11-13,697.22,0.1122226645853507,0,665.6004166666672,654.04,31.6195833333328,665.6004166666672
b70143dd-da8a-4acc-90b5-b8e5ed578cbd,4c4bc7b4-117e-47b3-b4c9-827d0c7ba64a,2020-11-13,2020-11-14,727.37,0.1349355525194005,0,674.4898277777779,697.22,52.880172222222086,674.4898277777779
b70143dd-da8a-4acc-90b5-b8e5ed578cbd,4c4bc7b4-117e-47b3-b4c9-827d0c7ba64a,2020-11-14,2020-11-15,678.68,0.1338524274716767,0,660.321788888889,727.37,18.358211111110904,660.321788888889
b70143dd-da8a-4acc-90b5-b8e5ed578cbd,4c4bc7b4-117e-47b3-b4c9-827d0c7ba64a,2020-11-15,2020-11-16,640.57,0.1542177424722179,1,0.0,678.68,640.57,678.68
b70143dd-da8a-4acc-90b5-b8e5ed578cbd,4c4bc7b4-117e-47b3-b4c9-827d0c7ba64a,2020-11-16,2020-11-17,698.87,0.1115751003812008,0,665.7631500000001,640.57,33.106849999999895,665.7631500000001
b70143dd-da8a-4acc-90b5-b8e5ed578cbd,4c4bc7b4-117e-47b3-b4c9-827d0c7ba64a,2020-11-17,2020-11-18,638.38,0.0729625370927847,0,669.4196555555553,698.87,31.039655555555328,669.4196555555553
b70143dd-da8a-4acc-90b5-b8e5ed578cbd,4c4bc7b4-117e-47b3-b4c9-827d0c7ba64a,2020-11-18,2020-11-19,576.45,0.1106146741727528,0,665.4850166666666,638.38,89.03501666666659,665.4850166666666
b70143dd-da8a-4acc-90b5-b8e5ed578cbd,4c4bc7b4-117e-47b3-b4c9-827d0c7ba64a,2020-11-19,2020-11-20,617.24,0.1348945499050342,0,659.9865555555558,576.45,42.7465555555558,659.9865555555558
b70143dd-da8a-4acc-90b5-b8e5ed578cbd,4c4bc7b4-117e-47b3-b4c9-827d0c7ba64a,2020-11-20,2020-11-21,583.35,0.1187101052470936,0,663.9084055555553,617.24,80.55840555555528,663.9084055555553
b70143dd-da8a-4acc-90b5-b8e5ed578cbd,4c4bc7b4-117e-47b3-b4c9-827d0c7ba64a,2020-11-21,2020-11-22,644.08,0.1887958312121141,1,0.0,583.35,644.08,583.35
b70143dd-da8a-4acc-90b5-b8e5ed578cbd,4c4bc7b4-117e-47b3-b4c9-827d0c7ba64a,2020-11-22,2020-11-23,650.5,0.1467542016641099,0,667.655855555556,644.08,17.155855555555945,667.655855555556
b70143dd-da8a-4acc-90b5-b8e5ed578cbd,4c4bc7b4-117e-47b3-b4c9-827d0c7ba64a,2020-11-23,2020-11-24,605.86,0.0563481405030318,0,670.1336222222225,650.5,64.27362222222246,670.1336222222225
b70143dd-da8a-4acc-90b5-b8e5ed578cbd,4c4bc7b4-117e-47b3-b4c9-827d0c7ba64a,2020-11-24,2020-11-25,628.42,0.0939136534190194,0,674.3852555555561,605.86,45.96525555555616,674.3852555555561
b70143dd-da8a-4acc-90b5-b8e5ed578cbd,4c4bc7b4-117e-47b3-b4c9-827d0c7ba64a,2020-11-25,2020-11-26,610.46,0.1407365143127869,0,668.5633888888889,628.42,58.10338888888885,668.5633888888889
b70143dd-da8a-4acc-90b5-b8e5ed578cbd,4c4bc7b4-117e-47b3-b4c9-827d0c7ba64a,2020-11-26,2020-11-27,651.19,0.1064661056159794,0,656.3821722222222,610.46,5.192172222222098,656.3821722222222
b70143dd-da8a-4acc-90b5-b8e5ed578cbd,4c4bc7b4-117e-47b3-b4c9-827d0c7ba64a,2020-11-27,2020-11-28,627.71,0.130778149290791,0,667.6633000000002,651.19,39.95330000000013,667.6633000000002
b70143dd-da8a-4acc-90b5-b8e5ed578cbd,4c4bc7b4-117e-47b3-b4c9-827d0c7ba64a,2020-11-28,2020-11-29,688.73,0.1589858610132467,1,0.0,627.71,688.73,627.71
b70143dd-da8a-4acc-90b5-b8e5ed578cbd,4c4bc7b4-117e-47b3-b4c9-827d0c7ba64a,2020-11-29,2020-11-30,660.13,0.0719197756235775,0,663.1278666666664,688.73,2.9978666666663685,663.1278666666664
b70143dd-da8a-4acc-90b5-b8e5ed578cbd,4c4bc7b4-117e-47b3-b4c9-827d0c7ba64a,2020-11-30,2020-12-01,708.95,0.0647328220948739,0,666.8158277777778,660.13,42.13417222222222,666.8158277777778
b70143dd-da8a-4acc-90b5-b8e5ed578cbd,4c4bc7b4-117e-47b3-b4c9-827d0c7ba64a,2020-12-01,2020-12-02,639.31,0.1106527224803665,0,669.53965,708.95,30.229650000000102,669.53965
b70143dd-da8a-4acc-90b5-b8e5ed578cbd,4c4bc7b4-117e-47b3-b4c9-827d0c7ba64a,2020-12-02,2020-12-03,727.73,0.1108385993747869,0,662.3016222222222,639.31,65.42837777777777,662.3016222222222
b70143dd-da8a-4acc-90b5-b8e5ed578cbd,4c4bc7b4-117e-47b3-b4c9-827d0c7ba64a,2020-12-03,2020-12-04,653.54,0.1360665623091482,0,671.8854833333336,727.73,18.34548333333362,671.8854833333336
b70143dd-da8a-4acc-90b5-b8e5ed578cbd,4c4bc7b4-117e-47b3-b4c9-827d0c7ba64a,2020-12-04,2020-12-05,636.14,0.2064228019187696,1,0.0,653.54,636.14,653.54
b70143dd-da8a-4acc-90b5-b8e5ed578cbd,4c4bc7b4-117e-47b3-b4c9-827d0c7ba64a,2020-12-05,2020-12-06,736.45,0.0893259867547022,0,661.7314444444446,636.14,74.71855555555544,661.7314444444446
b70143dd-da8a-4acc-90b5-b8e5ed578cbd,4c4bc7b4-117e-47b3-b4c9-827d0c7ba64a,2020-12-06,2020-12-07,595.58,0.1446398952982268,0,667.5724388888891,736.45,71.99243888888907,667.5724388888891
b70143dd-da8a-4acc-90b5-b8e5ed578cbd,4c4bc7b4-117e-47b3-b4c9-827d0c7ba64a,2020-12-07,2020-12-08,634.53,0.1897133069567655,1,0.0,595.58,634.53,595.58
b70143dd-da8a-4acc-90b5-b8e5ed578cbd,4c4bc7b4-117e-47b3-b4c9-827d0c7ba64a,2020-12-08,2020-12-09,599.93,0.1019065864242923,0,667.2290388888891,634.53,67.29903888888919,667.2290388888891
b70143dd-da8a-4acc-90b5-b8e5ed578cbd,4c4bc7b4-117e-47b3-b4c9-827d0c7ba64a,2020-12-09,2020-12-10,594.48,0.1398667513004159,0,668.6538833333336,599.93,74.1738833333336,668.6538833333336
b70143dd-da8a-4acc-90b5-b8e5ed578cbd,4c4bc7b4-117e-47b3-b4c9-827d0c7ba64a,2020-12-10,2020-12-11,587.44,0.1641739654870535,1,0.0,594.48,587.44,594.48
b70143dd-da8a-4acc-90b5-b8e5ed578cbd,4c4bc7b4-117e-47b3-b4c9-827d0c7ba64a,2020-12-11,2020-12-12,671.49,0.1230589467810898,0,658.8020611111112,587.44,12.687938888888766,658.8020611111112
b70143dd-da8a-4acc-90b5-b8e5ed578cbd,4c4bc7b4-117e-47b3-b4c9-827d0c7ba64a,2020-12-12,2020-12-13,608.94,0.0995101538572091,0,658.0638222222216,671.49,49.12382222222152,658.0638222222216
b70143dd-da8a-4acc-90b5-b8e5ed578cbd,4c4bc7b4-117e-47b3-b4c9-827d0c7ba64a,2020-12-13,2020-12-14,642.24,0.1487008444317493,0,677.1876222222224,608.94,34.947622222222435,677.1876222222224
b70143dd-da8a-4acc-90b5-b8e5ed578cbd,4c4bc7b4-117e-47b3-b4c9-827d0c7ba64a,2020-12-14,2020-12-15,679.8,0.0702714370745858,0,665.0414055555555,642.24,14.758594444444498,665.0414055555555
b70143dd-da8a-4acc-90b5-b8e5ed578cbd,4c4bc7b4-117e-47b3-b4c9-827d0c7ba64a,2020-12-15,2020-12-16,665.06,0.0521647480346583,0,671.3196888888887,679.8,6.259688888888718,671.3196888888887
b70143dd-da8a-4acc-90b5-b8e5ed578cbd,4c4bc7b4-117e-47b3-b4c9-827d0c7ba64a,2020-12-16,2020-12-17,663.09,0.1390550778782368,0,673.4871277777778,665.06,10.397127777777769,673.4871277777778
b70143dd-da8a-4acc-90b5-b8e5ed578cbd,4c4bc7b4-117e-47b3-b4c9-827d0c7ba64a,2020-12-17,2020-12-18,689.8,0.0965755501953588,0,662.0548277777781,663.09,27.745172222221868,662.0548277777781
b70143dd-da8a-4acc-90b5-b8e5ed578cbd,4c4bc7b4-117e-47b3-b4c9-827d0c7ba64a,2020-12-18,2020-12-19,703.22,0.1174392804775264,0,660.7362944444446,689.8,42.48370555555539,660.7362944444446
b70143dd-da8a-4acc-90b5-b8e5ed578cbd,4c4bc7b4-117e-47b3-b4c9-827d0c7ba64a,2020-12-19,2020-12-20,609.16,0.1328521777311783,0,660.7940666666668,703.22,51.63406666666685,660.7940666666668
b70143dd-da8a-4acc-90b5-b8e5ed578cbd,4c4bc7b4-117e-47b3-b4c9-827d0c7ba64a,2020-12-20,2020-12-21,0.0,0.1718877772525976,1,0.0,609.16,0.0,609.16
b70143dd-da8a-4acc-90b5-b8e5ed578cbd,4c4bc7b4-117e-47b3-b4c9-827d0c7ba64a,2020-12-21,2020-12-22,639.07,0.0173960566669104,0,651.5142777777771,0.0,12.444277777777074,651.5142777777771
b70143dd-da8a-4acc-90b5-b8e5ed578cbd,4c4bc7b4-117e-47b3-b4c9-827d0c7ba64a,2020-12-22,2020-12-23,642.75,0.070499728785315,0,686.6707388888889,639.07,43.92073888888888,686.6707388888889
b70143dd-da8a-4acc-90b5-b8e5ed578cbd,4c4bc7b4-117e-47b3-b4c9-827d0c7ba64a,2020-12-23,2020-12-24,600.03,0.0603223449990027,0,675.5326111111117,642.75,75.50261111111172,675.5326111111117
b70143dd-da8a-4acc-90b5-b8e5ed578cbd,4c4bc7b4-117e-47b3-b4c9-827d0c7ba64a,2020-12-24,2020-12-25,629.81,0.0935559103092246,0,674.158433333334,600.03,44.348433333334015,674.158433333334
b70143dd-da8a-4acc-90b5-b8e5ed578cbd,4c4bc7b4-117e-47b3-b4c9-827d0c7ba64a,2020-12-25,2020-12-26,632.91,0.0945725820694548,0,659.1656277777782,629.81,26.255627777778276,659.1656277777782
b70143dd-da8a-4acc-90b5-b8e5ed578cbd,4c4bc7b4-117e-47b3-b4c9-827d0c7ba64a,2020-12-26,2020-12-27,0.0,0.105379209770824,0,665.9013000000006,632.91,665.9013000000006,665.9013000000006
b70143dd-da8a-4acc-90b5-b8e5ed578cbd,4c4bc7b4-117e-47b3-b4c9-827d0c7ba64a,2020-12-27,2020-12-28,609.47,0.0169094392121846,0,618.5886833333329,0.0,9.11868333333291,618.5886833333329
b70143dd-da8a-4acc-90b5-b8e5ed578cbd,4c4bc7b4-117e-47b3-b4c9-827d0c7ba64a,2020-12-28,2020-12-29,572.79,0.0746099583261583,0,548.7143333333331,609.47,24.075666666666848,548.7143333333331
b70143dd-da8a-4acc-90b5-b8e5ed578cbd,4c4bc7b4-117e-47b3-b4c9-827d0c7ba64a,2020-12-29,2020-12-30,644.78,0.0908995052088463,0,630.436022222222,572.79,14.343977777777924,630.436022222222
b70143dd-da8a-4acc-90b5-b8e5ed578cbd,4c4bc7b4-117e-47b3-b4c9-827d0c7ba64a,2020-12-30,2020-12-31,605.35,0.1022946296956852,0,642.0970611111112,644.78,36.74706111111118,642.0970611111112
b7642990-642b-4abf-c9e7-fcae8b4f9c7d,87890231-7aa7-491c-9a98-18c49056f346,2020-08-23,2020-08-24,823.49,0.0062841520649406,0,901.0948722222222,859.28,77.60487222222218,901.0948722222222
b7642990-642b-4abf-c9e7-fcae8b4f9c7d,87890231-7aa7-491c-9a98-18c49056f346,2020-08-24,2020-08-25,803.45,0.0034539899055189,0,909.0440944444448,823.49,105.59409444444464,909.0440944444448
b7642990-642b-4abf-c9e7-fcae8b4f9c7d,87890231-7aa7-491c-9a98-18c49056f346,2020-08-25,2020-08-26,817.77,0.003836771933529,0,916.8327333333336,803.45,99.06273333333354,916.8327333333336
b7642990-642b-4abf-c9e7-fcae8b4f9c7d,87890231-7aa7-491c-9a98-18c49056f346,2020-08-26,2020-08-27,911.39,0.0042876951646978,0,914.1091799999996,817.77,2.71917999999971,914.1091799999996
b7642990-642b-4abf-c9e7-fcae8b4f9c7d,87890231-7aa7-491c-9a98-18c49056f346,2020-08-27,2020-08-28,897.93,0.003836771933529,0,899.4340577777782,911.39,1.504057777778257,899.4340577777782
b7642990-642b-4abf-c9e7-fcae8b4f9c7d,87890231-7aa7-491c-9a98-18c49056f346,2020-08-28,2020-08-29,826.81,0.002218411598773,0,905.6548022222222,897.93,78.84480222222226,905.6548022222222
b7642990-642b-4abf-c9e7-fcae8b4f9c7d,87890231-7aa7-491c-9a98-18c49056f346,2020-08-29,2020-08-30,867.38,0.003836771933529,0,910.7121911111112,826.81,43.33219111111134,910.7121911111112
b7642990-642b-4abf-c9e7-fcae8b4f9c7d,87890231-7aa7-491c-9a98-18c49056f346,2020-08-30,2020-08-31,897.44,0.00940436213341,0,902.9111466666664,867.38,5.471146666666414,902.9111466666664
b7642990-642b-4abf-c9e7-fcae8b4f9c7d,87890231-7aa7-491c-9a98-18c49056f346,2020-08-31,2020-09-01,777.68,0.001054224436505,0,917.8651300000004,897.44,140.1851300000004,917.8651300000004
b7642990-642b-4abf-c9e7-fcae8b4f9c7d,87890231-7aa7-491c-9a98-18c49056f346,2020-09-01,2020-09-02,939.5,0.0037982312108521,0,908.6450966666664,777.68,30.8549033333336,908.6450966666664
b7642990-642b-4abf-c9e7-fcae8b4f9c7d,87890231-7aa7-491c-9a98-18c49056f346,2020-09-02,2020-09-03,905.18,0.0039664831914389,0,903.318688333334,939.5,1.8613116666658696,903.318688333334
b7642990-642b-4abf-c9e7-fcae8b4f9c7d,87890231-7aa7-491c-9a98-18c49056f346,2020-09-03,2020-09-04,893.19,0.0025250861611739,0,897.9091800000001,905.18,4.719180000000051,897.9091800000001
b7642990-642b-4abf-c9e7-fcae8b4f9c7d,87890231-7aa7-491c-9a98-18c49056f346,2020-09-04,2020-09-05,909.74,0.0007475498741042,0,918.4991022222224,893.19,8.75910222222251,918.4991022222224
b7642990-642b-4abf-c9e7-fcae8b4f9c7d,87890231-7aa7-491c-9a98-18c49056f346,2020-09-05,2020-09-06,772.61,0.014960253308417,0,904.3301966666668,909.74,131.72019666666688,904.3301966666668
b7642990-642b-4abf-c9e7-fcae8b4f9c7d,87890231-7aa7-491c-9a98-18c49056f346,2020-09-06,2020-09-07,845.32,0.0038869674761865,0,894.4851444444445,772.61,49.16514444444442,894.4851444444445
b7642990-642b-4abf-c9e7-fcae8b4f9c7d,87890231-7aa7-491c-9a98-18c49056f346,2020-09-07,2020-09-08,909.02,0.0066394104193399,0,916.1218327777782,845.32,7.101832777778213,916.1218327777782
b7642990-642b-4abf-c9e7-fcae8b4f9c7d,87890231-7aa7-491c-9a98-18c49056f346,2020-09-08,2020-09-09,852.27,0.0032334707281927,0,907.303974444445,909.02,55.03397444444499,907.303974444445
b7642990-642b-4abf-c9e7-fcae8b4f9c7d,87890231-7aa7-491c-9a98-18c49056f346,2020-09-09,2020-09-10,883.78,0.0007475498741042,0,904.8025999999998,852.27,21.022599999999784,904.8025999999998
b7642990-642b-4abf-c9e7-fcae8b4f9c7d,87890231-7aa7-491c-9a98-18c49056f346,2020-09-10,2020-09-11,914.43,0.0037982312108521,0,915.5868855555552,883.78,1.1568855555551636,915.5868855555552
b7642990-642b-4abf-c9e7-fcae8b4f9c7d,87890231-7aa7-491c-9a98-18c49056f346,2020-09-11,2020-09-12,879.99,0.0087151851000041,0,904.2199688888892,914.43,24.22996888888917,904.2199688888892
b7642990-642b-4abf-c9e7-fcae8b4f9c7d,87890231-7aa7-491c-9a98-18c49056f346,2020-09-12,2020-09-13,837.72,0.0085912999290481,0,909.9591466666668,879.99,72.23914666666667,909.9591466666668
b7642990-642b-4abf-c9e7-fcae8b4f9c7d,87890231-7aa7-491c-9a98-18c49056f346,2020-09-13,2020-09-14,872.36,0.0033102038369459,0,894.5845911111109,837.72,22.22459111111084,894.5845911111109
b7642990-642b-4abf-c9e7-fcae8b4f9c7d,87890231-7aa7-491c-9a98-18c49056f346,2020-09-14,2020-09-15,778.77,0.0,0,917.9053466666672,872.36,139.13534666666726,917.9053466666672
b7642990-642b-4abf-c9e7-fcae8b4f9c7d,87890231-7aa7-491c-9a98-18c49056f346,2020-09-15,2020-09-16,866.66,0.0054889630452668,0,916.9371300000004,778.77,50.27713000000029,916.9371300000004
b7642990-642b-4abf-c9e7-fcae8b4f9c7d,87890231-7aa7-491c-9a98-18c49056f346,2020-09-16,2020-09-17,876.98,0.0021889469043692,0,902.9782938888884,866.66,25.998293888888384,902.9782938888884
b7642990-642b-4abf-c9e7-fcae8b4f9c7d,87890231-7aa7-491c-9a98-18c49056f346,2020-09-17,2020-09-18,850.16,0.0101711195411271,0,904.9910077777772,876.98,54.831007777777245,904.9910077777772
b7642990-642b-4abf-c9e7-fcae8b4f9c7d,87890231-7aa7-491c-9a98-18c49056f346,2020-09-18,2020-09-19,893.23,0.0039810206022969,0,909.2653411111112,850.16,16.035341111111165,909.2653411111112
b7642990-642b-4abf-c9e7-fcae8b4f9c7d,87890231-7aa7-491c-9a98-18c49056f346,2020-09-19,2020-09-20,853.7,0.0007475498741042,0,902.0719300000004,893.23,48.37193000000025,902.0719300000004
b7642990-642b-4abf-c9e7-fcae8b4f9c7d,87890231-7aa7-491c-9a98-18c49056f346,2020-09-20,2020-09-21,847.17,0.010477794103528,0,906.9497355555552,853.7,59.779735555555135,906.9497355555552
b7642990-642b-4abf-c9e7-fcae8b4f9c7d,87890231-7aa7-491c-9a98-18c49056f346,2020-09-21,2020-09-22,920.65,0.0096826295670261,0,919.6266688888894,847.17,1.023331111110565,919.6266688888894
b7642990-642b-4abf-c9e7-fcae8b4f9c7d,87890231-7aa7-491c-9a98-18c49056f346,2020-09-22,2020-09-23,799.89,0.003659808629038,0,904.7166244444448,920.65,104.82662444444486,904.7166244444448
b7642990-642b-4abf-c9e7-fcae8b4f9c7d,87890231-7aa7-491c-9a98-18c49056f346,2020-09-23,2020-09-24,898.65,0.001441397030265,0,906.4997744444444,799.89,7.849774444444506,906.4997744444444
b7642990-642b-4abf-c9e7-fcae8b4f9c7d,87890231-7aa7-491c-9a98-18c49056f346,2020-09-24,2020-09-25,894.15,0.0007475498741042,0,894.7013327777776,898.65,0.5513327777775885,894.7013327777776
b7642990-642b-4abf-c9e7-fcae8b4f9c7d,87890231-7aa7-491c-9a98-18c49056f346,2020-09-25,2020-09-26,872.55,0.002218411598773,0,895.1909022222225,894.15,22.640902222222508,895.1909022222225
b7642990-642b-4abf-c9e7-fcae8b4f9c7d,87890231-7aa7-491c-9a98-18c49056f346,2020-09-26,2020-09-27,818.83,0.0015335590203277,0,906.5075077777778,872.55,87.6775077777778,906.5075077777778
b7642990-642b-4abf-c9e7-fcae8b4f9c7d,87890231-7aa7-491c-9a98-18c49056f346,2020-09-27,2020-09-28,849.1,0.0054125386554133,0,902.9191244444442,818.83,53.81912444444413,902.9191244444442
b7642990-642b-4abf-c9e7-fcae8b4f9c7d,87890231-7aa7-491c-9a98-18c49056f346,2020-09-28,2020-09-29,800.94,0.0041434464959299,0,920.7155411111112,849.1,119.77554111111112,920.7155411111112
b7642990-642b-4abf-c9e7-fcae8b4f9c7d,87890231-7aa7-491c-9a98-18c49056f346,2020-09-29,2020-09-30,809.86,0.001054224436505,0,925.9502411111104,800.94,116.09024111111046,925.9502411111104
b7642990-642b-4abf-c9e7-fcae8b4f9c7d,87890231-7aa7-491c-9a98-18c49056f346,2020-09-30,2020-10-01,837.57,0.011383466588196,0,894.6318438888886,809.86,57.061843888888575,894.6318438888886
b7642990-642b-4abf-c9e7-fcae8b4f9c7d,87890231-7aa7-491c-9a98-18c49056f346,2020-10-01,2020-10-02,795.31,0.0142930239341478,0,918.1112299999992,837.57,122.80122999999936,918.1112299999992
b7642990-642b-4abf-c9e7-fcae8b4f9c7d,87890231-7aa7-491c-9a98-18c49056f346,2020-10-02,2020-10-03,820.76,0.0064492738792039,0,902.2483633333331,795.31,81.48836333333327,902.2483633333331
b7642990-642b-4abf-c9e7-fcae8b4f9c7d,87890231-7aa7-491c-9a98-18c49056f346,2020-10-03,2020-10-04,785.08,0.0102720711663829,0,899.0274188888886,820.76,113.9474188888886,899.0274188888886
b7642990-642b-4abf-c9e7-fcae8b4f9c7d,87890231-7aa7-491c-9a98-18c49056f346,2020-10-04,2020-10-05,856.22,0.0070386004381901,0,895.2314577777771,785.08,39.01145777777708,895.2314577777771
b7642990-642b-4abf-c9e7-fcae8b4f9c7d,87890231-7aa7-491c-9a98-18c49056f346,2020-10-05,2020-10-06,898.42,0.0113161662328649,0,905.8084633333332,856.22,7.388463333333334,905.8084633333332
b7642990-642b-4abf-c9e7-fcae8b4f9c7d,87890231-7aa7-491c-9a98-18c49056f346,2020-10-06,2020-10-07,923.11,0.0162495486689227,0,911.1380744444444,898.42,11.971925555555686,911.1380744444444
b7642990-642b-4abf-c9e7-fcae8b4f9c7d,87890231-7aa7-491c-9a98-18c49056f346,2020-10-07,2020-10-08,784.66,0.0160614424167018,0,902.7858633333334,923.11,118.12586333333344,902.7858633333334
b7642990-642b-4abf-c9e7-fcae8b4f9c7d,87890231-7aa7-491c-9a98-18c49056f346,2020-10-08,2020-10-09,790.81,0.0164621701052131,0,902.3408411111106,784.66,111.5308411111107,902.3408411111106
b7642990-642b-4abf-c9e7-fcae8b4f9c7d,87890231-7aa7-491c-9a98-18c49056f346,2020-10-09,2020-10-10,822.61,0.0118130209829048,0,890.539507777778,790.81,67.92950777777799,890.539507777778
b7642990-642b-4abf-c9e7-fcae8b4f9c7d,87890231-7aa7-491c-9a98-18c49056f346,2020-10-10,2020-10-11,858.45,0.0098211479352141,0,896.4730911111106,822.61,38.0230911111106,896.4730911111106
b7642990-642b-4abf-c9e7-fcae8b4f9c7d,87890231-7aa7-491c-9a98-18c49056f346,2020-10-11,2020-10-12,819.31,0.0096469317441129,0,901.1447966666664,858.45,81.83479666666653,901.1447966666664
b7642990-642b-4abf-c9e7-fcae8b4f9c7d,87890231-7aa7-491c-9a98-18c49056f346,2020-10-12,2020-10-13,867.82,0.0100892817749381,0,915.4433133333332,819.31,47.62331333333316,915.4433133333332
b7642990-642b-4abf-c9e7-fcae8b4f9c7d,87890231-7aa7-491c-9a98-18c49056f346,2020-10-13,2020-10-14,848.5,0.0144869396653988,0,923.579479999999,867.82,75.07947999999897,923.579479999999
b7642990-642b-4abf-c9e7-fcae8b4f9c7d,87890231-7aa7-491c-9a98-18c49056f346,2020-10-14,2020-10-15,755.62,0.0132286993770204,0,921.6335633333324,848.5,166.0135633333324,921.6335633333324
b7642990-642b-4abf-c9e7-fcae8b4f9c7d,87890231-7aa7-491c-9a98-18c49056f346,2020-10-15,2020-10-16,826.97,0.0164621701052131,0,895.4214133333323,755.62,68.45141333333231,895.4214133333323
b7642990-642b-4abf-c9e7-fcae8b4f9c7d,87890231-7aa7-491c-9a98-18c49056f346,2020-10-16,2020-10-17,774.43,0.0100892817749381,0,890.5654133333331,826.97,116.1354133333332,890.5654133333331
b7642990-642b-4abf-c9e7-fcae8b4f9c7d,87890231-7aa7-491c-9a98-18c49056f346,2020-10-17,2020-10-18,800.22,0.0067319258757893,0,890.8788022222217,774.43,90.65880222222164,890.8788022222217
b7642990-642b-4abf-c9e7-fcae8b4f9c7d,87890231-7aa7-491c-9a98-18c49056f346,2020-10-18,2020-10-19,805.64,0.0116122475093732,0,892.6070077777777,800.22,86.96700777777767,892.6070077777777
b7642990-642b-4abf-c9e7-fcae8b4f9c7d,87890231-7aa7-491c-9a98-18c49056f346,2020-10-19,2020-10-20,0.0,0.0115601434996069,0,901.6183855555554,805.64,901.6183855555554,901.6183855555554
b7642990-642b-4abf-c9e7-fcae8b4f9c7d,87890231-7aa7-491c-9a98-18c49056f346,2020-10-20,2020-10-21,819.7,0.0,0,901.3862272222226,0.0,81.68622722222256,901.3862272222226
b7642990-642b-4abf-c9e7-fcae8b4f9c7d,87890231-7aa7-491c-9a98-18c49056f346,2020-10-21,2020-10-22,801.27,0.0159035304349694,0,870.6183083333328,819.7,69.34830833333285,870.6183083333328
b7642990-642b-4abf-c9e7-fcae8b4f9c7d,87890231-7aa7-491c-9a98-18c49056f346,2020-10-22,2020-10-23,909.97,0.0128332885492851,0,854.5120194444444,801.27,55.45798055555565,854.5120194444444
b7642990-642b-4abf-c9e7-fcae8b4f9c7d,87890231-7aa7-491c-9a98-18c49056f346,2020-10-23,2020-10-24,782.92,0.01301607794073,0,867.9444416666673,909.97,85.02444166666737,867.9444416666673
b7642990-642b-4abf-c9e7-fcae8b4f9c7d,87890231-7aa7-491c-9a98-18c49056f346,2020-10-24,2020-10-25,829.83,0.0194777025363394,0,866.9795194444453,782.92,37.14951944444522,866.9795194444453
b7642990-642b-4abf-c9e7-fcae8b4f9c7d,87890231-7aa7-491c-9a98-18c49056f346,2020-10-25,2020-10-26,844.97,0.0123597973834774,0,855.6601694444447,829.83,10.690169444444678,855.6601694444447
b7642990-642b-4abf-c9e7-fcae8b4f9c7d,87890231-7aa7-491c-9a98-18c49056f346,2020-10-26,2020-10-27,823.41,0.009035057338433,0,875.6218916666672,844.97,52.21189166666727,875.6218916666672
b7642990-642b-4abf-c9e7-fcae8b4f9c7d,87890231-7aa7-491c-9a98-18c49056f346,2020-10-27,2020-10-28,779.98,0.0037052671048568,0,870.0436638888884,823.41,90.06366388888841,870.0436638888884
b7642990-642b-4abf-c9e7-fcae8b4f9c7d,87890231-7aa7-491c-9a98-18c49056f346,2020-10-28,2020-10-29,777.33,0.0194352988009882,0,896.0802022222222,779.98,118.75020222222211,896.0802022222222
b7642990-642b-4abf-c9e7-fcae8b4f9c7d,87890231-7aa7-491c-9a98-18c49056f346,2020-10-29,2020-10-30,840.07,0.0174435678760363,0,891.1021300000001,777.33,51.03213000000005,891.1021300000001
b7642990-642b-4abf-c9e7-fcae8b4f9c7d,87890231-7aa7-491c-9a98-18c49056f346,2020-10-30,2020-10-31,857.37,0.0295616929408034,0,908.083868888889,840.07,50.71386888888901,908.083868888889
b7642990-642b-4abf-c9e7-fcae8b4f9c7d,87890231-7aa7-491c-9a98-18c49056f346,2020-10-31,2020-11-01,810.9,0.0079436126600844,0,886.5690272222218,857.37,75.66902722222187,886.5690272222218
b7642990-642b-4abf-c9e7-fcae8b4f9c7d,87890231-7aa7-491c-9a98-18c49056f346,2020-11-01,2020-11-02,760.56,0.0025771901709401,0,890.1302411111112,810.9,129.57024111111127,890.1302411111112
b7642990-642b-4abf-c9e7-fcae8b4f9c7d,87890231-7aa7-491c-9a98-18c49056f346,2020-11-02,2020-11-03,812.08,0.0069376488129344,0,912.44088,760.56,100.36087999999984,912.44088
b7642990-642b-4abf-c9e7-fcae8b4f9c7d,87890231-7aa7-491c-9a98-18c49056f346,2020-11-03,2020-11-04,874.81,0.019050594225091,0,896.8037716666665,812.08,21.99377166666659,896.8037716666665
b7642990-642b-4abf-c9e7-fcae8b4f9c7d,87890231-7aa7-491c-9a98-18c49056f346,2020-11-04,2020-11-05,770.58,0.0176833960493023,0,898.1648216666665,874.81,127.58482166666649,898.1648216666665
b7642990-642b-4abf-c9e7-fcae8b4f9c7d,87890231-7aa7-491c-9a98-18c49056f346,2020-11-05,2020-11-06,796.91,0.0120188922860461,0,892.178385555555,770.58,95.26838555555504,892.178385555555
b7642990-642b-4abf-c9e7-fcae8b4f9c7d,87890231-7aa7-491c-9a98-18c49056f346,2020-11-06,2020-11-07,811.36,0.0070317019390448,0,892.1568799999999,796.91,80.79687999999987,892.1568799999999
b7642990-642b-4abf-c9e7-fcae8b4f9c7d,87890231-7aa7-491c-9a98-18c49056f346,2020-11-07,2020-11-08,853.56,0.0037982312108521,0,894.6527772222219,811.36,41.09277722222191,894.6527772222219
b7642990-642b-4abf-c9e7-fcae8b4f9c7d,87890231-7aa7-491c-9a98-18c49056f346,2020-11-08,2020-11-09,786.6,0.0057166077730224,0,895.4443938888885,853.56,108.84439388888848,895.4443938888885
b7642990-642b-4abf-c9e7-fcae8b4f9c7d,87890231-7aa7-491c-9a98-18c49056f346,2020-11-09,2020-11-10,826.84,0.0117418438709366,0,903.6772383333332,786.6,76.83723833333329,903.6772383333332
b7642990-642b-4abf-c9e7-fcae8b4f9c7d,87890231-7aa7-491c-9a98-18c49056f346,2020-11-10,2020-11-11,864.51,0.0172827767846065,0,902.4002355555554,826.84,37.89023555555536,902.4002355555554
b7642990-642b-4abf-c9e7-fcae8b4f9c7d,87890231-7aa7-491c-9a98-18c49056f346,2020-11-11,2020-11-12,748.25,0.0120188922860461,0,909.725507777778,864.51,161.47550777777815,909.725507777778
b7642990-642b-4abf-c9e7-fcae8b4f9c7d,87890231-7aa7-491c-9a98-18c49056f346,2020-11-12,2020-11-13,754.06,0.0087151851000041,0,887.8586744444435,748.25,133.79867444444358,887.8586744444435
b7642990-642b-4abf-c9e7-fcae8b4f9c7d,87890231-7aa7-491c-9a98-18c49056f346,2020-11-13,2020-11-14,800.76,0.0169563715587343,0,889.8610161111108,754.06,89.10101611111077,889.8610161111108
b7642990-642b-4abf-c9e7-fcae8b4f9c7d,87890231-7aa7-491c-9a98-18c49056f346,2020-11-14,2020-11-15,844.28,0.0074271127667801,0,885.6942938888886,800.76,41.414293888888665,885.6942938888886
b7642990-642b-4abf-c9e7-fcae8b4f9c7d,87890231-7aa7-491c-9a98-18c49056f346,2020-11-15,2020-11-16,0.0,0.014577570160181,0,894.0062216666663,844.28,894.0062216666663,894.0062216666663
b7642990-642b-4abf-c9e7-fcae8b4f9c7d,87890231-7aa7-491c-9a98-18c49056f346,2020-11-16,2020-11-17,846.75,0.0,0,897.1342827777784,0.0,50.38428277777837,897.1342827777784
b7642990-642b-4abf-c9e7-fcae8b4f9c7d,87890231-7aa7-491c-9a98-18c49056f346,2020-11-17,2020-11-18,736.6,0.031319700224368,0,873.3625305555556,846.75,136.7625305555556,873.3625305555556
b7642990-642b-4abf-c9e7-fcae8b4f9c7d,87890231-7aa7-491c-9a98-18c49056f346,2020-11-18,2020-11-19,815.4,0.0190452773643149,0,860.1038972222224,736.6,44.7038972222224,860.1038972222224
b7642990-642b-4abf-c9e7-fcae8b4f9c7d,87890231-7aa7-491c-9a98-18c49056f346,2020-11-19,2020-11-20,694.57,0.0128102934162676,0,845.012963888889,815.4,150.44296388888893,845.012963888889
b7642990-642b-4abf-c9e7-fcae8b4f9c7d,87890231-7aa7-491c-9a98-18c49056f346,2020-11-20,2020-11-21,855.1,0.0095176227931334,0,838.5335916666666,694.57,16.56640833333347,838.5335916666666
b7642990-642b-4abf-c9e7-fcae8b4f9c7d,87890231-7aa7-491c-9a98-18c49056f346,2020-11-21,2020-11-22,848.57,0.0042097997008014,0,845.9904361111115,855.1,2.579563888888515,845.9904361111115
b7642990-642b-4abf-c9e7-fcae8b4f9c7d,87890231-7aa7-491c-9a98-18c49056f346,2020-11-22,2020-11-23,0.0,0.0082728350691789,0,884.0617472222223,848.57,884.0617472222223,884.0617472222223
b7642990-642b-4abf-c9e7-fcae8b4f9c7d,87890231-7aa7-491c-9a98-18c49056f346,2020-11-23,2020-11-24,711.33,0.0041936420385873,0,814.0684138888893,0.0,102.73841388888924,814.0684138888893
b7642990-642b-4abf-c9e7-fcae8b4f9c7d,87890231-7aa7-491c-9a98-18c49056f346,2020-11-24,2020-11-25,789.52,0.0413349085164351,0,848.719302777777,711.33,59.19930277777701,848.719302777777
b7642990-642b-4abf-c9e7-fcae8b4f9c7d,87890231-7aa7-491c-9a98-18c49056f346,2020-11-25,2020-11-26,842.98,0.0108479421617021,0,834.8342694444447,789.52,8.14573055555536,834.8342694444447
b7642990-642b-4abf-c9e7-fcae8b4f9c7d,87890231-7aa7-491c-9a98-18c49056f346,2020-11-26,2020-11-27,813.28,0.0131671698486616,0,860.2409805555559,842.98,46.96098055555592,860.2409805555559
b7642990-642b-4abf-c9e7-fcae8b4f9c7d,87890231-7aa7-491c-9a98-18c49056f346,2020-11-27,2020-11-28,873.13,0.0153845730727402,0,841.0160416666671,813.28,32.1139583333329,841.0160416666671
b7642990-642b-4abf-c9e7-fcae8b4f9c7d,87890231-7aa7-491c-9a98-18c49056f346,2020-11-28,2020-11-29,783.74,0.0133704846236426,0,868.9357361111116,873.13,85.19573611111161,868.9357361111116
b7642990-642b-4abf-c9e7-fcae8b4f9c7d,87890231-7aa7-491c-9a98-18c49056f346,2020-11-29,2020-11-30,879.78,0.0074932525896407,0,875.9954583333333,783.74,3.784541666666655,875.9954583333333
b7642990-642b-4abf-c9e7-fcae8b4f9c7d,87890231-7aa7-491c-9a98-18c49056f346,2020-11-30,2020-12-01,717.88,0.0136172117056103,0,867.0646361111111,879.78,149.1846361111111,867.0646361111111
b7642990-642b-4abf-c9e7-fcae8b4f9c7d,87890231-7aa7-491c-9a98-18c49056f346,2020-12-01,2020-12-02,764.12,0.021425420593673,0,880.588974444445,717.88,116.46897444444494,880.588974444445
b7642990-642b-4abf-c9e7-fcae8b4f9c7d,87890231-7aa7-491c-9a98-18c49056f346,2020-12-02,2020-12-03,743.36,0.0092066746299008,0,885.4265244444445,764.12,142.06652444444444,885.4265244444445
b7642990-642b-4abf-c9e7-fcae8b4f9c7d,87890231-7aa7-491c-9a98-18c49056f346,2020-12-03,2020-12-04,0.0,0.0123460922319831,0,899.3051272222217,743.36,899.3051272222217,899.3051272222217
b7642990-642b-4abf-c9e7-fcae8b4f9c7d,87890231-7aa7-491c-9a98-18c49056f346,2020-12-04,2020-12-05,745.39,0.001054224436505,0,879.0557716666665,0.0,133.6657716666665,879.0557716666665
b7642990-642b-4abf-c9e7-fcae8b4f9c7d,87890231-7aa7-491c-9a98-18c49056f346,2020-12-05,2020-12-06,832.22,0.0314006877408202,0,867.1148749999995,745.39,34.8948749999995,867.1148749999995
b7642990-642b-4abf-c9e7-fcae8b4f9c7d,87890231-7aa7-491c-9a98-18c49056f346,2020-12-06,2020-12-07,818.4,0.0089500785012152,0,851.1765305555557,832.22,32.77653055555572,851.1765305555557
b7642990-642b-4abf-c9e7-fcae8b4f9c7d,87890231-7aa7-491c-9a98-18c49056f346,2020-12-07,2020-12-08,797.38,0.0061900989388302,0,887.9809305555553,818.4,90.60093055555537,887.9809305555553
b7642990-642b-4abf-c9e7-fcae8b4f9c7d,87890231-7aa7-491c-9a98-18c49056f346,2020-12-08,2020-12-09,785.18,0.0134943697945987,0,848.309591666667,797.38,63.12959166666701,848.309591666667
b7642990-642b-4abf-c9e7-fcae8b4f9c7d,87890231-7aa7-491c-9a98-18c49056f346,2020-12-09,2020-12-10,748.58,0.0122573559666487,0,856.7548972222221,785.18,108.17489722222206,856.7548972222221
b7642990-642b-4abf-c9e7-fcae8b4f9c7d,87890231-7aa7-491c-9a98-18c49056f346,2020-12-10,2020-12-11,812.53,0.0061900989388302,0,838.1518861111114,748.58,25.621886111111397,838.1518861111114
b7642990-642b-4abf-c9e7-fcae8b4f9c7d,87890231-7aa7-491c-9a98-18c49056f346,2020-12-11,2020-12-12,768.06,0.0154957051021968,0,840.385047222222,812.53,72.32504722222211,840.385047222222
b7642990-642b-4abf-c9e7-fcae8b4f9c7d,87890231-7aa7-491c-9a98-18c49056f346,2020-12-12,2020-12-13,817.95,0.0211216271001165,0,880.4254105555559,768.06,62.47541055555587,880.4254105555559
b7642990-642b-4abf-c9e7-fcae8b4f9c7d,87890231-7aa7-491c-9a98-18c49056f346,2020-12-13,2020-12-14,847.74,0.005627871507688,0,883.6069383333327,817.95,35.866938333332655,883.6069383333327
b7642990-642b-4abf-c9e7-fcae8b4f9c7d,87890231-7aa7-491c-9a98-18c49056f346,2020-12-14,2020-12-15,773.95,0.0061900989388302,0,906.7764883333334,847.74,132.82648833333337,906.7764883333334
b7642990-642b-4abf-c9e7-fcae8b4f9c7d,87890231-7aa7-491c-9a98-18c49056f346,2020-12-15,2020-12-16,839.04,0.0103549521925163,0,904.829071666666,773.95,65.78907166666602,904.829071666666
b7642990-642b-4abf-c9e7-fcae8b4f9c7d,87890231-7aa7-491c-9a98-18c49056f346,2020-12-16,2020-12-17,0.0,0.0061013626734958,0,887.7585216666665,839.04,887.7585216666665,887.7585216666665
b7642990-642b-4abf-c9e7-fcae8b4f9c7d,87890231-7aa7-491c-9a98-18c49056f346,2020-12-17,2020-12-18,808.07,0.001054224436505,0,885.712488333333,0.0,77.64248833333295,885.712488333333
b7642990-642b-4abf-c9e7-fcae8b4f9c7d,87890231-7aa7-491c-9a98-18c49056f346,2020-12-18,2020-12-19,733.62,0.0238862376833443,0,858.0474750000003,808.07,124.4274750000003,858.0474750000003
b7642990-642b-4abf-c9e7-fcae8b4f9c7d,87890231-7aa7-491c-9a98-18c49056f346,2020-12-19,2020-12-20,756.77,0.0094235696670229,0,845.9321527777774,733.62,89.16215277777746,845.9321527777774
b7642990-642b-4abf-c9e7-fcae8b4f9c7d,87890231-7aa7-491c-9a98-18c49056f346,2020-12-20,2020-12-21,755.82,0.0083249390789452,0,850.6367583333339,756.77,94.81675833333384,850.6367583333339
b7642990-642b-4abf-c9e7-fcae8b4f9c7d,87890231-7aa7-491c-9a98-18c49056f346,2020-12-21,2020-12-22,836.53,0.0072443233753353,0,867.0633638888886,755.82,30.53336388888863,867.0633638888886
b7642990-642b-4abf-c9e7-fcae8b4f9c7d,87890231-7aa7-491c-9a98-18c49056f346,2020-12-22,2020-12-23,767.94,0.0192111042312646,0,866.3699916666661,836.53,98.42999166666608,866.3699916666661
b7642990-642b-4abf-c9e7-fcae8b4f9c7d,87890231-7aa7-491c-9a98-18c49056f346,2020-12-23,2020-12-24,805.9,0.0093295165409125,0,863.4470916666672,767.94,57.54709166666726,863.4470916666672
b7642990-642b-4abf-c9e7-fcae8b4f9c7d,87890231-7aa7-491c-9a98-18c49056f346,2020-12-24,2020-12-25,777.46,0.0053251691028185,0,842.7469027777773,805.9,65.2869027777773,842.7469027777773
b7642990-642b-4abf-c9e7-fcae8b4f9c7d,87890231-7aa7-491c-9a98-18c49056f346,2020-12-25,2020-12-26,766.07,0.0154855098340655,0,891.5995216666664,777.46,125.52952166666635,891.5995216666664
b7642990-642b-4abf-c9e7-fcae8b4f9c7d,87890231-7aa7-491c-9a98-18c49056f346,2020-12-26,2020-12-27,724.01,0.0134890529338226,0,869.857875,766.07,145.84787500000004,869.857875
b7642990-642b-4abf-c9e7-fcae8b4f9c7d,87890231-7aa7-491c-9a98-18c49056f346,2020-12-27,2020-12-28,707.86,0.0177144031002909,0,878.1691438888885,724.01,170.30914388888846,878.1691438888885
b7642990-642b-4abf-c9e7-fcae8b4f9c7d,87890231-7aa7-491c-9a98-18c49056f346,2020-12-28,2020-12-29,765.13,0.021951143395991,0,871.1522194444443,707.86,106.02221944444432,871.1522194444443
b7642990-642b-4abf-c9e7-fcae8b4f9c7d,87890231-7aa7-491c-9a98-18c49056f346,2020-12-29,2020-12-30,0.0,0.0102149707972445,0,881.2112972222218,765.13,881.2112972222218,881.2112972222218
b7642990-642b-4abf-c9e7-fcae8b4f9c7d,87890231-7aa7-491c-9a98-18c49056f346,2020-12-30,2020-12-31,743.69,0.0,0,860.459463888889,0.0,116.76946388888894,860.459463888889
b9801900-3e7b-4251-c26f-978c4ad9723f,291aa1c6-c027-45a2-a129-c24ef9759940,2020-10-02,2020-10-03,812.6,0.0557327240875155,0,812.6518833333338,772.72,0.0518833333337624,812.6518833333338
b9801900-3e7b-4251-c26f-978c4ad9723f,291aa1c6-c027-45a2-a129-c24ef9759940,2020-10-03,2020-10-04,791.09,0.0848676636667315,0,890.6545055555558,812.6,99.5645055555558,890.6545055555558
b9801900-3e7b-4251-c26f-978c4ad9723f,291aa1c6-c027-45a2-a129-c24ef9759940,2020-10-04,2020-10-05,765.17,0.0769732867794525,0,896.3104055555555,791.09,131.1404055555555,896.3104055555555
b9801900-3e7b-4251-c26f-978c4ad9723f,291aa1c6-c027-45a2-a129-c24ef9759940,2020-10-05,2020-10-06,742.75,0.1076331269576233,0,929.2328750000004,765.17,186.4828750000004,929.2328750000004
b9801900-3e7b-4251-c26f-978c4ad9723f,291aa1c6-c027-45a2-a129-c24ef9759940,2020-10-06,2020-10-07,747.05,0.0800195255347389,0,911.6722527777775,742.75,164.6222527777777,911.6722527777775
b9801900-3e7b-4251-c26f-978c4ad9723f,291aa1c6-c027-45a2-a129-c24ef9759940,2020-10-07,2020-10-08,710.25,0.0583516359553975,0,907.4149972222218,747.05,197.1649972222218,907.4149972222218
b9801900-3e7b-4251-c26f-978c4ad9723f,291aa1c6-c027-45a2-a129-c24ef9759940,2020-10-08,2020-10-09,753.31,0.058880069656373,0,903.1424194444436,710.25,149.83241944444376,903.1424194444436
b9801900-3e7b-4251-c26f-978c4ad9723f,291aa1c6-c027-45a2-a129-c24ef9759940,2020-10-09,2020-10-10,768.02,0.0947810297534648,0,899.6696083333334,753.31,131.6496083333334,899.6696083333334
b9801900-3e7b-4251-c26f-978c4ad9723f,291aa1c6-c027-45a2-a129-c24ef9759940,2020-10-10,2020-10-11,829.63,0.1065137090272031,0,916.8806305555556,768.02,87.25063055555552,916.8806305555556
b9801900-3e7b-4251-c26f-978c4ad9723f,291aa1c6-c027-45a2-a129-c24ef9759940,2020-10-11,2020-10-12,780.8,0.0710635722666411,0,916.637488888889,829.63,135.83748888888908,916.637488888889
b9801900-3e7b-4251-c26f-978c4ad9723f,291aa1c6-c027-45a2-a129-c24ef9759940,2020-10-12,2020-10-13,727.32,0.0658835397125756,0,921.211363888889,780.8,193.8913638888889,921.211363888889
b9801900-3e7b-4251-c26f-978c4ad9723f,291aa1c6-c027-45a2-a129-c24ef9759940,2020-10-13,2020-10-14,705.8,0.122583602290239,0,903.6516027777778,727.32,197.85160277777788,903.6516027777778
b9801900-3e7b-4251-c26f-978c4ad9723f,291aa1c6-c027-45a2-a129-c24ef9759940,2020-10-14,2020-10-15,749.7,0.0739742775340168,0,885.9059305555554,705.8,136.20593055555537,885.9059305555554
b9801900-3e7b-4251-c26f-978c4ad9723f,291aa1c6-c027-45a2-a129-c24ef9759940,2020-10-15,2020-10-16,787.84,0.0663740571446809,0,871.9444694444446,749.7,84.10446944444459,871.9444694444446
b9801900-3e7b-4251-c26f-978c4ad9723f,291aa1c6-c027-45a2-a129-c24ef9759940,2020-10-16,2020-10-17,747.23,0.0535286438811468,0,914.7889138888888,787.84,167.5589138888888,914.7889138888888
b9801900-3e7b-4251-c26f-978c4ad9723f,291aa1c6-c027-45a2-a129-c24ef9759940,2020-10-17,2020-10-18,775.27,0.0770350961516305,0,910.5501194444446,747.23,135.2801194444446,910.5501194444446
b9801900-3e7b-4251-c26f-978c4ad9723f,291aa1c6-c027-45a2-a129-c24ef9759940,2020-10-18,2020-10-19,746.77,0.0760991707283487,0,913.0655750000002,775.27,166.2955750000002,913.0655750000002
b9801900-3e7b-4251-c26f-978c4ad9723f,291aa1c6-c027-45a2-a129-c24ef9759940,2020-10-19,2020-10-20,0.0,0.053339163232888,0,911.7738305555562,746.77,911.7738305555562,911.7738305555562
b9801900-3e7b-4251-c26f-978c4ad9723f,291aa1c6-c027-45a2-a129-c24ef9759940,2020-10-20,2020-10-21,693.93,0.0092603408245145,0,867.6093138888889,0.0,173.67931388888894,867.6093138888889
b9801900-3e7b-4251-c26f-978c4ad9723f,291aa1c6-c027-45a2-a129-c24ef9759940,2020-10-21,2020-10-22,813.33,0.1631764644961613,1,0.0,693.93,813.33,693.93
b9801900-3e7b-4251-c26f-978c4ad9723f,291aa1c6-c027-45a2-a129-c24ef9759940,2020-10-22,2020-10-23,709.11,0.0715614551621036,0,863.2922194444448,813.33,154.18221944444474,863.2922194444448
b9801900-3e7b-4251-c26f-978c4ad9723f,291aa1c6-c027-45a2-a129-c24ef9759940,2020-10-23,2020-10-24,779.02,0.055765332582341,0,881.809497222222,709.11,102.78949722222204,881.809497222222
b9801900-3e7b-4251-c26f-978c4ad9723f,291aa1c6-c027-45a2-a129-c24ef9759940,2020-10-24,2020-10-25,737.63,0.0794682024411602,0,863.607758333334,779.02,125.977758333334,863.607758333334
b9801900-3e7b-4251-c26f-978c4ad9723f,291aa1c6-c027-45a2-a129-c24ef9759940,2020-10-25,2020-10-26,742.46,0.0750118256496016,0,887.7499527777784,737.63,145.28995277777835,887.7499527777784
b9801900-3e7b-4251-c26f-978c4ad9723f,291aa1c6-c027-45a2-a129-c24ef9759940,2020-10-26,2020-10-27,736.87,0.0645496377496123,0,875.9337416666665,742.46,139.0637416666665,875.9337416666665
b9801900-3e7b-4251-c26f-978c4ad9723f,291aa1c6-c027-45a2-a129-c24ef9759940,2020-10-27,2020-10-28,754.43,0.0898501323234115,0,871.724780555556,736.87,117.29478055555604,871.724780555556
b9801900-3e7b-4251-c26f-978c4ad9723f,291aa1c6-c027-45a2-a129-c24ef9759940,2020-10-28,2020-10-29,761.1,0.0830667728035912,0,890.1291305555557,754.43,129.02913055555564,890.1291305555557
b9801900-3e7b-4251-c26f-978c4ad9723f,291aa1c6-c027-45a2-a129-c24ef9759940,2020-10-29,2020-10-30,783.3,0.0853143785556691,0,912.2985250000002,761.1,128.9985250000002,912.2985250000002
b9801900-3e7b-4251-c26f-978c4ad9723f,291aa1c6-c027-45a2-a129-c24ef9759940,2020-10-30,2020-10-31,796.08,0.0598932997927499,0,893.8325916666668,783.3,97.75259166666672,893.8325916666668
b9801900-3e7b-4251-c26f-978c4ad9723f,291aa1c6-c027-45a2-a129-c24ef9759940,2020-10-31,2020-11-01,753.4,0.0800425417494356,0,913.5107388888896,796.08,160.1107388888895,913.5107388888896
b9801900-3e7b-4251-c26f-978c4ad9723f,291aa1c6-c027-45a2-a129-c24ef9759940,2020-11-01,2020-11-02,806.26,0.0895422812629058,0,906.0016527777778,753.4,99.74165277777786,906.0016527777778
b9801900-3e7b-4251-c26f-978c4ad9723f,291aa1c6-c027-45a2-a129-c24ef9759940,2020-11-02,2020-11-03,742.54,0.0715199510562271,0,909.5440111111114,806.26,167.00401111111148,909.5440111111114
b9801900-3e7b-4251-c26f-978c4ad9723f,291aa1c6-c027-45a2-a129-c24ef9759940,2020-11-03,2020-11-04,778.99,0.0796964041888515,0,911.531180555555,742.54,132.541180555555,911.531180555555
b9801900-3e7b-4251-c26f-978c4ad9723f,291aa1c6-c027-45a2-a129-c24ef9759940,2020-11-04,2020-11-05,753.16,0.0992542246594702,0,910.298225,778.99,157.13822499999992,910.298225
b9801900-3e7b-4251-c26f-978c4ad9723f,291aa1c6-c027-45a2-a129-c24ef9759940,2020-11-05,2020-11-06,716.29,0.0995493879860197,0,916.6186527777774,753.16,200.3286527777774,916.6186527777774
b9801900-3e7b-4251-c26f-978c4ad9723f,291aa1c6-c027-45a2-a129-c24ef9759940,2020-11-06,2020-11-07,741.97,0.0889136994536382,0,906.7204527777776,716.29,164.75045277777747,906.7204527777776
b9801900-3e7b-4251-c26f-978c4ad9723f,291aa1c6-c027-45a2-a129-c24ef9759940,2020-11-07,2020-11-08,753.03,0.0820459290042989,0,900.8977138888888,741.97,147.86771388888872,900.8977138888888
b9801900-3e7b-4251-c26f-978c4ad9723f,291aa1c6-c027-45a2-a129-c24ef9759940,2020-11-08,2020-11-09,732.19,0.1001155212634021,0,903.4103416666666,753.03,171.2203416666665,903.4103416666666
b9801900-3e7b-4251-c26f-978c4ad9723f,291aa1c6-c027-45a2-a129-c24ef9759940,2020-11-09,2020-11-10,747.69,0.0593993106618891,0,905.6263472222224,732.19,157.93634722222237,905.6263472222224
b9801900-3e7b-4251-c26f-978c4ad9723f,291aa1c6-c027-45a2-a129-c24ef9759940,2020-11-10,2020-11-11,763.81,0.100204095621868,0,893.7316194444443,747.69,129.92161944444433,893.7316194444443
b9801900-3e7b-4251-c26f-978c4ad9723f,291aa1c6-c027-45a2-a129-c24ef9759940,2020-11-11,2020-11-12,729.66,0.0744015222739211,0,911.5649944444448,763.81,181.9049944444447,911.5649944444448
b9801900-3e7b-4251-c26f-978c4ad9723f,291aa1c6-c027-45a2-a129-c24ef9759940,2020-11-12,2020-11-13,629.7,0.0564370955927807,0,895.9894083333337,729.66,266.28940833333365,895.9894083333337
b9801900-3e7b-4251-c26f-978c4ad9723f,291aa1c6-c027-45a2-a129-c24ef9759940,2020-11-13,2020-11-14,792.38,0.063943896815838,0,841.270647222222,629.7,48.890647222222015,841.270647222222
b9801900-3e7b-4251-c26f-978c4ad9723f,291aa1c6-c027-45a2-a129-c24ef9759940,2020-11-14,2020-11-15,716.91,0.0804543030340097,0,866.8452416666668,792.38,149.9352416666668,866.8452416666668
b9801900-3e7b-4251-c26f-978c4ad9723f,291aa1c6-c027-45a2-a129-c24ef9759940,2020-11-15,2020-11-16,697.4,0.0639086870440552,0,896.4775583333336,716.91,199.07755833333363,896.4775583333336
b9801900-3e7b-4251-c26f-978c4ad9723f,291aa1c6-c027-45a2-a129-c24ef9759940,2020-11-16,2020-11-17,686.09,0.0715642677471815,0,862.7566638888892,697.4,176.66666388888916,862.7566638888892
b9801900-3e7b-4251-c26f-978c4ad9723f,291aa1c6-c027-45a2-a129-c24ef9759940,2020-11-17,2020-11-18,712.71,0.1319774114923655,0,852.6517194444442,686.09,139.94171944444415,852.6517194444442
b9801900-3e7b-4251-c26f-978c4ad9723f,291aa1c6-c027-45a2-a129-c24ef9759940,2020-11-18,2020-11-19,703.76,0.0668952934728626,0,862.2968972222221,712.71,158.53689722222214,862.2968972222221
b9801900-3e7b-4251-c26f-978c4ad9723f,291aa1c6-c027-45a2-a129-c24ef9759940,2020-11-19,2020-11-20,696.74,0.0766698919374646,0,853.6327527777777,703.76,156.89275277777767,853.6327527777777
b9801900-3e7b-4251-c26f-978c4ad9723f,291aa1c6-c027-45a2-a129-c24ef9759940,2020-11-20,2020-11-21,697.74,0.0685069106645681,0,829.7873638888888,696.74,132.04736388888875,829.7873638888888
b9801900-3e7b-4251-c26f-978c4ad9723f,291aa1c6-c027-45a2-a129-c24ef9759940,2020-11-21,2020-11-22,740.34,0.0943902724461641,0,859.9821749999996,697.74,119.6421749999996,859.9821749999996
b9801900-3e7b-4251-c26f-978c4ad9723f,291aa1c6-c027-45a2-a129-c24ef9759940,2020-11-22,2020-11-23,796.97,0.0642026129058536,0,851.4828916666663,740.34,54.51289166666629,851.4828916666663
b9801900-3e7b-4251-c26f-978c4ad9723f,291aa1c6-c027-45a2-a129-c24ef9759940,2020-11-23,2020-11-24,749.2,0.0915486927006795,0,883.4201361111113,796.97,134.2201361111113,883.4201361111113
b9801900-3e7b-4251-c26f-978c4ad9723f,291aa1c6-c027-45a2-a129-c24ef9759940,2020-11-24,2020-11-25,759.59,0.1203408637108227,0,886.8667527777777,749.2,127.27675277777767,886.8667527777777
b9801900-3e7b-4251-c26f-978c4ad9723f,291aa1c6-c027-45a2-a129-c24ef9759940,2020-11-25,2020-11-26,703.77,0.070047051276969,0,893.016213888889,759.59,189.24621388888897,893.016213888889
b9801900-3e7b-4251-c26f-978c4ad9723f,291aa1c6-c027-45a2-a129-c24ef9759940,2020-11-26,2020-11-27,719.98,0.0805348926257767,0,872.812430555556,703.77,152.83243055555602,872.812430555556
b9801900-3e7b-4251-c26f-978c4ad9723f,291aa1c6-c027-45a2-a129-c24ef9759940,2020-11-27,2020-11-28,730.68,0.0796120167980703,0,854.6633027777781,719.98,123.98330277777814,854.6633027777781
b9801900-3e7b-4251-c26f-978c4ad9723f,291aa1c6-c027-45a2-a129-c24ef9759940,2020-11-28,2020-11-29,691.14,0.1125691281699814,0,868.6402861111113,730.68,177.50028611111134,868.6402861111113
b9801900-3e7b-4251-c26f-978c4ad9723f,291aa1c6-c027-45a2-a129-c24ef9759940,2020-11-29,2020-11-30,698.33,0.087567016836007,0,879.5441583333329,691.14,181.21415833333288,879.5441583333329
b9801900-3e7b-4251-c26f-978c4ad9723f,291aa1c6-c027-45a2-a129-c24ef9759940,2020-11-30,2020-12-01,743.5,0.0797588236702698,0,873.3039416666666,698.33,129.80394166666656,873.3039416666666
b9801900-3e7b-4251-c26f-978c4ad9723f,291aa1c6-c027-45a2-a129-c24ef9759940,2020-12-01,2020-12-02,751.3,0.0732808774428263,0,869.9113750000005,743.5,118.61137500000052,869.9113750000005
b9801900-3e7b-4251-c26f-978c4ad9723f,291aa1c6-c027-45a2-a129-c24ef9759940,2020-12-02,2020-12-03,712.88,0.0828281266710788,0,896.6239638888892,751.3,183.7439638888892,896.6239638888892
b9801900-3e7b-4251-c26f-978c4ad9723f,291aa1c6-c027-45a2-a129-c24ef9759940,2020-12-03,2020-12-04,668.37,0.0810848717819164,0,870.9988583333336,712.88,202.6288583333336,870.9988583333336
b9801900-3e7b-4251-c26f-978c4ad9723f,291aa1c6-c027-45a2-a129-c24ef9759940,2020-12-04,2020-12-05,698.17,0.0809395161068134,0,842.6247027777779,668.37,144.45470277777792,842.6247027777779
b9801900-3e7b-4251-c26f-978c4ad9723f,291aa1c6-c027-45a2-a129-c24ef9759940,2020-12-05,2020-12-06,658.41,0.0811792252346946,0,836.8543361111108,698.17,178.44433611111083,836.8543361111108
b9801900-3e7b-4251-c26f-978c4ad9723f,291aa1c6-c027-45a2-a129-c24ef9759940,2020-12-06,2020-12-07,709.31,0.076105903929669,0,822.6322138888886,658.41,113.32221388888864,822.6322138888886
b9801900-3e7b-4251-c26f-978c4ad9723f,291aa1c6-c027-45a2-a129-c24ef9759940,2020-12-07,2020-12-08,714.75,0.0750396571567143,0,830.2012472222218,709.31,115.4512472222218,830.2012472222218
b9801900-3e7b-4251-c26f-978c4ad9723f,291aa1c6-c027-45a2-a129-c24ef9759940,2020-12-08,2020-12-09,695.25,0.1090490174714969,0,857.9271972222225,714.75,162.6771972222225,857.9271972222225
b9801900-3e7b-4251-c26f-978c4ad9723f,291aa1c6-c027-45a2-a129-c24ef9759940,2020-12-09,2020-12-10,0.0,0.0911328329233991,0,859.4072583333331,695.25,859.4072583333331,859.4072583333331
b9801900-3e7b-4251-c26f-978c4ad9723f,291aa1c6-c027-45a2-a129-c24ef9759940,2020-12-10,2020-12-11,717.6,0.0,0,804.8832249999995,0.0,87.28322499999945,804.8832249999995
b9801900-3e7b-4251-c26f-978c4ad9723f,291aa1c6-c027-45a2-a129-c24ef9759940,2020-12-11,2020-12-12,710.9,0.1053466891160221,0,781.619583333333,717.6,70.71958333333305,781.619583333333
b9801900-3e7b-4251-c26f-978c4ad9723f,291aa1c6-c027-45a2-a129-c24ef9759940,2020-12-12,2020-12-13,660.0,0.0792818724486279,0,812.9238499999998,710.9,152.9238499999998,812.9238499999998
b9801900-3e7b-4251-c26f-978c4ad9723f,291aa1c6-c027-45a2-a129-c24ef9759940,2020-12-13,2020-12-14,0.0,0.0848892501178755,0,775.5303222222217,660.0,775.5303222222217,775.5303222222217
b9801900-3e7b-4251-c26f-978c4ad9723f,291aa1c6-c027-45a2-a129-c24ef9759940,2020-12-14,2020-12-15,713.39,0.0032334707281927,0,719.7257777777769,0.0,6.335777777776912,719.7257777777769
b9801900-3e7b-4251-c26f-978c4ad9723f,291aa1c6-c027-45a2-a129-c24ef9759940,2020-12-15,2020-12-16,755.28,0.1231436129851307,0,729.3180999999998,713.39,25.961900000000128,729.3180999999998
b9801900-3e7b-4251-c26f-978c4ad9723f,291aa1c6-c027-45a2-a129-c24ef9759940,2020-12-16,2020-12-17,687.57,0.0986964174332656,0,782.564872222222,755.28,94.99487222222194,782.564872222222
b9801900-3e7b-4251-c26f-978c4ad9723f,291aa1c6-c027-45a2-a129-c24ef9759940,2020-12-17,2020-12-18,715.45,0.0942141863632097,0,799.8230388888886,687.57,84.37303888888857,799.8230388888886
b9801900-3e7b-4251-c26f-978c4ad9723f,291aa1c6-c027-45a2-a129-c24ef9759940,2020-12-18,2020-12-19,726.24,0.081722134829856,0,809.4752055555556,715.45,83.23520555555558,809.4752055555556
b9801900-3e7b-4251-c26f-978c4ad9723f,291aa1c6-c027-45a2-a129-c24ef9759940,2020-12-19,2020-12-20,687.28,0.1031812666191883,0,830.0600500000003,726.24,142.7800500000003,830.0600500000003
b9801900-3e7b-4251-c26f-978c4ad9723f,291aa1c6-c027-45a2-a129-c24ef9759940,2020-12-20,2020-12-21,734.06,0.0978132651620978,0,808.6666333333334,687.28,74.60663333333343,808.6666333333334
b9801900-3e7b-4251-c26f-978c4ad9723f,291aa1c6-c027-45a2-a129-c24ef9759940,2020-12-21,2020-12-22,735.0,0.090485972919991,0,828.6590666666673,734.06,93.65906666666729,828.6590666666673
b9801900-3e7b-4251-c26f-978c4ad9723f,291aa1c6-c027-45a2-a129-c24ef9759940,2020-12-22,2020-12-23,740.53,0.0795409104956873,0,877.7074416666665,735.0,137.17744166666648,877.7074416666665
b9801900-3e7b-4251-c26f-978c4ad9723f,291aa1c6-c027-45a2-a129-c24ef9759940,2020-12-23,2020-12-24,706.16,0.0660391333929815,0,890.9095916666669,740.53,184.7495916666669,890.9095916666669
b9801900-3e7b-4251-c26f-978c4ad9723f,291aa1c6-c027-45a2-a129-c24ef9759940,2020-12-24,2020-12-25,775.51,0.0606058505414226,0,865.9568250000001,706.16,90.4468250000001,865.9568250000001
b9801900-3e7b-4251-c26f-978c4ad9723f,291aa1c6-c027-45a2-a129-c24ef9759940,2020-12-25,2020-12-26,667.35,0.0697838036724476,0,871.8121027777779,775.51,204.4621027777779,871.8121027777779
b9801900-3e7b-4251-c26f-978c4ad9723f,291aa1c6-c027-45a2-a129-c24ef9759940,2020-12-26,2020-12-27,764.22,0.0754612117794206,0,866.2004805555556,667.35,101.98048055555556,866.2004805555556
b9801900-3e7b-4251-c26f-978c4ad9723f,291aa1c6-c027-45a2-a129-c24ef9759940,2020-12-27,2020-12-28,713.11,0.0748154621915314,0,857.0127527777776,764.22,143.90275277777755,857.0127527777776
b9801900-3e7b-4251-c26f-978c4ad9723f,291aa1c6-c027-45a2-a129-c24ef9759940,2020-12-28,2020-12-29,732.76,0.0855232796486172,0,880.8826527777782,713.11,148.12265277777817,880.8826527777782
b9801900-3e7b-4251-c26f-978c4ad9723f,291aa1c6-c027-45a2-a129-c24ef9759940,2020-12-29,2020-12-30,0.0,0.086883620928771,0,877.1718472222221,732.76,877.1718472222221,877.1718472222221
b9801900-3e7b-4251-c26f-978c4ad9723f,291aa1c6-c027-45a2-a129-c24ef9759940,2020-12-30,2020-12-31,712.76,0.0,0,859.1224694444444,0.0,146.3624694444444,859.1224694444444
cfa287d6-51dc-4677-e242-3ef0a33437f9,acc35770-82ba-4b5f-65e5-17c372a7539a,2020-08-23,2020-08-24,332.57,0.0898936744334923,0,329.90247222222195,344.57,2.667527777778048,329.90247222222195
cfa287d6-51dc-4677-e242-3ef0a33437f9,acc35770-82ba-4b5f-65e5-17c372a7539a,2020-08-24,2020-08-25,303.25,0.1388907341443764,0,329.1407722222221,332.57,25.890772222222157,329.1407722222221
cfa287d6-51dc-4677-e242-3ef0a33437f9,acc35770-82ba-4b5f-65e5-17c372a7539a,2020-08-25,2020-08-26,340.3,0.1051439592278403,0,321.81847222222217,303.25,18.48152777777784,321.81847222222217
cfa287d6-51dc-4677-e242-3ef0a33437f9,acc35770-82ba-4b5f-65e5-17c372a7539a,2020-08-26,2020-08-27,295.39,0.0811175332724593,0,330.9735333333336,340.3,35.583533333333605,330.9735333333336
cfa287d6-51dc-4677-e242-3ef0a33437f9,acc35770-82ba-4b5f-65e5-17c372a7539a,2020-08-27,2020-08-28,316.74,0.0784282977247805,0,322.65543888888885,295.39,5.915438888888843,322.65543888888885
cfa287d6-51dc-4677-e242-3ef0a33437f9,acc35770-82ba-4b5f-65e5-17c372a7539a,2020-08-28,2020-08-29,328.15,0.0606654684797288,0,324.68508888888897,316.74,3.464911111111008,324.68508888888897
cfa287d6-51dc-4677-e242-3ef0a33437f9,acc35770-82ba-4b5f-65e5-17c372a7539a,2020-08-29,2020-08-30,339.6,0.1579544482491531,1,0.0,328.15,339.6,328.15
cfa287d6-51dc-4677-e242-3ef0a33437f9,acc35770-82ba-4b5f-65e5-17c372a7539a,2020-08-30,2020-08-31,0.0,0.0499604990166,0,327.0341250000002,339.6,327.0341250000002,327.0341250000002
cfa287d6-51dc-4677-e242-3ef0a33437f9,acc35770-82ba-4b5f-65e5-17c372a7539a,2020-08-31,2020-09-01,335.88,0.0165352892408741,0,328.5285777777779,0.0,7.351422222222084,328.5285777777779
cfa287d6-51dc-4677-e242-3ef0a33437f9,acc35770-82ba-4b5f-65e5-17c372a7539a,2020-09-01,2020-09-02,312.71,0.0649681130152826,0,323.57900555555545,335.88,10.869005555555477,323.57900555555545
cfa287d6-51dc-4677-e242-3ef0a33437f9,acc35770-82ba-4b5f-65e5-17c372a7539a,2020-09-02,2020-09-03,323.83,0.0704152427958724,0,317.8729388888886,312.71,5.957061111111386,317.8729388888886
cfa287d6-51dc-4677-e242-3ef0a33437f9,acc35770-82ba-4b5f-65e5-17c372a7539a,2020-09-03,2020-09-04,317.84,0.0884079258181608,0,318.6005888888885,323.83,0.7605888888885488,318.6005888888885
cfa287d6-51dc-4677-e242-3ef0a33437f9,acc35770-82ba-4b5f-65e5-17c372a7539a,2020-09-04,2020-09-05,303.08,0.0636074464003391,0,321.40821111111063,317.84,18.328211111110647,321.40821111111063
cfa287d6-51dc-4677-e242-3ef0a33437f9,acc35770-82ba-4b5f-65e5-17c372a7539a,2020-09-05,2020-09-06,311.94,0.1132279897028561,0,319.6777799999999,303.08,7.73777999999993,319.6777799999999
cfa287d6-51dc-4677-e242-3ef0a33437f9,acc35770-82ba-4b5f-65e5-17c372a7539a,2020-09-06,2020-09-07,342.96,0.0646288333365294,0,314.18744666666663,311.94,28.77255333333335,314.18744666666663
cfa287d6-51dc-4677-e242-3ef0a33437f9,acc35770-82ba-4b5f-65e5-17c372a7539a,2020-09-07,2020-09-08,323.48,0.0402226557387506,0,325.6951777777777,342.96,2.215177777777683,325.6951777777777
cfa287d6-51dc-4677-e242-3ef0a33437f9,acc35770-82ba-4b5f-65e5-17c372a7539a,2020-09-08,2020-09-09,346.87,0.113696550886836,0,324.7382388888888,323.48,22.13176111111125,324.7382388888888
cfa287d6-51dc-4677-e242-3ef0a33437f9,acc35770-82ba-4b5f-65e5-17c372a7539a,2020-09-09,2020-09-10,296.19,0.0890157094684178,0,333.5060777777776,346.87,37.31607777777759,333.5060777777776
cfa287d6-51dc-4677-e242-3ef0a33437f9,acc35770-82ba-4b5f-65e5-17c372a7539a,2020-09-10,2020-09-11,306.5,0.0731431886320424,0,322.3447499999999,296.19,15.84474999999992,322.3447499999999
cfa287d6-51dc-4677-e242-3ef0a33437f9,acc35770-82ba-4b5f-65e5-17c372a7539a,2020-09-11,2020-09-12,318.68,0.0695439415277044,0,323.9224000000002,306.5,5.2424000000002025,323.9224000000002
cfa287d6-51dc-4677-e242-3ef0a33437f9,acc35770-82ba-4b5f-65e5-17c372a7539a,2020-09-12,2020-09-13,323.67,0.1578716917869071,1,0.0,318.68,323.67,318.68
cfa287d6-51dc-4677-e242-3ef0a33437f9,acc35770-82ba-4b5f-65e5-17c372a7539a,2020-09-13,2020-09-14,309.8,0.1199589253511105,0,326.70102777777777,323.67,16.901027777777756,326.70102777777777
cfa287d6-51dc-4677-e242-3ef0a33437f9,acc35770-82ba-4b5f-65e5-17c372a7539a,2020-09-14,2020-09-15,324.07,0.1292528527716811,0,323.19846111111127,309.8,0.8715388888887219,323.19846111111127
cfa287d6-51dc-4677-e242-3ef0a33437f9,acc35770-82ba-4b5f-65e5-17c372a7539a,2020-09-15,2020-09-16,323.68,0.1094476356762936,0,326.01207222222234,324.07,2.3320722222223367,326.01207222222234
cfa287d6-51dc-4677-e242-3ef0a33437f9,acc35770-82ba-4b5f-65e5-17c372a7539a,2020-09-16,2020-09-17,290.01,0.0812248774848566,0,328.8072,323.68,38.79720000000003,328.8072
cfa287d6-51dc-4677-e242-3ef0a33437f9,acc35770-82ba-4b5f-65e5-17c372a7539a,2020-09-17,2020-09-18,322.52,0.0630818465754819,0,320.4232166666666,290.01,2.0967833333334056,320.4232166666666
cfa287d6-51dc-4677-e242-3ef0a33437f9,acc35770-82ba-4b5f-65e5-17c372a7539a,2020-09-18,2020-09-19,327.45,0.1011493059922449,0,328.2610388888891,322.52,0.8110388888891293,328.2610388888891
cfa287d6-51dc-4677-e242-3ef0a33437f9,acc35770-82ba-4b5f-65e5-17c372a7539a,2020-09-19,2020-09-20,314.72,0.1060649496546614,0,328.0919888888891,327.45,13.371988888889064,328.0919888888891
cfa287d6-51dc-4677-e242-3ef0a33437f9,acc35770-82ba-4b5f-65e5-17c372a7539a,2020-09-20,2020-09-21,282.61,0.0890806314503141,0,324.2178833333333,314.72,41.60788333333329,324.2178833333333
cfa287d6-51dc-4677-e242-3ef0a33437f9,acc35770-82ba-4b5f-65e5-17c372a7539a,2020-09-21,2020-09-22,305.34,0.0953887015475988,0,322.17036666666667,282.61,16.83036666666669,322.17036666666667
cfa287d6-51dc-4677-e242-3ef0a33437f9,acc35770-82ba-4b5f-65e5-17c372a7539a,2020-09-22,2020-09-23,316.2,0.117373969510422,0,321.90858888888926,305.34,5.708588888889267,321.90858888888926
cfa287d6-51dc-4677-e242-3ef0a33437f9,acc35770-82ba-4b5f-65e5-17c372a7539a,2020-09-23,2020-09-24,296.01,0.1240432016550959,0,321.88926666666674,316.2,25.87926666666675,321.88926666666674
cfa287d6-51dc-4677-e242-3ef0a33437f9,acc35770-82ba-4b5f-65e5-17c372a7539a,2020-09-24,2020-09-25,323.38,0.0980572161395784,0,322.3046388888888,296.01,1.0753611111111925,322.3046388888888
cfa287d6-51dc-4677-e242-3ef0a33437f9,acc35770-82ba-4b5f-65e5-17c372a7539a,2020-09-25,2020-09-26,320.09,0.0634732671395997,0,325.74037777777806,323.38,5.65037777777809,325.74037777777806
cfa287d6-51dc-4677-e242-3ef0a33437f9,acc35770-82ba-4b5f-65e5-17c372a7539a,2020-09-26,2020-09-27,310.47,0.0721518622922333,0,327.4307722222224,320.09,16.960772222222374,327.4307722222224
cfa287d6-51dc-4677-e242-3ef0a33437f9,acc35770-82ba-4b5f-65e5-17c372a7539a,2020-09-27,2020-09-28,308.42,0.0922959246152079,0,326.2644944444445,310.47,17.84449444444448,326.2644944444445
cfa287d6-51dc-4677-e242-3ef0a33437f9,acc35770-82ba-4b5f-65e5-17c372a7539a,2020-09-28,2020-09-29,310.9,0.0678823736910484,0,323.0636805555555,308.42,12.163680555555516,323.0636805555555
cfa287d6-51dc-4677-e242-3ef0a33437f9,acc35770-82ba-4b5f-65e5-17c372a7539a,2020-09-29,2020-09-30,307.62,0.1102220781014249,0,327.4274111111113,310.9,19.80741111111132,327.4274111111113
cfa287d6-51dc-4677-e242-3ef0a33437f9,acc35770-82ba-4b5f-65e5-17c372a7539a,2020-09-30,2020-10-01,288.31,0.0980077308975867,0,327.58826666666675,307.62,39.27826666666675,327.58826666666675
cfa287d6-51dc-4677-e242-3ef0a33437f9,acc35770-82ba-4b5f-65e5-17c372a7539a,2020-10-01,2020-10-02,300.68,0.1062458404632024,0,320.2371111111111,288.31,19.557111111111112,320.2371111111111
cfa287d6-51dc-4677-e242-3ef0a33437f9,acc35770-82ba-4b5f-65e5-17c372a7539a,2020-10-02,2020-10-03,308.1,0.0885368377125101,0,320.85371666666686,300.68,12.753716666666833,320.85371666666686
cfa287d6-51dc-4677-e242-3ef0a33437f9,acc35770-82ba-4b5f-65e5-17c372a7539a,2020-10-03,2020-10-04,329.3,0.1380989837681958,0,322.8903694444448,308.1,6.409630555555282,322.8903694444448
cfa287d6-51dc-4677-e242-3ef0a33437f9,acc35770-82ba-4b5f-65e5-17c372a7539a,2020-10-04,2020-10-05,317.31,0.0596863506961659,0,327.57852777777794,329.3,10.268527777777932,327.57852777777794
cfa287d6-51dc-4677-e242-3ef0a33437f9,acc35770-82ba-4b5f-65e5-17c372a7539a,2020-10-05,2020-10-06,329.69,0.0781004815210149,0,325.99562777777805,317.31,3.694372222221944,325.99562777777805
cfa287d6-51dc-4677-e242-3ef0a33437f9,acc35770-82ba-4b5f-65e5-17c372a7539a,2020-10-06,2020-10-07,285.31,0.0736016648262378,0,328.1663277777779,329.69,42.85632777777789,328.1663277777779
cfa287d6-51dc-4677-e242-3ef0a33437f9,acc35770-82ba-4b5f-65e5-17c372a7539a,2020-10-07,2020-10-08,300.44,0.1536055813040048,1,0.0,285.31,300.44,285.31
cfa287d6-51dc-4677-e242-3ef0a33437f9,acc35770-82ba-4b5f-65e5-17c372a7539a,2020-10-08,2020-10-09,339.01,0.0831159817852948,0,318.7431527777779,300.44,20.26684722222211,318.7431527777779
cfa287d6-51dc-4677-e242-3ef0a33437f9,acc35770-82ba-4b5f-65e5-17c372a7539a,2020-10-09,2020-10-10,294.26,0.0403551499698205,0,325.8690944444447,339.01,31.609094444444736,325.8690944444447
cfa287d6-51dc-4677-e242-3ef0a33437f9,acc35770-82ba-4b5f-65e5-17c372a7539a,2020-10-10,2020-10-11,0.0,0.0568384536460344,0,322.9288166666667,294.26,322.9288166666667,322.9288166666667
cfa287d6-51dc-4677-e242-3ef0a33437f9,acc35770-82ba-4b5f-65e5-17c372a7539a,2020-10-11,2020-10-12,300.83,0.014387393068904,0,318.26155000000017,0.0,17.431550000000186,318.26155000000017
cfa287d6-51dc-4677-e242-3ef0a33437f9,acc35770-82ba-4b5f-65e5-17c372a7539a,2020-10-12,2020-10-13,337.08,0.0688953601043658,0,311.1474166666666,300.83,25.93258333333341,311.1474166666666
cfa287d6-51dc-4677-e242-3ef0a33437f9,acc35770-82ba-4b5f-65e5-17c372a7539a,2020-10-13,2020-10-14,294.45,0.0969511690576528,0,319.93392222222235,337.08,25.48392222222236,319.93392222222235
cfa287d6-51dc-4677-e242-3ef0a33437f9,acc35770-82ba-4b5f-65e5-17c372a7539a,2020-10-14,2020-10-15,312.89,0.0924186040401146,0,313.8498388888885,294.45,0.9598388888884984,313.8498388888885
cfa287d6-51dc-4677-e242-3ef0a33437f9,acc35770-82ba-4b5f-65e5-17c372a7539a,2020-10-15,2020-10-16,310.09,0.1131040400908709,0,310.95644444444423,312.89,0.8664444444442552,310.95644444444423
cfa287d6-51dc-4677-e242-3ef0a33437f9,acc35770-82ba-4b5f-65e5-17c372a7539a,2020-10-16,2020-10-17,275.92,0.050173059054868,0,317.1271188888888,310.09,41.20711888888872,317.1271188888888
cfa287d6-51dc-4677-e242-3ef0a33437f9,acc35770-82ba-4b5f-65e5-17c372a7539a,2020-10-17,2020-10-18,303.4,0.0717836256846892,0,302.19611111111084,275.92,1.2038888888891393,302.19611111111084
cfa287d6-51dc-4677-e242-3ef0a33437f9,acc35770-82ba-4b5f-65e5-17c372a7539a,2020-10-18,2020-10-19,295.15,0.0628526495246072,0,301.4189361111109,303.4,6.268936111110975,301.4189361111109
cfa287d6-51dc-4677-e242-3ef0a33437f9,acc35770-82ba-4b5f-65e5-17c372a7539a,2020-10-19,2020-10-20,313.66,0.062468792149837,0,319.73380555555553,295.15,6.073805555555509,319.73380555555553
cfa287d6-51dc-4677-e242-3ef0a33437f9,acc35770-82ba-4b5f-65e5-17c372a7539a,2020-10-20,2020-10-21,330.51,0.090738556932641,0,319.63896888888894,313.66,10.871031111111051,319.63896888888894
cfa287d6-51dc-4677-e242-3ef0a33437f9,acc35770-82ba-4b5f-65e5-17c372a7539a,2020-10-21,2020-10-22,297.6,0.1026625290780671,0,324.356961111111,330.51,26.756961111110968,324.356961111111
cfa287d6-51dc-4677-e242-3ef0a33437f9,acc35770-82ba-4b5f-65e5-17c372a7539a,2020-10-22,2020-10-23,297.39,0.1777121033597914,1,0.0,297.6,297.39,297.6
cfa287d6-51dc-4677-e242-3ef0a33437f9,acc35770-82ba-4b5f-65e5-17c372a7539a,2020-10-23,2020-10-24,342.91,0.0935747022344922,0,318.23586111111126,297.39,24.674138888888763,318.23586111111126
cfa287d6-51dc-4677-e242-3ef0a33437f9,acc35770-82ba-4b5f-65e5-17c372a7539a,2020-10-24,2020-10-25,291.57,0.0566794704532814,0,320.80836111111125,342.91,29.23836111111126,320.80836111111125
cfa287d6-51dc-4677-e242-3ef0a33437f9,acc35770-82ba-4b5f-65e5-17c372a7539a,2020-10-25,2020-10-26,282.31,0.0896779503739651,0,322.6600055555555,291.57,40.35000555555547,322.6600055555555
cfa287d6-51dc-4677-e242-3ef0a33437f9,acc35770-82ba-4b5f-65e5-17c372a7539a,2020-10-26,2020-10-27,323.22,0.0854172945247197,0,317.4404555555556,282.31,5.779544444444468,317.4404555555556
cfa287d6-51dc-4677-e242-3ef0a33437f9,acc35770-82ba-4b5f-65e5-17c372a7539a,2020-10-27,2020-10-28,300.73,0.0881505755163097,0,323.3673055555557,323.22,22.637305555555656,323.3673055555557
cfa287d6-51dc-4677-e242-3ef0a33437f9,acc35770-82ba-4b5f-65e5-17c372a7539a,2020-10-28,2020-10-29,305.58,0.0634858522471835,0,323.96281666666664,300.73,18.382816666666656,323.96281666666664
cfa287d6-51dc-4677-e242-3ef0a33437f9,acc35770-82ba-4b5f-65e5-17c372a7539a,2020-10-29,2020-10-30,336.61,0.0533831675641736,0,322.76502222222234,305.58,13.844977777777672,322.76502222222234
cfa287d6-51dc-4677-e242-3ef0a33437f9,acc35770-82ba-4b5f-65e5-17c372a7539a,2020-10-30,2020-10-31,280.48,0.0470583726265385,0,328.2083055555556,336.61,47.72830555555561,328.2083055555556
cfa287d6-51dc-4677-e242-3ef0a33437f9,acc35770-82ba-4b5f-65e5-17c372a7539a,2020-10-31,2020-11-01,297.73,0.0634366463289024,0,318.57016666666664,280.48,20.84016666666662,318.57016666666664
cfa287d6-51dc-4677-e242-3ef0a33437f9,acc35770-82ba-4b5f-65e5-17c372a7539a,2020-11-01,2020-11-02,282.43,0.1120680165566704,0,314.73266944444447,297.73,32.30266944444446,314.73266944444447
cfa287d6-51dc-4677-e242-3ef0a33437f9,acc35770-82ba-4b5f-65e5-17c372a7539a,2020-11-02,2020-11-03,305.31,0.0828191884050002,0,312.5274833333333,282.43,7.217483333333291,312.5274833333333
cfa287d6-51dc-4677-e242-3ef0a33437f9,acc35770-82ba-4b5f-65e5-17c372a7539a,2020-11-03,2020-11-04,291.84,0.0649669259393661,0,319.5151633333334,305.31,27.675163333333444,319.5151633333334
cfa287d6-51dc-4677-e242-3ef0a33437f9,acc35770-82ba-4b5f-65e5-17c372a7539a,2020-11-04,2020-11-05,282.74,0.0904271762411718,0,320.1934166666665,291.84,37.4534166666665,320.1934166666665
cfa287d6-51dc-4677-e242-3ef0a33437f9,acc35770-82ba-4b5f-65e5-17c372a7539a,2020-11-05,2020-11-06,310.78,0.10275403364602,0,314.8318555555556,282.74,4.051855555555619,314.8318555555556
cfa287d6-51dc-4677-e242-3ef0a33437f9,acc35770-82ba-4b5f-65e5-17c372a7539a,2020-11-06,2020-11-07,299.55,0.1135636753222016,0,316.3054022222221,310.78,16.755402222222074,316.3054022222221
cfa287d6-51dc-4677-e242-3ef0a33437f9,acc35770-82ba-4b5f-65e5-17c372a7539a,2020-11-07,2020-11-08,0.0,0.0714491340035121,0,313.9102999999998,299.55,313.9102999999998,313.9102999999998
cfa287d6-51dc-4677-e242-3ef0a33437f9,acc35770-82ba-4b5f-65e5-17c372a7539a,2020-11-08,2020-11-09,281.7,0.0093162799869784,0,311.40112222222194,0.0,29.701122222221954,311.40112222222194
cfa287d6-51dc-4677-e242-3ef0a33437f9,acc35770-82ba-4b5f-65e5-17c372a7539a,2020-11-09,2020-11-10,301.89,0.0606387011440272,0,289.03907222222205,281.7,12.85092777777794,289.03907222222205
cfa287d6-51dc-4677-e242-3ef0a33437f9,acc35770-82ba-4b5f-65e5-17c372a7539a,2020-11-10,2020-11-11,274.63,0.0577037620299705,0,305.49081111111093,301.89,30.86081111111093,305.49081111111093
cfa287d6-51dc-4677-e242-3ef0a33437f9,acc35770-82ba-4b5f-65e5-17c372a7539a,2020-11-11,2020-11-12,301.76,0.0768885108290971,0,296.1544444444442,274.63,5.605555555555782,296.1544444444442
cfa287d6-51dc-4677-e242-3ef0a33437f9,acc35770-82ba-4b5f-65e5-17c372a7539a,2020-11-12,2020-11-13,318.79,0.1104527229238852,0,296.53182499999974,301.76,22.25817500000028,296.53182499999974
cfa287d6-51dc-4677-e242-3ef0a33437f9,acc35770-82ba-4b5f-65e5-17c372a7539a,2020-11-13,2020-11-14,308.03,0.0589348969864805,0,313.9221244444444,318.79,5.892124444444391,313.9221244444444
cfa287d6-51dc-4677-e242-3ef0a33437f9,acc35770-82ba-4b5f-65e5-17c372a7539a,2020-11-14,2020-11-15,288.58,0.0678588252799595,0,317.19889444444425,308.03,28.618894444444265,317.19889444444425
cfa287d6-51dc-4677-e242-3ef0a33437f9,acc35770-82ba-4b5f-65e5-17c372a7539a,2020-11-15,2020-11-16,301.62,0.0605127380712757,0,304.7011722222221,288.58,3.081172222222108,304.7011722222221
cfa287d6-51dc-4677-e242-3ef0a33437f9,acc35770-82ba-4b5f-65e5-17c372a7539a,2020-11-16,2020-11-17,279.26,0.0988791888553622,0,313.0859944444444,301.62,33.825994444444405,313.0859944444444
cfa287d6-51dc-4677-e242-3ef0a33437f9,acc35770-82ba-4b5f-65e5-17c372a7539a,2020-11-17,2020-11-18,299.12,0.1065501710857895,0,313.58077777777766,279.26,14.46077777777765,313.58077777777766
cfa287d6-51dc-4677-e242-3ef0a33437f9,acc35770-82ba-4b5f-65e5-17c372a7539a,2020-11-18,2020-11-19,292.06,0.1196852491200186,0,307.82886111111105,299.12,15.76886111111105,307.82886111111105
cfa287d6-51dc-4677-e242-3ef0a33437f9,acc35770-82ba-4b5f-65e5-17c372a7539a,2020-11-19,2020-11-20,281.64,0.0746026587703629,0,315.7836055555555,292.06,34.143605555555496,315.7836055555555
cfa287d6-51dc-4677-e242-3ef0a33437f9,acc35770-82ba-4b5f-65e5-17c372a7539a,2020-11-20,2020-11-21,305.84,0.0544864365324497,0,314.7293222222221,281.64,8.88932222222212,314.7293222222221
cfa287d6-51dc-4677-e242-3ef0a33437f9,acc35770-82ba-4b5f-65e5-17c372a7539a,2020-11-21,2020-11-22,268.35,0.0911537930130074,0,313.40891888888865,305.84,45.05891888888863,313.40891888888865
cfa287d6-51dc-4677-e242-3ef0a33437f9,acc35770-82ba-4b5f-65e5-17c372a7539a,2020-11-22,2020-11-23,278.99,0.0574382872134897,0,305.3718999999997,268.35,26.381899999999742,305.3718999999997
cfa287d6-51dc-4677-e242-3ef0a33437f9,acc35770-82ba-4b5f-65e5-17c372a7539a,2020-11-23,2020-11-24,280.47,0.1261334517874025,0,299.36896111111093,278.99,18.898961111110907,299.36896111111093
cfa287d6-51dc-4677-e242-3ef0a33437f9,acc35770-82ba-4b5f-65e5-17c372a7539a,2020-11-24,2020-11-25,288.24,0.0649540652740685,0,296.3971333333332,280.47,8.15713333333315,296.3971333333332
cfa287d6-51dc-4677-e242-3ef0a33437f9,acc35770-82ba-4b5f-65e5-17c372a7539a,2020-11-25,2020-11-26,315.22,0.1350072312272195,0,302.14394444444446,288.24,13.07605555555557,302.14394444444446
cfa287d6-51dc-4677-e242-3ef0a33437f9,acc35770-82ba-4b5f-65e5-17c372a7539a,2020-11-26,2020-11-27,0.0,0.0832742507786901,0,308.39216666666675,315.22,308.39216666666675,308.39216666666675
cfa287d6-51dc-4677-e242-3ef0a33437f9,acc35770-82ba-4b5f-65e5-17c372a7539a,2020-11-27,2020-11-28,296.52,0.0059887561326752,0,310.68534999999986,0.0,14.165349999999876,310.68534999999986
cfa287d6-51dc-4677-e242-3ef0a33437f9,acc35770-82ba-4b5f-65e5-17c372a7539a,2020-11-28,2020-11-29,295.61,0.0872076670525834,0,302.6546577777776,296.52,7.044657777777559,302.6546577777776
cfa287d6-51dc-4677-e242-3ef0a33437f9,acc35770-82ba-4b5f-65e5-17c372a7539a,2020-11-29,2020-11-30,0.0,0.0851063732793113,0,293.8221277777777,295.61,293.8221277777777,293.8221277777777
cfa287d6-51dc-4677-e242-3ef0a33437f9,acc35770-82ba-4b5f-65e5-17c372a7539a,2020-11-30,2020-12-01,315.21,0.0277850831192153,0,289.7751222222222,0.0,25.434877777777785,289.7751222222222
cfa287d6-51dc-4677-e242-3ef0a33437f9,acc35770-82ba-4b5f-65e5-17c372a7539a,2020-12-01,2020-12-02,268.58,0.0710449054020212,0,299.7849888888888,315.21,31.204988888888806,299.7849888888888
cfa287d6-51dc-4677-e242-3ef0a33437f9,acc35770-82ba-4b5f-65e5-17c372a7539a,2020-12-02,2020-12-03,305.44,0.0816361253232225,0,291.0378111111109,268.58,14.402188888889045,291.0378111111109
cfa287d6-51dc-4677-e242-3ef0a33437f9,acc35770-82ba-4b5f-65e5-17c372a7539a,2020-12-03,2020-12-04,286.3,0.0943693287657979,0,297.4615027777778,305.44,11.161502777777798,297.4615027777778
cfa287d6-51dc-4677-e242-3ef0a33437f9,acc35770-82ba-4b5f-65e5-17c372a7539a,2020-12-04,2020-12-05,300.92,0.0558288478815004,0,294.1900444444444,286.3,6.729955555555591,294.1900444444444
cfa287d6-51dc-4677-e242-3ef0a33437f9,acc35770-82ba-4b5f-65e5-17c372a7539a,2020-12-05,2020-12-06,300.77,0.0708109939103727,0,305.02591666666626,300.92,4.25591666666628,305.02591666666626
cfa287d6-51dc-4677-e242-3ef0a33437f9,acc35770-82ba-4b5f-65e5-17c372a7539a,2020-12-06,2020-12-07,303.95,0.0764425020512332,0,306.61882777777777,300.77,2.6688277777777785,306.61882777777777
cfa287d6-51dc-4677-e242-3ef0a33437f9,acc35770-82ba-4b5f-65e5-17c372a7539a,2020-12-07,2020-12-08,316.91,0.0864031154879113,0,312.94680000000005,303.95,3.963199999999972,312.94680000000005
cfa287d6-51dc-4677-e242-3ef0a33437f9,acc35770-82ba-4b5f-65e5-17c372a7539a,2020-12-08,2020-12-09,273.18,0.0958749786464782,0,323.1878777777778,316.91,50.00787777777782,323.1878777777778
cfa287d6-51dc-4677-e242-3ef0a33437f9,acc35770-82ba-4b5f-65e5-17c372a7539a,2020-12-09,2020-12-10,307.42,0.0753758869494903,0,306.6335888888886,273.18,0.7864111111114198,306.6335888888886
cfa287d6-51dc-4677-e242-3ef0a33437f9,acc35770-82ba-4b5f-65e5-17c372a7539a,2020-12-10,2020-12-11,291.19,0.0735311277279728,0,317.2123499999999,307.42,26.022349999999904,317.2123499999999
cfa287d6-51dc-4677-e242-3ef0a33437f9,acc35770-82ba-4b5f-65e5-17c372a7539a,2020-12-11,2020-12-12,285.25,0.0649231360844175,0,313.3212499999996,291.19,28.071249999999623,313.3212499999996
cfa287d6-51dc-4677-e242-3ef0a33437f9,acc35770-82ba-4b5f-65e5-17c372a7539a,2020-12-12,2020-12-13,322.89,0.1102385362307798,0,314.42428333333305,285.25,8.465716666666935,314.42428333333305
cfa287d6-51dc-4677-e242-3ef0a33437f9,acc35770-82ba-4b5f-65e5-17c372a7539a,2020-12-13,2020-12-14,301.86,0.0859483615446977,0,321.75478333333325,322.89,19.89478333333324,321.75478333333325
cfa287d6-51dc-4677-e242-3ef0a33437f9,acc35770-82ba-4b5f-65e5-17c372a7539a,2020-12-14,2020-12-15,285.21,0.0990833588739895,0,322.2794777777777,301.86,37.069477777777706,322.2794777777777
cfa287d6-51dc-4677-e242-3ef0a33437f9,acc35770-82ba-4b5f-65e5-17c372a7539a,2020-12-15,2020-12-16,305.26,0.0970835930538385,0,315.4937444444445,285.21,10.233744444444485,315.4937444444445
cfa287d6-51dc-4677-e242-3ef0a33437f9,acc35770-82ba-4b5f-65e5-17c372a7539a,2020-12-16,2020-12-17,290.1,0.0849509361665616,0,310.7405055555555,305.26,20.64050555555548,310.7405055555555
cfa287d6-51dc-4677-e242-3ef0a33437f9,acc35770-82ba-4b5f-65e5-17c372a7539a,2020-12-17,2020-12-18,284.32,0.1016509479153218,0,318.2792744444443,290.1,33.959274444444304,318.2792744444443
cfa287d6-51dc-4677-e242-3ef0a33437f9,acc35770-82ba-4b5f-65e5-17c372a7539a,2020-12-18,2020-12-19,281.64,0.0576898732483661,0,310.3722833333332,284.32,28.73228333333321,310.3722833333332
cfa287d6-51dc-4677-e242-3ef0a33437f9,acc35770-82ba-4b5f-65e5-17c372a7539a,2020-12-19,2020-12-20,294.53,0.0539269027009494,0,305.445322222222,281.64,10.915322222222017,305.445322222222
cfa287d6-51dc-4677-e242-3ef0a33437f9,acc35770-82ba-4b5f-65e5-17c372a7539a,2020-12-20,2020-12-21,281.09,0.0922441894011532,0,312.50042777777776,294.53,31.410427777777784,312.50042777777776
cfa287d6-51dc-4677-e242-3ef0a33437f9,acc35770-82ba-4b5f-65e5-17c372a7539a,2020-12-21,2020-12-22,291.88,0.0763324756527477,0,306.0371833333332,281.09,14.157183333333194,306.0371833333332
cfa287d6-51dc-4677-e242-3ef0a33437f9,acc35770-82ba-4b5f-65e5-17c372a7539a,2020-12-22,2020-12-23,302.51,0.0636904071482212,0,302.7698888888887,291.88,0.2598888888887245,302.7698888888887
cfa287d6-51dc-4677-e242-3ef0a33437f9,acc35770-82ba-4b5f-65e5-17c372a7539a,2020-12-23,2020-12-24,290.75,0.1244340434253017,0,310.3228022222221,302.51,19.57280222222215,310.3228022222221
cfa287d6-51dc-4677-e242-3ef0a33437f9,acc35770-82ba-4b5f-65e5-17c372a7539a,2020-12-24,2020-12-25,318.92,0.0906123811559083,0,306.6047055555555,290.75,12.315294444444532,306.6047055555555
cfa287d6-51dc-4677-e242-3ef0a33437f9,acc35770-82ba-4b5f-65e5-17c372a7539a,2020-12-25,2020-12-26,288.87,0.1141158462786424,0,310.12774999999993,318.92,21.25774999999993,310.12774999999993
cfa287d6-51dc-4677-e242-3ef0a33437f9,acc35770-82ba-4b5f-65e5-17c372a7539a,2020-12-26,2020-12-27,308.57,0.0694506658455374,0,311.6378166666664,288.87,3.067816666666431,311.6378166666664
cfa287d6-51dc-4677-e242-3ef0a33437f9,acc35770-82ba-4b5f-65e5-17c372a7539a,2020-12-27,2020-12-28,302.62,0.1379558728338476,0,312.7254722222222,308.57,10.105472222222204,312.7254722222222
cfa287d6-51dc-4677-e242-3ef0a33437f9,acc35770-82ba-4b5f-65e5-17c372a7539a,2020-12-28,2020-12-29,310.78,0.0731664337782656,0,320.24467777777744,302.62,9.464677777777467,320.24467777777744
cfa287d6-51dc-4677-e242-3ef0a33437f9,acc35770-82ba-4b5f-65e5-17c372a7539a,2020-12-29,2020-12-30,317.54,0.1437156517060837,0,319.31614444444443,310.78,1.7761444444444123,319.31614444444443
cfa287d6-51dc-4677-e242-3ef0a33437f9,acc35770-82ba-4b5f-65e5-17c372a7539a,2020-12-30,2020-12-31,263.25,0.1260438991099905,0,324.5363944444444,317.54,61.2863944444444,324.5363944444444
d021b973-1939-4d70-4d89-72ecfd443e87,291aa1c6-c027-45a2-a129-c24ef9759940,2020-12-21,2020-12-22,801.85,0.1297403375944595,0,859.3872444444451,800.71,57.53724444444504,859.3872444444451
d021b973-1939-4d70-4d89-72ecfd443e87,291aa1c6-c027-45a2-a129-c24ef9759940,2020-12-22,2020-12-23,702.38,0.144940806844885,0,914.5463944444448,801.85,212.16639444444468,914.5463944444448
d021b973-1939-4d70-4d89-72ecfd443e87,291aa1c6-c027-45a2-a129-c24ef9759940,2020-12-23,2020-12-24,741.9,0.174155823488691,1,0.0,702.38,741.9,702.38
d021b973-1939-4d70-4d89-72ecfd443e87,291aa1c6-c027-45a2-a129-c24ef9759940,2020-12-24,2020-12-25,752.98,0.1489639333674014,0,889.9899916666661,741.9,137.0099916666661,889.9899916666661
d021b973-1939-4d70-4d89-72ecfd443e87,291aa1c6-c027-45a2-a129-c24ef9759940,2020-12-25,2020-12-26,776.29,0.1321283826376103,0,907.4124194444436,752.98,131.12241944444372,907.4124194444436
d021b973-1939-4d70-4d89-72ecfd443e87,291aa1c6-c027-45a2-a129-c24ef9759940,2020-12-26,2020-12-27,768.07,0.0980518520062263,0,920.0296444444442,776.29,151.95964444444417,920.0296444444442
d021b973-1939-4d70-4d89-72ecfd443e87,291aa1c6-c027-45a2-a129-c24ef9759940,2020-12-27,2020-12-28,759.23,0.139482432593537,0,924.3481472222217,768.07,165.11814722222152,924.3481472222217
d021b973-1939-4d70-4d89-72ecfd443e87,291aa1c6-c027-45a2-a129-c24ef9759940,2020-12-28,2020-12-29,780.04,0.1093336824898925,0,915.2482138888884,759.23,135.2082138888884,915.2482138888884
d021b973-1939-4d70-4d89-72ecfd443e87,291aa1c6-c027-45a2-a129-c24ef9759940,2020-12-29,2020-12-30,835.12,0.1636561695814428,1,0.0,780.04,835.12,780.04
d021b973-1939-4d70-4d89-72ecfd443e87,291aa1c6-c027-45a2-a129-c24ef9759940,2020-12-30,2020-12-31,748.93,0.0854104611993227,0,904.4796555555548,835.12,155.54965555555486,904.4796555555548
d75f361c-a138-4c4e-7d30-05f051eacbac,87890231-7aa7-491c-9a98-18c49056f346,2020-08-23,2020-08-24,207.31,0.1502001875679191,1,0.0,219.65,207.31,219.65
d75f361c-a138-4c4e-7d30-05f051eacbac,87890231-7aa7-491c-9a98-18c49056f346,2020-08-24,2020-08-25,243.17,0.2490731402158106,1,0.0,207.31,243.17,207.31
d75f361c-a138-4c4e-7d30-05f051eacbac,87890231-7aa7-491c-9a98-18c49056f346,2020-08-25,2020-08-26,212.55,0.1870966654414249,1,0.0,243.17,212.55,243.17
d75f361c-a138-4c4e-7d30-05f051eacbac,87890231-7aa7-491c-9a98-18c49056f346,2020-08-26,2020-08-27,239.44,0.1673233349594537,1,0.0,212.55,239.44,212.55
d75f361c-a138-4c4e-7d30-05f051eacbac,87890231-7aa7-491c-9a98-18c49056f346,2020-08-27,2020-08-28,228.96,0.2962043023087115,1,0.0,239.44,228.96,239.44
d75f361c-a138-4c4e-7d30-05f051eacbac,87890231-7aa7-491c-9a98-18c49056f346,2020-08-28,2020-08-29,224.87,0.2242463694660073,1,0.0,228.96,224.87,228.96
d75f361c-a138-4c4e-7d30-05f051eacbac,87890231-7aa7-491c-9a98-18c49056f346,2020-08-29,2020-08-30,226.51,0.400191549584352,1,0.0,224.87,226.51,224.87
d75f361c-a138-4c4e-7d30-05f051eacbac,87890231-7aa7-491c-9a98-18c49056f346,2020-08-30,2020-08-31,210.62,0.3073721715453943,1,0.0,226.51,210.62,226.51
d75f361c-a138-4c4e-7d30-05f051eacbac,87890231-7aa7-491c-9a98-18c49056f346,2020-08-31,2020-09-01,240.44,0.1440198864384841,0,223.40405833333327,210.62,17.035941666666673,223.40405833333327
d75f361c-a138-4c4e-7d30-05f051eacbac,87890231-7aa7-491c-9a98-18c49056f346,2020-09-01,2020-09-02,217.67,0.1828075414815538,1,0.0,240.44,217.67,240.44
d75f361c-a138-4c4e-7d30-05f051eacbac,87890231-7aa7-491c-9a98-18c49056f346,2020-09-02,2020-09-03,232.9,0.1458450272160352,0,227.44392499999992,217.67,5.456075000000084,227.44392499999992
d75f361c-a138-4c4e-7d30-05f051eacbac,87890231-7aa7-491c-9a98-18c49056f346,2020-09-03,2020-09-04,215.22,0.2487341131066475,1,0.0,232.9,215.22,232.9
d75f361c-a138-4c4e-7d30-05f051eacbac,87890231-7aa7-491c-9a98-18c49056f346,2020-09-04,2020-09-05,205.64,0.2943066851925084,1,0.0,215.22,205.64,215.22
d75f361c-a138-4c4e-7d30-05f051eacbac,87890231-7aa7-491c-9a98-18c49056f346,2020-09-05,2020-09-06,243.65,0.2670164740674793,1,0.0,205.64,243.65,205.64
d75f361c-a138-4c4e-7d30-05f051eacbac,87890231-7aa7-491c-9a98-18c49056f346,2020-09-06,2020-09-07,213.84,0.3188345196518409,1,0.0,243.65,213.84,243.65
d75f361c-a138-4c4e-7d30-05f051eacbac,87890231-7aa7-491c-9a98-18c49056f346,2020-09-07,2020-09-08,225.28,0.118062300157602,0,223.7772444444444,213.84,1.5027555555555807,223.7772444444444
d75f361c-a138-4c4e-7d30-05f051eacbac,87890231-7aa7-491c-9a98-18c49056f346,2020-09-08,2020-09-09,189.0,0.1866528123050759,1,0.0,225.28,189.0,225.28
d75f361c-a138-4c4e-7d30-05f051eacbac,87890231-7aa7-491c-9a98-18c49056f346,2020-09-09,2020-09-10,218.86,0.1723014163073439,1,0.0,189.0,218.86,189.0
d75f361c-a138-4c4e-7d30-05f051eacbac,87890231-7aa7-491c-9a98-18c49056f346,2020-09-10,2020-09-11,226.11,0.3707050258431472,1,0.0,218.86,226.11,218.86
d75f361c-a138-4c4e-7d30-05f051eacbac,87890231-7aa7-491c-9a98-18c49056f346,2020-09-11,2020-09-12,220.69,0.2838612769625084,1,0.0,226.11,220.69,226.11
d75f361c-a138-4c4e-7d30-05f051eacbac,87890231-7aa7-491c-9a98-18c49056f346,2020-09-12,2020-09-13,217.8,0.3589806294361177,1,0.0,220.69,217.8,220.69
d75f361c-a138-4c4e-7d30-05f051eacbac,87890231-7aa7-491c-9a98-18c49056f346,2020-09-13,2020-09-14,216.32,0.2218519055168789,1,0.0,217.8,216.32,217.8
d75f361c-a138-4c4e-7d30-05f051eacbac,87890231-7aa7-491c-9a98-18c49056f346,2020-09-14,2020-09-15,228.08,0.1926093824886512,1,0.0,216.32,228.08,216.32
d75f361c-a138-4c4e-7d30-05f051eacbac,87890231-7aa7-491c-9a98-18c49056f346,2020-09-15,2020-09-16,204.44,0.1631709251005504,1,0.0,228.08,204.44,228.08
d75f361c-a138-4c4e-7d30-05f051eacbac,87890231-7aa7-491c-9a98-18c49056f346,2020-09-16,2020-09-17,215.29,0.2370737821832016,1,0.0,204.44,215.29,204.44
d75f361c-a138-4c4e-7d30-05f051eacbac,87890231-7aa7-491c-9a98-18c49056f346,2020-09-17,2020-09-18,233.78,0.2851601585845272,1,0.0,215.29,233.78,215.29
d75f361c-a138-4c4e-7d30-05f051eacbac,87890231-7aa7-491c-9a98-18c49056f346,2020-09-18,2020-09-19,201.81,0.3408723477816174,1,0.0,233.78,201.81,233.78
d75f361c-a138-4c4e-7d30-05f051eacbac,87890231-7aa7-491c-9a98-18c49056f346,2020-09-19,2020-09-20,215.93,0.1802737157923907,1,0.0,201.81,215.93,201.81
d75f361c-a138-4c4e-7d30-05f051eacbac,87890231-7aa7-491c-9a98-18c49056f346,2020-09-20,2020-09-21,205.19,0.3183120033158083,1,0.0,215.93,205.19,215.93
d75f361c-a138-4c4e-7d30-05f051eacbac,87890231-7aa7-491c-9a98-18c49056f346,2020-09-21,2020-09-22,219.85,0.1516253803353026,1,0.0,205.19,219.85,205.19
d75f361c-a138-4c4e-7d30-05f051eacbac,87890231-7aa7-491c-9a98-18c49056f346,2020-09-22,2020-09-23,216.67,0.176794536643029,1,0.0,219.85,216.67,219.85
d75f361c-a138-4c4e-7d30-05f051eacbac,87890231-7aa7-491c-9a98-18c49056f346,2020-09-23,2020-09-24,206.09,0.2399694966103655,1,0.0,216.67,206.09,216.67
d75f361c-a138-4c4e-7d30-05f051eacbac,87890231-7aa7-491c-9a98-18c49056f346,2020-09-24,2020-09-25,216.06,0.2366244150957897,1,0.0,206.09,216.06,206.09
d75f361c-a138-4c4e-7d30-05f051eacbac,87890231-7aa7-491c-9a98-18c49056f346,2020-09-25,2020-09-26,216.25,0.3035265294972486,1,0.0,216.06,216.25,216.06
d75f361c-a138-4c4e-7d30-05f051eacbac,87890231-7aa7-491c-9a98-18c49056f346,2020-09-26,2020-09-27,208.82,0.2405885653770317,1,0.0,216.25,208.82,216.25
d75f361c-a138-4c4e-7d30-05f051eacbac,87890231-7aa7-491c-9a98-18c49056f346,2020-09-27,2020-09-28,210.59,0.2867525247720482,1,0.0,208.82,210.59,208.82
d75f361c-a138-4c4e-7d30-05f051eacbac,87890231-7aa7-491c-9a98-18c49056f346,2020-09-28,2020-09-29,207.92,0.2092765946604676,1,0.0,210.59,207.92,210.59
d75f361c-a138-4c4e-7d30-05f051eacbac,87890231-7aa7-491c-9a98-18c49056f346,2020-09-29,2020-09-30,191.39,0.1477542200456358,0,225.62882777777776,207.92,34.23882777777777,225.62882777777776
d75f361c-a138-4c4e-7d30-05f051eacbac,87890231-7aa7-491c-9a98-18c49056f346,2020-09-30,2020-10-01,224.41,0.239443855507848,1,0.0,191.39,224.41,191.39
d75f361c-a138-4c4e-7d30-05f051eacbac,87890231-7aa7-491c-9a98-18c49056f346,2020-10-01,2020-10-02,227.16,0.3079591756653446,1,0.0,224.41,227.16,224.41
d75f361c-a138-4c4e-7d30-05f051eacbac,87890231-7aa7-491c-9a98-18c49056f346,2020-10-02,2020-10-03,195.82,0.3078490025134107,1,0.0,227.16,195.82,227.16
d75f361c-a138-4c4e-7d30-05f051eacbac,87890231-7aa7-491c-9a98-18c49056f346,2020-10-03,2020-10-04,0.0,0.2234789844188031,1,0.0,195.82,0.0,195.82
d75f361c-a138-4c4e-7d30-05f051eacbac,87890231-7aa7-491c-9a98-18c49056f346,2020-10-06,2020-10-07,210.48,0.1380192014675489,0,221.86576666666645,201.54,11.385766666666456,221.86576666666645
d75f361c-a138-4c4e-7d30-05f051eacbac,87890231-7aa7-491c-9a98-18c49056f346,2020-10-07,2020-10-08,205.08,0.2274930214220087,1,0.0,210.48,205.08,210.48
d75f361c-a138-4c4e-7d30-05f051eacbac,87890231-7aa7-491c-9a98-18c49056f346,2020-10-08,2020-10-09,222.21,0.3217155963668593,1,0.0,205.08,222.21,205.08
d75f361c-a138-4c4e-7d30-05f051eacbac,87890231-7aa7-491c-9a98-18c49056f346,2020-10-09,2020-10-10,202.42,0.3291484837350503,1,0.0,222.21,202.42,222.21
d75f361c-a138-4c4e-7d30-05f051eacbac,87890231-7aa7-491c-9a98-18c49056f346,2020-10-10,2020-10-11,235.37,0.2395188363077767,1,0.0,202.42,235.37,202.42
d75f361c-a138-4c4e-7d30-05f051eacbac,87890231-7aa7-491c-9a98-18c49056f346,2020-10-11,2020-10-12,224.02,0.3318379198897816,1,0.0,235.37,224.02,235.37
d75f361c-a138-4c4e-7d30-05f051eacbac,87890231-7aa7-491c-9a98-18c49056f346,2020-10-12,2020-10-13,198.61,0.2042670644342276,1,0.0,224.02,198.61,224.02
d75f361c-a138-4c4e-7d30-05f051eacbac,87890231-7aa7-491c-9a98-18c49056f346,2020-10-13,2020-10-14,228.9,0.1876585431147327,1,0.0,198.61,228.9,198.61
d75f361c-a138-4c4e-7d30-05f051eacbac,87890231-7aa7-491c-9a98-18c49056f346,2020-10-14,2020-10-15,218.47,0.3121756546785317,1,0.0,228.9,218.47,228.9
d75f361c-a138-4c4e-7d30-05f051eacbac,87890231-7aa7-491c-9a98-18c49056f346,2020-10-15,2020-10-16,0.0,0.2582522033797536,1,0.0,218.47,0.0,218.47
d75f361c-a138-4c4e-7d30-05f051eacbac,87890231-7aa7-491c-9a98-18c49056f346,2020-10-16,2020-10-17,217.35,0.0149445363443055,0,230.06936944444445,0.0,12.719369444444451,230.06936944444445
d75f361c-a138-4c4e-7d30-05f051eacbac,87890231-7aa7-491c-9a98-18c49056f346,2020-10-17,2020-10-18,219.8,0.1549143545023106,1,0.0,217.35,219.8,217.35
d75f361c-a138-4c4e-7d30-05f051eacbac,87890231-7aa7-491c-9a98-18c49056f346,2020-10-18,2020-10-19,201.82,0.2545439123335081,1,0.0,219.8,201.82,219.8
d75f361c-a138-4c4e-7d30-05f051eacbac,87890231-7aa7-491c-9a98-18c49056f346,2020-10-19,2020-10-20,218.29,0.1552169333412768,1,0.0,201.82,218.29,201.82
d75f361c-a138-4c4e-7d30-05f051eacbac,87890231-7aa7-491c-9a98-18c49056f346,2020-10-20,2020-10-21,204.63,0.2023068149688332,1,0.0,218.29,204.63,218.29
d75f361c-a138-4c4e-7d30-05f051eacbac,87890231-7aa7-491c-9a98-18c49056f346,2020-10-21,2020-10-22,217.53,0.1794540625323194,1,0.0,204.63,217.53,204.63
d75f361c-a138-4c4e-7d30-05f051eacbac,87890231-7aa7-491c-9a98-18c49056f346,2020-10-22,2020-10-23,207.18,0.2066284361153364,1,0.0,217.53,207.18,217.53
d75f361c-a138-4c4e-7d30-05f051eacbac,87890231-7aa7-491c-9a98-18c49056f346,2020-10-23,2020-10-24,198.11,0.2745019645435381,1,0.0,207.18,198.11,207.18
d75f361c-a138-4c4e-7d30-05f051eacbac,87890231-7aa7-491c-9a98-18c49056f346,2020-10-24,2020-10-25,214.76,0.2448063447357587,1,0.0,198.11,214.76,198.11
d75f361c-a138-4c4e-7d30-05f051eacbac,87890231-7aa7-491c-9a98-18c49056f346,2020-10-25,2020-10-26,203.94,0.2516136860011484,1,0.0,214.76,203.94,214.76
d75f361c-a138-4c4e-7d30-05f051eacbac,87890231-7aa7-491c-9a98-18c49056f346,2020-10-26,2020-10-27,209.2,0.1519034868694212,1,0.0,203.94,209.2,203.94
d75f361c-a138-4c4e-7d30-05f051eacbac,87890231-7aa7-491c-9a98-18c49056f346,2020-10-27,2020-10-28,211.62,0.1586162970076611,1,0.0,209.2,211.62,209.2
d75f361c-a138-4c4e-7d30-05f051eacbac,87890231-7aa7-491c-9a98-18c49056f346,2020-10-28,2020-10-29,222.87,0.2245080132128188,1,0.0,211.62,222.87,211.62
d75f361c-a138-4c4e-7d30-05f051eacbac,87890231-7aa7-491c-9a98-18c49056f346,2020-10-29,2020-10-30,202.38,0.2061975662743666,1,0.0,222.87,202.38,222.87
d75f361c-a138-4c4e-7d30-05f051eacbac,87890231-7aa7-491c-9a98-18c49056f346,2020-10-30,2020-10-31,0.0,0.2343834590428427,1,0.0,202.38,0.0,202.38
d75f361c-a138-4c4e-7d30-05f051eacbac,87890231-7aa7-491c-9a98-18c49056f346,2020-10-31,2020-11-01,224.04,0.0093162799869784,0,221.2138666666668,0.0,2.826133333333217,221.2138666666668
d75f361c-a138-4c4e-7d30-05f051eacbac,87890231-7aa7-491c-9a98-18c49056f346,2020-11-01,2020-11-02,206.12,0.1760561717315861,1,0.0,224.04,206.12,224.04
d75f361c-a138-4c4e-7d30-05f051eacbac,87890231-7aa7-491c-9a98-18c49056f346,2020-11-02,2020-11-03,200.31,0.1576035880844214,1,0.0,206.12,200.31,206.12
d75f361c-a138-4c4e-7d30-05f051eacbac,87890231-7aa7-491c-9a98-18c49056f346,2020-11-03,2020-11-04,209.36,0.1807135810112276,1,0.0,200.31,209.36,200.31
d75f361c-a138-4c4e-7d30-05f051eacbac,87890231-7aa7-491c-9a98-18c49056f346,2020-11-04,2020-11-05,201.85,0.2028551871590179,1,0.0,209.36,201.85,209.36
d75f361c-a138-4c4e-7d30-05f051eacbac,87890231-7aa7-491c-9a98-18c49056f346,2020-11-05,2020-11-06,202.38,0.2148952074656741,1,0.0,201.85,202.38,201.85
d75f361c-a138-4c4e-7d30-05f051eacbac,87890231-7aa7-491c-9a98-18c49056f346,2020-11-06,2020-11-07,232.99,0.2046782554690589,1,0.0,202.38,232.99,202.38
d75f361c-a138-4c4e-7d30-05f051eacbac,87890231-7aa7-491c-9a98-18c49056f346,2020-11-07,2020-11-08,194.75,0.3169079391530056,1,0.0,232.99,194.75,232.99
d75f361c-a138-4c4e-7d30-05f051eacbac,87890231-7aa7-491c-9a98-18c49056f346,2020-11-08,2020-11-09,190.19,0.1779653043553535,1,0.0,194.75,190.19,194.75
d75f361c-a138-4c4e-7d30-05f051eacbac,87890231-7aa7-491c-9a98-18c49056f346,2020-11-09,2020-11-10,217.03,0.1481988731178108,0,217.8561444444443,190.19,0.82614444444431,217.8561444444443
d75f361c-a138-4c4e-7d30-05f051eacbac,87890231-7aa7-491c-9a98-18c49056f346,2020-11-10,2020-11-11,200.06,0.2050705542328879,1,0.0,217.03,200.06,217.03
d75f361c-a138-4c4e-7d30-05f051eacbac,87890231-7aa7-491c-9a98-18c49056f346,2020-11-11,2020-11-12,206.92,0.1884939896843014,1,0.0,200.06,206.92,200.06
d75f361c-a138-4c4e-7d30-05f051eacbac,87890231-7aa7-491c-9a98-18c49056f346,2020-11-12,2020-11-13,210.0,0.2131640831200765,1,0.0,206.92,210.0,206.92
d75f361c-a138-4c4e-7d30-05f051eacbac,87890231-7aa7-491c-9a98-18c49056f346,2020-11-13,2020-11-14,186.15,0.2320590249326699,1,0.0,210.0,186.15,210.0
d75f361c-a138-4c4e-7d30-05f051eacbac,87890231-7aa7-491c-9a98-18c49056f346,2020-11-14,2020-11-15,214.84,0.2356889867298281,1,0.0,186.15,214.84,186.15
d75f361c-a138-4c4e-7d30-05f051eacbac,87890231-7aa7-491c-9a98-18c49056f346,2020-11-15,2020-11-16,197.08,0.1930510716309657,1,0.0,214.84,197.08,214.84
d75f361c-a138-4c4e-7d30-05f051eacbac,87890231-7aa7-491c-9a98-18c49056f346,2020-11-16,2020-11-17,222.62,0.1356263595697796,0,222.1279416666666,197.08,0.4920583333334036,222.1279416666666
d75f361c-a138-4c4e-7d30-05f051eacbac,87890231-7aa7-491c-9a98-18c49056f346,2020-11-17,2020-11-18,194.33,0.1767009580769862,1,0.0,222.62,194.33,222.62
d75f361c-a138-4c4e-7d30-05f051eacbac,87890231-7aa7-491c-9a98-18c49056f346,2020-11-18,2020-11-19,218.43,0.2044882823802964,1,0.0,194.33,218.43,194.33
d75f361c-a138-4c4e-7d30-05f051eacbac,87890231-7aa7-491c-9a98-18c49056f346,2020-11-19,2020-11-20,220.16,0.216474248101203,1,0.0,218.43,220.16,218.43
d75f361c-a138-4c4e-7d30-05f051eacbac,87890231-7aa7-491c-9a98-18c49056f346,2020-11-20,2020-11-21,196.64,0.2421147055936924,1,0.0,220.16,196.64,220.16
d75f361c-a138-4c4e-7d30-05f051eacbac,87890231-7aa7-491c-9a98-18c49056f346,2020-11-21,2020-11-22,199.38,0.2010483314792435,1,0.0,196.64,199.38,196.64
d75f361c-a138-4c4e-7d30-05f051eacbac,87890231-7aa7-491c-9a98-18c49056f346,2020-11-22,2020-11-23,197.92,0.1959475711862096,1,0.0,199.38,197.92,199.38
d75f361c-a138-4c4e-7d30-05f051eacbac,87890231-7aa7-491c-9a98-18c49056f346,2020-11-23,2020-11-24,216.68,0.116477992659586,0,219.0334444444444,197.92,2.353444444444364,219.0334444444444
d75f361c-a138-4c4e-7d30-05f051eacbac,87890231-7aa7-491c-9a98-18c49056f346,2020-11-24,2020-11-25,202.4,0.1710785426712376,1,0.0,216.68,202.4,216.68
d75f361c-a138-4c4e-7d30-05f051eacbac,87890231-7aa7-491c-9a98-18c49056f346,2020-11-25,2020-11-26,205.77,0.2029795921751593,1,0.0,202.4,205.77,202.4
d75f361c-a138-4c4e-7d30-05f051eacbac,87890231-7aa7-491c-9a98-18c49056f346,2020-11-26,2020-11-27,198.71,0.2384282919320591,1,0.0,205.77,198.71,205.77
d75f361c-a138-4c4e-7d30-05f051eacbac,87890231-7aa7-491c-9a98-18c49056f346,2020-11-27,2020-11-28,204.69,0.1792363274650976,1,0.0,198.71,204.69,198.71
d75f361c-a138-4c4e-7d30-05f051eacbac,87890231-7aa7-491c-9a98-18c49056f346,2020-11-28,2020-11-29,205.12,0.1840852331397664,1,0.0,204.69,205.12,204.69
d75f361c-a138-4c4e-7d30-05f051eacbac,87890231-7aa7-491c-9a98-18c49056f346,2020-11-29,2020-11-30,193.6,0.216738764136792,1,0.0,205.12,193.6,205.12
d75f361c-a138-4c4e-7d30-05f051eacbac,87890231-7aa7-491c-9a98-18c49056f346,2020-11-30,2020-12-01,217.7,0.1312395878770711,0,218.76296666666653,193.6,1.06296666666654,218.76296666666653
d75f361c-a138-4c4e-7d30-05f051eacbac,87890231-7aa7-491c-9a98-18c49056f346,2020-12-01,2020-12-02,197.0,0.1486747757416975,0,224.58406666666647,217.7,27.584066666666477,224.58406666666647
d75f361c-a138-4c4e-7d30-05f051eacbac,87890231-7aa7-491c-9a98-18c49056f346,2020-12-02,2020-12-03,209.3,0.2114882838163488,1,0.0,197.0,209.3,197.0
d75f361c-a138-4c4e-7d30-05f051eacbac,87890231-7aa7-491c-9a98-18c49056f346,2020-12-03,2020-12-04,186.44,0.2251230831729995,1,0.0,209.3,186.44,209.3
d75f361c-a138-4c4e-7d30-05f051eacbac,87890231-7aa7-491c-9a98-18c49056f346,2020-12-04,2020-12-05,205.26,0.248730277837629,1,0.0,186.44,205.26,186.44
d75f361c-a138-4c4e-7d30-05f051eacbac,87890231-7aa7-491c-9a98-18c49056f346,2020-12-05,2020-12-06,208.98,0.18828304606949,1,0.0,205.26,208.98,205.26
d75f361c-a138-4c4e-7d30-05f051eacbac,87890231-7aa7-491c-9a98-18c49056f346,2020-12-06,2020-12-07,200.58,0.2050588851435462,1,0.0,208.98,200.58,208.98
d75f361c-a138-4c4e-7d30-05f051eacbac,87890231-7aa7-491c-9a98-18c49056f346,2020-12-07,2020-12-08,208.64,0.1478882647267715,0,222.283322222222,200.58,13.643322222222023,222.283322222222
d75f361c-a138-4c4e-7d30-05f051eacbac,87890231-7aa7-491c-9a98-18c49056f346,2020-12-08,2020-12-09,190.64,0.1459827456772356,0,224.0327777777777,208.64,33.392777777777724,224.0327777777777
d75f361c-a138-4c4e-7d30-05f051eacbac,87890231-7aa7-491c-9a98-18c49056f346,2020-12-09,2020-12-10,202.0,0.1947669639440837,1,0.0,190.64,202.0,190.64
d75f361c-a138-4c4e-7d30-05f051eacbac,87890231-7aa7-491c-9a98-18c49056f346,2020-12-10,2020-12-11,182.65,0.2177890028000767,1,0.0,202.0,182.65,202.0
d75f361c-a138-4c4e-7d30-05f051eacbac,87890231-7aa7-491c-9a98-18c49056f346,2020-12-11,2020-12-12,198.33,0.1834919108656365,1,0.0,182.65,198.33,182.65
d75f361c-a138-4c4e-7d30-05f051eacbac,87890231-7aa7-491c-9a98-18c49056f346,2020-12-12,2020-12-13,189.01,0.2574707438459772,1,0.0,198.33,189.01,198.33
d75f361c-a138-4c4e-7d30-05f051eacbac,87890231-7aa7-491c-9a98-18c49056f346,2020-12-13,2020-12-14,195.78,0.2185497775368071,1,0.0,189.01,195.78,189.01
d75f361c-a138-4c4e-7d30-05f051eacbac,87890231-7aa7-491c-9a98-18c49056f346,2020-12-14,2020-12-15,210.26,0.1795334734199083,1,0.0,195.78,210.26,195.78
d75f361c-a138-4c4e-7d30-05f051eacbac,87890231-7aa7-491c-9a98-18c49056f346,2020-12-15,2020-12-16,213.84,0.1524592233522875,1,0.0,210.26,213.84,210.26
d75f361c-a138-4c4e-7d30-05f051eacbac,87890231-7aa7-491c-9a98-18c49056f346,2020-12-16,2020-12-17,183.67,0.1914116384704239,1,0.0,213.84,183.67,213.84
d75f361c-a138-4c4e-7d30-05f051eacbac,87890231-7aa7-491c-9a98-18c49056f346,2020-12-17,2020-12-18,208.2,0.1761539414376382,1,0.0,183.67,208.2,183.67
d75f361c-a138-4c4e-7d30-05f051eacbac,87890231-7aa7-491c-9a98-18c49056f346,2020-12-18,2020-12-19,209.59,0.205366497483611,1,0.0,208.2,209.59,208.2
d75f361c-a138-4c4e-7d30-05f051eacbac,87890231-7aa7-491c-9a98-18c49056f346,2020-12-19,2020-12-20,198.43,0.1866612393149553,1,0.0,209.59,198.43,209.59
d75f361c-a138-4c4e-7d30-05f051eacbac,87890231-7aa7-491c-9a98-18c49056f346,2020-12-20,2020-12-21,208.74,0.20052621596929,1,0.0,198.43,208.74,198.43
d75f361c-a138-4c4e-7d30-05f051eacbac,87890231-7aa7-491c-9a98-18c49056f346,2020-12-21,2020-12-22,190.84,0.1882103344071228,1,0.0,208.74,190.84,208.74
d75f361c-a138-4c4e-7d30-05f051eacbac,87890231-7aa7-491c-9a98-18c49056f346,2020-12-22,2020-12-23,189.7,0.14929861881841,0,220.2972777777776,190.84,30.597277777777634,220.2972777777776
d75f361c-a138-4c4e-7d30-05f051eacbac,87890231-7aa7-491c-9a98-18c49056f346,2020-12-23,2020-12-24,189.56,0.1916643923979805,1,0.0,189.7,189.56,189.7
d75f361c-a138-4c4e-7d30-05f051eacbac,87890231-7aa7-491c-9a98-18c49056f346,2020-12-24,2020-12-25,201.31,0.2367506244873797,1,0.0,189.56,201.31,189.56
d75f361c-a138-4c4e-7d30-05f051eacbac,87890231-7aa7-491c-9a98-18c49056f346,2020-12-25,2020-12-26,193.12,0.2087814514847826,1,0.0,201.31,193.12,201.31
d75f361c-a138-4c4e-7d30-05f051eacbac,87890231-7aa7-491c-9a98-18c49056f346,2020-12-26,2020-12-27,187.06,0.2160016114261286,1,0.0,193.12,187.06,193.12
d75f361c-a138-4c4e-7d30-05f051eacbac,87890231-7aa7-491c-9a98-18c49056f346,2020-12-27,2020-12-28,187.32,0.1832167614531526,1,0.0,187.06,187.32,187.06
d75f361c-a138-4c4e-7d30-05f051eacbac,87890231-7aa7-491c-9a98-18c49056f346,2020-12-28,2020-12-29,193.51,0.1498257451833712,0,212.16265555555557,187.32,18.652655555555555,212.16265555555557
d75f361c-a138-4c4e-7d30-05f051eacbac,87890231-7aa7-491c-9a98-18c49056f346,2020-12-29,2020-12-30,0.0,0.1484850434186333,0,209.94700555555548,193.51,209.94700555555548,209.94700555555548
d75f361c-a138-4c4e-7d30-05f051eacbac,87890231-7aa7-491c-9a98-18c49056f346,2020-12-30,2020-12-31,199.69,0.0145985181103522,0,211.22941111111115,0.0,11.53941111111115,211.22941111111115
db4bd51e-2932-42ab-02c8-1f40e08f9962,4c4bc7b4-117e-47b3-b4c9-827d0c7ba64a,2020-08-23,2020-08-24,172.77,0.0721143733083731,0,175.8589250000002,181.14,3.088925000000188,175.8589250000002
db4bd51e-2932-42ab-02c8-1f40e08f9962,4c4bc7b4-117e-47b3-b4c9-827d0c7ba64a,2020-08-24,2020-08-25,172.03,0.1427666703022265,0,176.29943055555546,172.77,4.269430555555459,176.29943055555546
db4bd51e-2932-42ab-02c8-1f40e08f9962,4c4bc7b4-117e-47b3-b4c9-827d0c7ba64a,2020-08-25,2020-08-26,167.34,0.115874519287607,0,178.64681666666672,172.03,11.30681666666672,178.64681666666672
db4bd51e-2932-42ab-02c8-1f40e08f9962,4c4bc7b4-117e-47b3-b4c9-827d0c7ba64a,2020-08-26,2020-08-27,174.74,0.0876363006633973,0,176.52046666666672,167.34,1.7804666666667115,176.52046666666672
db4bd51e-2932-42ab-02c8-1f40e08f9962,4c4bc7b4-117e-47b3-b4c9-827d0c7ba64a,2020-08-27,2020-08-28,167.12,0.1286341214719441,0,181.0496277777778,174.74,13.929627777777796,181.0496277777778
db4bd51e-2932-42ab-02c8-1f40e08f9962,4c4bc7b4-117e-47b3-b4c9-827d0c7ba64a,2020-08-28,2020-08-29,171.07,0.0928405975363971,0,175.69187222222223,167.12,4.621872222222237,175.69187222222223
db4bd51e-2932-42ab-02c8-1f40e08f9962,4c4bc7b4-117e-47b3-b4c9-827d0c7ba64a,2020-08-29,2020-08-30,170.18,0.094109309695453,0,175.73412777777787,171.07,5.554127777777865,175.73412777777787
db4bd51e-2932-42ab-02c8-1f40e08f9962,4c4bc7b4-117e-47b3-b4c9-827d0c7ba64a,2020-08-30,2020-08-31,168.23,0.0628291356228511,0,179.306561111111,170.18,11.076561111111005,179.306561111111
db4bd51e-2932-42ab-02c8-1f40e08f9962,4c4bc7b4-117e-47b3-b4c9-827d0c7ba64a,2020-08-31,2020-09-01,175.19,0.1599060352095665,1,0.0,168.23,175.19,168.23
db4bd51e-2932-42ab-02c8-1f40e08f9962,4c4bc7b4-117e-47b3-b4c9-827d0c7ba64a,2020-09-01,2020-09-02,182.84,0.1372562499933866,0,175.83063333333337,175.19,7.0093666666666365,175.83063333333337
db4bd51e-2932-42ab-02c8-1f40e08f9962,4c4bc7b4-117e-47b3-b4c9-827d0c7ba64a,2020-09-02,2020-09-03,179.36,0.0773649753613613,0,176.2629666666666,182.84,3.0970333333334,176.2629666666666
db4bd51e-2932-42ab-02c8-1f40e08f9962,4c4bc7b4-117e-47b3-b4c9-827d0c7ba64a,2020-09-03,2020-09-04,156.38,0.0905151766477874,0,178.22556111111115,179.36,21.845561111111152,178.22556111111115
db4bd51e-2932-42ab-02c8-1f40e08f9962,4c4bc7b4-117e-47b3-b4c9-827d0c7ba64a,2020-09-04,2020-09-05,172.51,0.0834735040255631,0,175.56601666666677,156.38,3.0560166666667783,175.56601666666677
db4bd51e-2932-42ab-02c8-1f40e08f9962,4c4bc7b4-117e-47b3-b4c9-827d0c7ba64a,2020-09-05,2020-09-06,192.16,0.0491837292745903,0,180.0058277777778,172.51,12.1541722222222,180.0058277777778
db4bd51e-2932-42ab-02c8-1f40e08f9962,4c4bc7b4-117e-47b3-b4c9-827d0c7ba64a,2020-09-06,2020-09-07,172.61,0.1539356391577738,1,0.0,192.16,172.61,192.16
db4bd51e-2932-42ab-02c8-1f40e08f9962,4c4bc7b4-117e-47b3-b4c9-827d0c7ba64a,2020-09-07,2020-09-08,168.83,0.0773697822106391,0,179.7075833333332,172.61,10.877583333333178,179.7075833333332
db4bd51e-2932-42ab-02c8-1f40e08f9962,4c4bc7b4-117e-47b3-b4c9-827d0c7ba64a,2020-09-08,2020-09-09,182.79,0.1255515567403878,0,178.71721111111106,168.83,4.072788888888937,178.71721111111106
db4bd51e-2932-42ab-02c8-1f40e08f9962,4c4bc7b4-117e-47b3-b4c9-827d0c7ba64a,2020-09-09,2020-09-10,171.09,0.1726659114381851,1,0.0,182.79,171.09,182.79
db4bd51e-2932-42ab-02c8-1f40e08f9962,4c4bc7b4-117e-47b3-b4c9-827d0c7ba64a,2020-09-10,2020-09-11,181.46,0.0699958210524949,0,177.7981138888889,171.09,3.661886111111073,177.7981138888889
db4bd51e-2932-42ab-02c8-1f40e08f9962,4c4bc7b4-117e-47b3-b4c9-827d0c7ba64a,2020-09-11,2020-09-12,169.55,0.1159449664587883,0,176.10765,181.46,6.557649999999995,176.10765
db4bd51e-2932-42ab-02c8-1f40e08f9962,4c4bc7b4-117e-47b3-b4c9-827d0c7ba64a,2020-09-12,2020-09-13,174.4,0.0718530194904116,0,177.86375555555554,169.55,3.4637555555555366,177.86375555555554
db4bd51e-2932-42ab-02c8-1f40e08f9962,4c4bc7b4-117e-47b3-b4c9-827d0c7ba64a,2020-09-13,2020-09-14,165.31,0.1447003054646686,0,176.76875000000018,174.4,11.45875000000018,176.76875000000018
db4bd51e-2932-42ab-02c8-1f40e08f9962,4c4bc7b4-117e-47b3-b4c9-827d0c7ba64a,2020-09-14,2020-09-15,179.2,0.1088144459623267,0,173.81404444444453,165.31,5.385955555555455,173.81404444444453
db4bd51e-2932-42ab-02c8-1f40e08f9962,4c4bc7b4-117e-47b3-b4c9-827d0c7ba64a,2020-09-15,2020-09-16,169.9,0.091232729378861,0,175.667136111111,179.2,5.767136111111,175.667136111111
db4bd51e-2932-42ab-02c8-1f40e08f9962,4c4bc7b4-117e-47b3-b4c9-827d0c7ba64a,2020-09-16,2020-09-17,171.28,0.1106277163948943,0,179.13487777777786,169.9,7.854877777777858,179.13487777777786
db4bd51e-2932-42ab-02c8-1f40e08f9962,4c4bc7b4-117e-47b3-b4c9-827d0c7ba64a,2020-09-17,2020-09-18,178.14,0.0814863630725781,0,177.37028333333333,171.28,0.7697166666666533,177.37028333333333
db4bd51e-2932-42ab-02c8-1f40e08f9962,4c4bc7b4-117e-47b3-b4c9-827d0c7ba64a,2020-09-18,2020-09-19,173.81,0.0546285458975531,0,178.85841666666676,178.14,5.048416666666753,178.85841666666676
db4bd51e-2932-42ab-02c8-1f40e08f9962,4c4bc7b4-117e-47b3-b4c9-827d0c7ba64a,2020-09-19,2020-09-20,168.26,0.0693489810855379,0,177.71741666666657,173.81,9.457416666666576,177.71741666666657
db4bd51e-2932-42ab-02c8-1f40e08f9962,4c4bc7b4-117e-47b3-b4c9-827d0c7ba64a,2020-09-20,2020-09-21,0.0,0.0513807769638715,0,178.3438166666666,168.26,178.3438166666666,178.3438166666666
db4bd51e-2932-42ab-02c8-1f40e08f9962,4c4bc7b4-117e-47b3-b4c9-827d0c7ba64a,2020-09-21,2020-09-22,168.46,0.0079605674576663,0,181.76378888888888,0.0,13.303788888888874,181.76378888888888
db4bd51e-2932-42ab-02c8-1f40e08f9962,4c4bc7b4-117e-47b3-b4c9-827d0c7ba64a,2020-09-22,2020-09-23,166.24,0.18849679701198,1,0.0,168.46,166.24,168.46
db4bd51e-2932-42ab-02c8-1f40e08f9962,4c4bc7b4-117e-47b3-b4c9-827d0c7ba64a,2020-09-23,2020-09-24,169.23,0.1341729802370161,0,181.68153888888892,166.24,12.451538888888962,181.68153888888892
db4bd51e-2932-42ab-02c8-1f40e08f9962,4c4bc7b4-117e-47b3-b4c9-827d0c7ba64a,2020-09-24,2020-09-25,167.18,0.1185350339436768,0,183.62704999999983,169.23,16.447049999999848,183.62704999999983
db4bd51e-2932-42ab-02c8-1f40e08f9962,4c4bc7b4-117e-47b3-b4c9-827d0c7ba64a,2020-09-25,2020-09-26,0.0,0.1444218085644041,0,181.45223888888904,167.18,181.45223888888904,181.45223888888904
db4bd51e-2932-42ab-02c8-1f40e08f9962,4c4bc7b4-117e-47b3-b4c9-827d0c7ba64a,2020-09-26,2020-09-27,173.22,0.0,0,184.66465555555564,0.0,11.444655555555642,184.66465555555564
db4bd51e-2932-42ab-02c8-1f40e08f9962,4c4bc7b4-117e-47b3-b4c9-827d0c7ba64a,2020-09-27,2020-09-28,165.6,0.1127713950265393,0,182.39108333333328,173.22,16.791083333333262,182.39108333333328
db4bd51e-2932-42ab-02c8-1f40e08f9962,4c4bc7b4-117e-47b3-b4c9-827d0c7ba64a,2020-09-28,2020-09-29,174.3,0.2876845588330571,1,0.0,165.6,174.3,165.6
db4bd51e-2932-42ab-02c8-1f40e08f9962,4c4bc7b4-117e-47b3-b4c9-827d0c7ba64a,2020-09-29,2020-09-30,180.77,0.1043982439487382,0,182.74093888888865,174.3,1.970938888888611,182.74093888888865
db4bd51e-2932-42ab-02c8-1f40e08f9962,4c4bc7b4-117e-47b3-b4c9-827d0c7ba64a,2020-09-30,2020-10-01,162.81,0.1202153315966229,0,182.09483333333336,180.77,19.28483333333338,182.09483333333336
db4bd51e-2932-42ab-02c8-1f40e08f9962,4c4bc7b4-117e-47b3-b4c9-827d0c7ba64a,2020-10-01,2020-10-02,166.03,0.1518755837446618,1,0.0,162.81,166.03,162.81
db4bd51e-2932-42ab-02c8-1f40e08f9962,4c4bc7b4-117e-47b3-b4c9-827d0c7ba64a,2020-10-02,2020-10-03,162.21,0.133190718008829,0,183.5765833333334,166.03,21.36658333333338,183.5765833333334
db4bd51e-2932-42ab-02c8-1f40e08f9962,4c4bc7b4-117e-47b3-b4c9-827d0c7ba64a,2020-10-03,2020-10-04,0.0,0.1887749616303732,1,0.0,162.21,0.0,162.21
db4bd51e-2932-42ab-02c8-1f40e08f9962,4c4bc7b4-117e-47b3-b4c9-827d0c7ba64a,2020-10-04,2020-10-05,185.92,0.0067090821529212,0,178.8803555555555,0.0,7.039644444444491,178.8803555555555
db4bd51e-2932-42ab-02c8-1f40e08f9962,4c4bc7b4-117e-47b3-b4c9-827d0c7ba64a,2020-10-05,2020-10-06,177.58,0.2045642807036392,1,0.0,185.92,177.58,185.92
db4bd51e-2932-42ab-02c8-1f40e08f9962,4c4bc7b4-117e-47b3-b4c9-827d0c7ba64a,2020-10-06,2020-10-07,164.61,0.1146397219089598,0,182.84916666666672,177.58,18.239166666666705,182.84916666666672
db4bd51e-2932-42ab-02c8-1f40e08f9962,4c4bc7b4-117e-47b3-b4c9-827d0c7ba64a,2020-10-07,2020-10-08,172.55,0.1549310105190939,1,0.0,164.61,172.55,164.61
db4bd51e-2932-42ab-02c8-1f40e08f9962,4c4bc7b4-117e-47b3-b4c9-827d0c7ba64a,2020-10-08,2020-10-09,177.6,0.1544584654972229,1,0.0,172.55,177.6,172.55
db4bd51e-2932-42ab-02c8-1f40e08f9962,4c4bc7b4-117e-47b3-b4c9-827d0c7ba64a,2020-10-09,2020-10-10,153.82,0.0544821994353581,0,182.96928333333344,177.6,29.14928333333347,182.96928333333344
db4bd51e-2932-42ab-02c8-1f40e08f9962,4c4bc7b4-117e-47b3-b4c9-827d0c7ba64a,2020-10-10,2020-10-11,158.61,0.0861651932008076,0,181.12693333333328,153.82,22.51693333333324,181.12693333333328
db4bd51e-2932-42ab-02c8-1f40e08f9962,4c4bc7b4-117e-47b3-b4c9-827d0c7ba64a,2020-10-11,2020-10-12,174.54,0.1156728410433274,0,185.35275555555563,158.61,10.81275555555564,185.35275555555563
db4bd51e-2932-42ab-02c8-1f40e08f9962,4c4bc7b4-117e-47b3-b4c9-827d0c7ba64a,2020-10-12,2020-10-13,154.65,0.1395853884518412,0,178.1711222222223,174.54,23.52112222222229,178.1711222222223
db4bd51e-2932-42ab-02c8-1f40e08f9962,4c4bc7b4-117e-47b3-b4c9-827d0c7ba64a,2020-10-13,2020-10-14,166.93,0.0764229356909259,0,177.92237500000007,154.65,10.992375000000068,177.92237500000007
db4bd51e-2932-42ab-02c8-1f40e08f9962,4c4bc7b4-117e-47b3-b4c9-827d0c7ba64a,2020-10-14,2020-10-15,172.35,0.1262287957810701,0,179.86967777777758,166.93,7.519677777777588,179.86967777777758
db4bd51e-2932-42ab-02c8-1f40e08f9962,4c4bc7b4-117e-47b3-b4c9-827d0c7ba64a,2020-10-15,2020-10-16,168.78,0.0575126874662016,0,177.75245000000007,172.35,8.972450000000066,177.75245000000007
db4bd51e-2932-42ab-02c8-1f40e08f9962,4c4bc7b4-117e-47b3-b4c9-827d0c7ba64a,2020-10-16,2020-10-17,165.18,0.0608649002896955,0,179.94477222222216,168.78,14.764772222222147,179.94477222222216
db4bd51e-2932-42ab-02c8-1f40e08f9962,4c4bc7b4-117e-47b3-b4c9-827d0c7ba64a,2020-10-17,2020-10-18,177.64,0.0722503066954663,0,177.71302777777782,165.18,0.0730277777778383,177.71302777777782
db4bd51e-2932-42ab-02c8-1f40e08f9962,4c4bc7b4-117e-47b3-b4c9-827d0c7ba64a,2020-10-18,2020-10-19,172.77,0.0623502394218877,0,181.8111388888887,177.64,9.041138888888696,181.8111388888887
db4bd51e-2932-42ab-02c8-1f40e08f9962,4c4bc7b4-117e-47b3-b4c9-827d0c7ba64a,2020-10-19,2020-10-20,184.89,0.1888969853104571,1,0.0,172.77,184.89,172.77
db4bd51e-2932-42ab-02c8-1f40e08f9962,4c4bc7b4-117e-47b3-b4c9-827d0c7ba64a,2020-10-20,2020-10-21,156.46,0.1227892167201264,0,179.4060833333332,184.89,22.94608333333321,179.4060833333332
db4bd51e-2932-42ab-02c8-1f40e08f9962,4c4bc7b4-117e-47b3-b4c9-827d0c7ba64a,2020-10-21,2020-10-22,161.05,0.1092780239954155,0,178.8042611111112,156.46,17.75426111111119,178.8042611111112
db4bd51e-2932-42ab-02c8-1f40e08f9962,4c4bc7b4-117e-47b3-b4c9-827d0c7ba64a,2020-10-22,2020-10-23,164.68,0.1168133656725282,0,178.62673888888895,161.05,13.946738888888945,178.62673888888895
db4bd51e-2932-42ab-02c8-1f40e08f9962,4c4bc7b4-117e-47b3-b4c9-827d0c7ba64a,2020-10-23,2020-10-24,176.21,0.082423762274723,0,178.8417444444444,164.68,2.6317444444443936,178.8417444444444
db4bd51e-2932-42ab-02c8-1f40e08f9962,4c4bc7b4-117e-47b3-b4c9-827d0c7ba64a,2020-10-24,2020-10-25,171.23,0.1198103611235648,0,181.84903888888888,176.21,10.619038888888866,181.84903888888888
db4bd51e-2932-42ab-02c8-1f40e08f9962,4c4bc7b4-117e-47b3-b4c9-827d0c7ba64a,2020-10-25,2020-10-26,161.56,0.0570854482438464,0,180.0385722222221,171.23,18.478572222222084,180.0385722222221
db4bd51e-2932-42ab-02c8-1f40e08f9962,4c4bc7b4-117e-47b3-b4c9-827d0c7ba64a,2020-10-26,2020-10-27,156.89,0.188492412131737,1,0.0,161.56,156.89,161.56
db4bd51e-2932-42ab-02c8-1f40e08f9962,4c4bc7b4-117e-47b3-b4c9-827d0c7ba64a,2020-10-27,2020-10-28,155.91,0.1245079975902188,0,177.0747222222223,156.89,21.164722222222338,177.0747222222223
db4bd51e-2932-42ab-02c8-1f40e08f9962,4c4bc7b4-117e-47b3-b4c9-827d0c7ba64a,2020-10-28,2020-10-29,179.51,0.1069359919720521,0,180.11339999999993,155.91,0.6033999999999367,180.11339999999993
db4bd51e-2932-42ab-02c8-1f40e08f9962,4c4bc7b4-117e-47b3-b4c9-827d0c7ba64a,2020-10-29,2020-10-30,0.0,0.0464793996552438,0,179.42898888888897,179.51,179.42898888888897,179.42898888888897
db4bd51e-2932-42ab-02c8-1f40e08f9962,4c4bc7b4-117e-47b3-b4c9-827d0c7ba64a,2020-10-30,2020-10-31,165.94,0.0037422586741523,0,179.9623388888889,0.0,14.022338888888868,179.9623388888889
db4bd51e-2932-42ab-02c8-1f40e08f9962,4c4bc7b4-117e-47b3-b4c9-827d0c7ba64a,2020-10-31,2020-11-01,156.22,0.1465883779623964,0,185.9842111111112,165.94,29.764211111111194,185.9842111111112
db4bd51e-2932-42ab-02c8-1f40e08f9962,4c4bc7b4-117e-47b3-b4c9-827d0c7ba64a,2020-11-01,2020-11-02,164.33,0.0974369295188348,0,182.829611111111,156.22,18.499611111110998,182.829611111111
db4bd51e-2932-42ab-02c8-1f40e08f9962,4c4bc7b4-117e-47b3-b4c9-827d0c7ba64a,2020-11-02,2020-11-03,157.09,0.1429140814591961,0,183.9068277777777,164.33,26.81682777777772,183.9068277777777
db4bd51e-2932-42ab-02c8-1f40e08f9962,4c4bc7b4-117e-47b3-b4c9-827d0c7ba64a,2020-11-03,2020-11-04,164.93,0.1185141085872273,0,183.35780555555536,157.09,18.427805555555352,183.35780555555536
db4bd51e-2932-42ab-02c8-1f40e08f9962,4c4bc7b4-117e-47b3-b4c9-827d0c7ba64a,2020-11-04,2020-11-05,161.04,0.0818949281809106,0,183.6395388888888,164.93,22.599538888888816,183.6395388888888
db4bd51e-2932-42ab-02c8-1f40e08f9962,4c4bc7b4-117e-47b3-b4c9-827d0c7ba64a,2020-11-05,2020-11-06,157.89,0.1191468513965359,0,182.06291666666664,161.04,24.17291666666665,182.06291666666664
db4bd51e-2932-42ab-02c8-1f40e08f9962,4c4bc7b4-117e-47b3-b4c9-827d0c7ba64a,2020-11-06,2020-11-07,173.61,0.1651666120219771,1,0.0,157.89,173.61,157.89
db4bd51e-2932-42ab-02c8-1f40e08f9962,4c4bc7b4-117e-47b3-b4c9-827d0c7ba64a,2020-11-07,2020-11-08,174.21,0.0608872058626642,0,180.11691111111105,173.61,5.906911111111043,180.11691111111105
db4bd51e-2932-42ab-02c8-1f40e08f9962,4c4bc7b4-117e-47b3-b4c9-827d0c7ba64a,2020-11-08,2020-11-09,167.41,0.0626412179093033,0,180.12614444444446,174.21,12.716144444444469,180.12614444444446
db4bd51e-2932-42ab-02c8-1f40e08f9962,4c4bc7b4-117e-47b3-b4c9-827d0c7ba64a,2020-11-09,2020-11-10,149.19,0.1425174212220606,0,181.0776805555554,167.41,31.88768055555539,181.0776805555554
db4bd51e-2932-42ab-02c8-1f40e08f9962,4c4bc7b4-117e-47b3-b4c9-827d0c7ba64a,2020-11-10,2020-11-11,154.7,0.0597710932272403,0,178.78356111111094,149.19,24.083561111110956,178.78356111111094
db4bd51e-2932-42ab-02c8-1f40e08f9962,4c4bc7b4-117e-47b3-b4c9-827d0c7ba64a,2020-11-11,2020-11-12,154.92,0.0971059068447247,0,178.02068333333344,154.7,23.10068333333345,178.02068333333344
db4bd51e-2932-42ab-02c8-1f40e08f9962,4c4bc7b4-117e-47b3-b4c9-827d0c7ba64a,2020-11-12,2020-11-13,178.94,0.104078524184165,0,179.75635555555547,154.92,0.8163555555554751,179.75635555555547
db4bd51e-2932-42ab-02c8-1f40e08f9962,4c4bc7b4-117e-47b3-b4c9-827d0c7ba64a,2020-11-13,2020-11-14,171.63,0.0511094484011046,0,179.60771666666653,178.94,7.977716666666538,179.60771666666653
db4bd51e-2932-42ab-02c8-1f40e08f9962,4c4bc7b4-117e-47b3-b4c9-827d0c7ba64a,2020-11-14,2020-11-15,174.11,0.1488333515970811,0,176.24558333333337,171.63,2.135583333333358,176.24558333333337
db4bd51e-2932-42ab-02c8-1f40e08f9962,4c4bc7b4-117e-47b3-b4c9-827d0c7ba64a,2020-11-15,2020-11-16,156.6,0.0537418679572216,0,178.9598000000001,174.11,22.35980000000009,178.9598000000001
db4bd51e-2932-42ab-02c8-1f40e08f9962,4c4bc7b4-117e-47b3-b4c9-827d0c7ba64a,2020-11-16,2020-11-17,150.47,0.1293730266253825,0,178.80908333333335,156.6,28.33908333333335,178.80908333333335
db4bd51e-2932-42ab-02c8-1f40e08f9962,4c4bc7b4-117e-47b3-b4c9-827d0c7ba64a,2020-11-17,2020-11-18,170.83,0.1176661847791327,0,179.08928888888894,150.47,8.259288888888932,179.08928888888894
db4bd51e-2932-42ab-02c8-1f40e08f9962,4c4bc7b4-117e-47b3-b4c9-827d0c7ba64a,2020-11-18,2020-11-19,144.87,0.0706040969350434,0,181.8287666666665,170.83,36.95876666666649,181.8287666666665
db4bd51e-2932-42ab-02c8-1f40e08f9962,4c4bc7b4-117e-47b3-b4c9-827d0c7ba64a,2020-11-19,2020-11-20,162.81,0.066153326077637,0,177.9957000000001,144.87,15.18570000000011,177.9957000000001
db4bd51e-2932-42ab-02c8-1f40e08f9962,4c4bc7b4-117e-47b3-b4c9-827d0c7ba64a,2020-11-20,2020-11-21,167.02,0.0679243699059364,0,178.2473944444446,162.81,11.2273944444446,178.2473944444446
db4bd51e-2932-42ab-02c8-1f40e08f9962,4c4bc7b4-117e-47b3-b4c9-827d0c7ba64a,2020-11-21,2020-11-22,153.13,0.1440403524653256,0,180.9847583333332,167.02,27.854758333333194,180.9847583333332
db4bd51e-2932-42ab-02c8-1f40e08f9962,4c4bc7b4-117e-47b3-b4c9-827d0c7ba64a,2020-11-22,2020-11-23,174.54,0.0655565724727906,0,180.0841555555555,153.13,5.5441555555555055,180.0841555555555
db4bd51e-2932-42ab-02c8-1f40e08f9962,4c4bc7b4-117e-47b3-b4c9-827d0c7ba64a,2020-11-23,2020-11-24,159.46,0.1271128575828018,0,180.11437222222222,174.54,20.654372222222207,180.11437222222222
db4bd51e-2932-42ab-02c8-1f40e08f9962,4c4bc7b4-117e-47b3-b4c9-827d0c7ba64a,2020-11-24,2020-11-25,164.31,0.0792669626107734,0,177.9214333333334,159.46,13.611433333333396,177.9214333333334
db4bd51e-2932-42ab-02c8-1f40e08f9962,4c4bc7b4-117e-47b3-b4c9-827d0c7ba64a,2020-11-25,2020-11-26,165.91,0.1292876929784385,0,177.99285000000012,164.31,12.08285000000012,177.99285000000012
db4bd51e-2932-42ab-02c8-1f40e08f9962,4c4bc7b4-117e-47b3-b4c9-827d0c7ba64a,2020-11-26,2020-11-27,162.99,0.0807347818915007,0,180.07599444444435,165.91,17.08599444444434,180.07599444444435
db4bd51e-2932-42ab-02c8-1f40e08f9962,4c4bc7b4-117e-47b3-b4c9-827d0c7ba64a,2020-11-27,2020-11-28,156.88,0.058543728787726,0,181.25838611111092,162.99,24.37838611111096,181.25838611111092
db4bd51e-2932-42ab-02c8-1f40e08f9962,4c4bc7b4-117e-47b3-b4c9-827d0c7ba64a,2020-11-28,2020-11-29,154.84,0.0613351213199872,0,181.6620888888888,156.88,26.8220888888888,181.6620888888888
db4bd51e-2932-42ab-02c8-1f40e08f9962,4c4bc7b4-117e-47b3-b4c9-827d0c7ba64a,2020-11-29,2020-11-30,164.25,0.0566767389240167,0,181.48110555555556,154.84,17.23110555555553,181.48110555555556
db4bd51e-2932-42ab-02c8-1f40e08f9962,4c4bc7b4-117e-47b3-b4c9-827d0c7ba64a,2020-11-30,2020-12-01,166.19,0.0719394895844314,0,180.31531666666663,164.25,14.125316666666636,180.31531666666663
db4bd51e-2932-42ab-02c8-1f40e08f9962,4c4bc7b4-117e-47b3-b4c9-827d0c7ba64a,2020-12-01,2020-12-02,169.02,0.0733016200213752,0,180.58779444444437,166.19,11.567794444444331,180.58779444444437
db4bd51e-2932-42ab-02c8-1f40e08f9962,4c4bc7b4-117e-47b3-b4c9-827d0c7ba64a,2020-12-02,2020-12-03,159.67,0.0509385062807963,0,181.9080555555556,169.02,22.238055555555604,181.9080555555556
db4bd51e-2932-42ab-02c8-1f40e08f9962,4c4bc7b4-117e-47b3-b4c9-827d0c7ba64a,2020-12-03,2020-12-04,0.0,0.0918472411988132,0,179.37042777777782,159.67,179.37042777777782,179.37042777777782
db4bd51e-2932-42ab-02c8-1f40e08f9962,4c4bc7b4-117e-47b3-b4c9-827d0c7ba64a,2020-12-04,2020-12-05,153.73,0.0016415903093601,0,180.63013333333328,0.0,26.900133333333287,180.63013333333328
db4bd51e-2932-42ab-02c8-1f40e08f9962,4c4bc7b4-117e-47b3-b4c9-827d0c7ba64a,2020-12-05,2020-12-06,168.99,0.133543187966488,0,185.7542444444446,153.73,16.764244444444586,185.7542444444446
db4bd51e-2932-42ab-02c8-1f40e08f9962,4c4bc7b4-117e-47b3-b4c9-827d0c7ba64a,2020-12-06,2020-12-07,153.81,0.0845399789784158,0,181.83056111111125,168.99,28.02056111111125,181.83056111111125
db4bd51e-2932-42ab-02c8-1f40e08f9962,4c4bc7b4-117e-47b3-b4c9-827d0c7ba64a,2020-12-07,2020-12-08,165.17,0.1080477408908733,0,182.68824166666653,153.81,17.51824166666654,182.68824166666653
db4bd51e-2932-42ab-02c8-1f40e08f9962,4c4bc7b4-117e-47b3-b4c9-827d0c7ba64a,2020-12-08,2020-12-09,168.6,0.11932447477627,0,182.73185,165.17,14.131849999999986,182.73185
db4bd51e-2932-42ab-02c8-1f40e08f9962,4c4bc7b4-117e-47b3-b4c9-827d0c7ba64a,2020-12-09,2020-12-10,168.36,0.0770790911996595,0,183.0477666666666,168.6,14.68776666666659,183.0477666666666
db4bd51e-2932-42ab-02c8-1f40e08f9962,4c4bc7b4-117e-47b3-b4c9-827d0c7ba64a,2020-12-10,2020-12-11,149.54,0.1208702671914962,0,182.2894638888888,168.36,32.74946388888881,182.2894638888888
db4bd51e-2932-42ab-02c8-1f40e08f9962,4c4bc7b4-117e-47b3-b4c9-827d0c7ba64a,2020-12-11,2020-12-12,148.09,0.1222946592544848,0,184.42323888888885,149.54,36.33323888888884,184.42323888888885
db4bd51e-2932-42ab-02c8-1f40e08f9962,4c4bc7b4-117e-47b3-b4c9-827d0c7ba64a,2020-12-12,2020-12-13,152.7,0.0493987226288882,0,180.2757777777777,148.09,27.57577777777772,180.2757777777777
db4bd51e-2932-42ab-02c8-1f40e08f9962,4c4bc7b4-117e-47b3-b4c9-827d0c7ba64a,2020-12-13,2020-12-14,151.55,0.0494972488794917,0,180.01382777777766,152.7,28.46382777777765,180.01382777777766
db4bd51e-2932-42ab-02c8-1f40e08f9962,4c4bc7b4-117e-47b3-b4c9-827d0c7ba64a,2020-12-14,2020-12-15,177.47,0.0961551146935268,0,180.02120555555538,151.55,2.5512055555553843,180.02120555555538
db4bd51e-2932-42ab-02c8-1f40e08f9962,4c4bc7b4-117e-47b3-b4c9-827d0c7ba64a,2020-12-15,2020-12-16,162.57,0.1662115233475995,1,0.0,177.47,162.57,177.47
db4bd51e-2932-42ab-02c8-1f40e08f9962,4c4bc7b4-117e-47b3-b4c9-827d0c7ba64a,2020-12-16,2020-12-17,149.71,0.0390004630026739,0,181.34931666666665,162.57,31.639316666666616,181.34931666666665
db4bd51e-2932-42ab-02c8-1f40e08f9962,4c4bc7b4-117e-47b3-b4c9-827d0c7ba64a,2020-12-17,2020-12-18,151.65,0.0972732189592191,0,182.6460333333333,149.71,30.99603333333326,182.6460333333333
db4bd51e-2932-42ab-02c8-1f40e08f9962,4c4bc7b4-117e-47b3-b4c9-827d0c7ba64a,2020-12-18,2020-12-19,172.26,0.05286776783425,0,181.33789444444443,151.65,9.07789444444444,181.33789444444443
db4bd51e-2932-42ab-02c8-1f40e08f9962,4c4bc7b4-117e-47b3-b4c9-827d0c7ba64a,2020-12-19,2020-12-20,169.84,0.0908771731559705,0,179.28975000000003,172.26,9.449750000000051,179.28975000000003
db4bd51e-2932-42ab-02c8-1f40e08f9962,4c4bc7b4-117e-47b3-b4c9-827d0c7ba64a,2020-12-20,2020-12-21,148.9,0.1149047140640231,0,179.3058194444444,169.84,30.405819444444404,179.3058194444444
db4bd51e-2932-42ab-02c8-1f40e08f9962,4c4bc7b4-117e-47b3-b4c9-827d0c7ba64a,2020-12-21,2020-12-22,0.0,0.0793949769080068,0,180.06601111111104,148.9,180.06601111111104,180.06601111111104
db4bd51e-2932-42ab-02c8-1f40e08f9962,4c4bc7b4-117e-47b3-b4c9-827d0c7ba64a,2020-12-22,2020-12-23,156.42,0.017535081262471,0,180.5106333333333,0.0,24.09063333333333,180.5106333333333
db4bd51e-2932-42ab-02c8-1f40e08f9962,4c4bc7b4-117e-47b3-b4c9-827d0c7ba64a,2020-12-23,2020-12-24,157.19,0.1390837408022971,0,187.01959444444444,156.42,29.82959444444444,187.01959444444444
db4bd51e-2932-42ab-02c8-1f40e08f9962,4c4bc7b4-117e-47b3-b4c9-827d0c7ba64a,2020-12-24,2020-12-25,148.31,0.1294007012544519,0,182.73301666666677,157.19,34.42301666666674,182.73301666666677
db4bd51e-2932-42ab-02c8-1f40e08f9962,4c4bc7b4-117e-47b3-b4c9-827d0c7ba64a,2020-12-25,2020-12-26,155.51,0.0791959778808606,0,184.6133,148.31,29.10329999999999,184.6133
db4bd51e-2932-42ab-02c8-1f40e08f9962,4c4bc7b4-117e-47b3-b4c9-827d0c7ba64a,2020-12-26,2020-12-27,150.5,0.0983598787594037,0,182.47288888888903,155.51,31.97288888888903,182.47288888888903
db4bd51e-2932-42ab-02c8-1f40e08f9962,4c4bc7b4-117e-47b3-b4c9-827d0c7ba64a,2020-12-27,2020-12-28,168.75,0.099300757490104,0,182.11840000000004,150.5,13.368400000000037,182.11840000000004
db4bd51e-2932-42ab-02c8-1f40e08f9962,4c4bc7b4-117e-47b3-b4c9-827d0c7ba64a,2020-12-28,2020-12-29,150.82,0.1362327819118851,0,181.2137333333335,168.75,30.3937333333335,181.2137333333335
db4bd51e-2932-42ab-02c8-1f40e08f9962,4c4bc7b4-117e-47b3-b4c9-827d0c7ba64a,2020-12-29,2020-12-30,167.64,0.1893801041345287,1,0.0,150.82,167.64,150.82
db4bd51e-2932-42ab-02c8-1f40e08f9962,4c4bc7b4-117e-47b3-b4c9-827d0c7ba64a,2020-12-30,2020-12-31,155.07,0.0777269998565738,0,182.7739555555553,167.64,27.703955555555268,182.7739555555553
e917f688-a2df-4ddb-57d2-dea580e50ca9,fd03d0d4-e46a-488c-fa66-6d525011cbb7,2020-08-23,2020-08-24,756.92,0.1339587831806379,0,792.1897277777789,855.19,35.26972777777894,792.1897277777789
e917f688-a2df-4ddb-57d2-dea580e50ca9,fd03d0d4-e46a-488c-fa66-6d525011cbb7,2020-08-24,2020-08-25,776.68,0.0467870630878827,0,821.8490805555555,756.92,45.16908055555552,821.8490805555555
e917f688-a2df-4ddb-57d2-dea580e50ca9,fd03d0d4-e46a-488c-fa66-6d525011cbb7,2020-08-25,2020-08-26,744.81,0.3159870823111426,1,0.0,776.68,744.81,776.68
e917f688-a2df-4ddb-57d2-dea580e50ca9,fd03d0d4-e46a-488c-fa66-6d525011cbb7,2020-08-26,2020-08-27,799.85,0.1267870067899278,0,779.1643388888896,744.81,20.68566111111045,779.1643388888896
e917f688-a2df-4ddb-57d2-dea580e50ca9,fd03d0d4-e46a-488c-fa66-6d525011cbb7,2020-08-27,2020-08-28,800.47,0.1530704890679153,1,0.0,799.85,800.47,799.85
e917f688-a2df-4ddb-57d2-dea580e50ca9,fd03d0d4-e46a-488c-fa66-6d525011cbb7,2020-08-28,2020-08-29,745.94,0.2061923193413248,1,0.0,800.47,745.94,800.47
e917f688-a2df-4ddb-57d2-dea580e50ca9,fd03d0d4-e46a-488c-fa66-6d525011cbb7,2020-08-29,2020-08-30,787.81,0.2122559764806157,1,0.0,745.94,787.81,745.94
e917f688-a2df-4ddb-57d2-dea580e50ca9,fd03d0d4-e46a-488c-fa66-6d525011cbb7,2020-08-30,2020-08-31,755.22,0.1509980628171079,1,0.0,787.81,755.22,787.81
e917f688-a2df-4ddb-57d2-dea580e50ca9,fd03d0d4-e46a-488c-fa66-6d525011cbb7,2020-08-31,2020-09-01,726.2,0.1187125309310979,0,790.6534277777789,755.22,64.45342777777887,790.6534277777789
e917f688-a2df-4ddb-57d2-dea580e50ca9,fd03d0d4-e46a-488c-fa66-6d525011cbb7,2020-09-01,2020-09-02,768.71,0.1016959416437796,0,782.7730388888897,726.2,14.06303888888965,782.7730388888897
e917f688-a2df-4ddb-57d2-dea580e50ca9,fd03d0d4-e46a-488c-fa66-6d525011cbb7,2020-09-02,2020-09-03,778.64,0.1259137603943058,0,774.6581166666678,768.71,3.9818833333322345,774.6581166666678
e917f688-a2df-4ddb-57d2-dea580e50ca9,fd03d0d4-e46a-488c-fa66-6d525011cbb7,2020-09-03,2020-09-04,780.87,0.3183099749485695,1,0.0,778.64,780.87,778.64
e917f688-a2df-4ddb-57d2-dea580e50ca9,fd03d0d4-e46a-488c-fa66-6d525011cbb7,2020-09-04,2020-09-05,723.5,0.2004706509361025,1,0.0,780.87,723.5,780.87
e917f688-a2df-4ddb-57d2-dea580e50ca9,fd03d0d4-e46a-488c-fa66-6d525011cbb7,2020-09-05,2020-09-06,748.27,0.1674826258606613,1,0.0,723.5,748.27,723.5
e917f688-a2df-4ddb-57d2-dea580e50ca9,fd03d0d4-e46a-488c-fa66-6d525011cbb7,2020-09-06,2020-09-07,697.08,0.1025406974237645,0,741.861866666667,748.27,44.78186666666693,741.861866666667
e917f688-a2df-4ddb-57d2-dea580e50ca9,fd03d0d4-e46a-488c-fa66-6d525011cbb7,2020-09-07,2020-09-08,761.13,0.0747613229846216,0,757.9131777777786,697.08,3.216822222221367,757.9131777777786
e917f688-a2df-4ddb-57d2-dea580e50ca9,fd03d0d4-e46a-488c-fa66-6d525011cbb7,2020-09-08,2020-09-09,758.88,0.0702578740681763,0,750.3511833333333,761.13,8.528816666666671,750.3511833333333
e917f688-a2df-4ddb-57d2-dea580e50ca9,fd03d0d4-e46a-488c-fa66-6d525011cbb7,2020-09-09,2020-09-10,703.54,0.1281160400856633,0,793.2140944444455,758.88,89.67409444444559,793.2140944444455
e917f688-a2df-4ddb-57d2-dea580e50ca9,fd03d0d4-e46a-488c-fa66-6d525011cbb7,2020-09-10,2020-09-11,702.27,0.1644649537891404,1,0.0,703.54,702.27,703.54
e917f688-a2df-4ddb-57d2-dea580e50ca9,fd03d0d4-e46a-488c-fa66-6d525011cbb7,2020-09-11,2020-09-12,776.69,0.0896763225625515,0,789.3228277777787,702.27,12.63282777777863,789.3228277777787
e917f688-a2df-4ddb-57d2-dea580e50ca9,fd03d0d4-e46a-488c-fa66-6d525011cbb7,2020-09-12,2020-09-13,804.34,0.1131820065381852,0,767.238616666667,776.69,37.10138333333305,767.238616666667
e917f688-a2df-4ddb-57d2-dea580e50ca9,fd03d0d4-e46a-488c-fa66-6d525011cbb7,2020-09-13,2020-09-14,723.13,0.1899037049843081,1,0.0,804.34,723.13,804.34
e917f688-a2df-4ddb-57d2-dea580e50ca9,fd03d0d4-e46a-488c-fa66-6d525011cbb7,2020-09-14,2020-09-15,748.62,0.0767220726520886,0,785.3488611111117,723.13,36.728861111111655,785.3488611111117
e917f688-a2df-4ddb-57d2-dea580e50ca9,fd03d0d4-e46a-488c-fa66-6d525011cbb7,2020-09-15,2020-09-16,699.16,0.1728702395989711,1,0.0,748.62,699.16,748.62
e917f688-a2df-4ddb-57d2-dea580e50ca9,fd03d0d4-e46a-488c-fa66-6d525011cbb7,2020-09-16,2020-09-17,787.6,0.1321263349430675,0,760.5333277777783,699.16,27.06667222222177,760.5333277777783
e917f688-a2df-4ddb-57d2-dea580e50ca9,fd03d0d4-e46a-488c-fa66-6d525011cbb7,2020-09-17,2020-09-18,811.01,0.1162462755586129,0,753.9017666666665,787.6,57.10823333333349,753.9017666666665
e917f688-a2df-4ddb-57d2-dea580e50ca9,fd03d0d4-e46a-488c-fa66-6d525011cbb7,2020-09-18,2020-09-19,710.86,0.2439138528117672,1,0.0,811.01,710.86,811.01
e917f688-a2df-4ddb-57d2-dea580e50ca9,fd03d0d4-e46a-488c-fa66-6d525011cbb7,2020-09-19,2020-09-20,700.86,0.181899503470808,1,0.0,710.86,700.86,710.86
e917f688-a2df-4ddb-57d2-dea580e50ca9,fd03d0d4-e46a-488c-fa66-6d525011cbb7,2020-09-20,2020-09-21,744.36,0.1146777207838036,0,768.769072222223,700.86,24.409072222223017,768.769072222223
e917f688-a2df-4ddb-57d2-dea580e50ca9,fd03d0d4-e46a-488c-fa66-6d525011cbb7,2020-09-21,2020-09-22,759.34,0.1465252029882508,0,743.8918444444448,744.36,15.448155555555218,743.8918444444448
e917f688-a2df-4ddb-57d2-dea580e50ca9,fd03d0d4-e46a-488c-fa66-6d525011cbb7,2020-09-22,2020-09-23,704.7,0.0609198456319734,0,752.6111333333341,759.34,47.91113333333408,752.6111333333341
e917f688-a2df-4ddb-57d2-dea580e50ca9,fd03d0d4-e46a-488c-fa66-6d525011cbb7,2020-09-23,2020-09-24,706.5,0.1496019551624479,0,768.7789166666668,704.7,62.27891666666676,768.7789166666668
e917f688-a2df-4ddb-57d2-dea580e50ca9,fd03d0d4-e46a-488c-fa66-6d525011cbb7,2020-09-24,2020-09-25,791.0,0.1340368864712119,0,754.7405222222227,706.5,36.259477777777306,754.7405222222227
e917f688-a2df-4ddb-57d2-dea580e50ca9,fd03d0d4-e46a-488c-fa66-6d525011cbb7,2020-09-25,2020-09-26,690.15,0.2321074660814387,1,0.0,791.0,690.15,791.0
e917f688-a2df-4ddb-57d2-dea580e50ca9,fd03d0d4-e46a-488c-fa66-6d525011cbb7,2020-09-26,2020-09-27,695.46,0.1575963071267311,1,0.0,690.15,695.46,690.15
e917f688-a2df-4ddb-57d2-dea580e50ca9,fd03d0d4-e46a-488c-fa66-6d525011cbb7,2020-09-27,2020-09-28,744.11,0.2425552746267538,1,0.0,695.46,744.11,695.46
e917f688-a2df-4ddb-57d2-dea580e50ca9,fd03d0d4-e46a-488c-fa66-6d525011cbb7,2020-09-28,2020-09-29,822.95,0.0845650365929986,0,748.7081000000003,744.11,74.24189999999976,748.7081000000003
e917f688-a2df-4ddb-57d2-dea580e50ca9,fd03d0d4-e46a-488c-fa66-6d525011cbb7,2020-09-29,2020-09-30,730.68,0.0919751014942601,0,761.9202277777787,822.95,31.240227777778728,761.9202277777787
e917f688-a2df-4ddb-57d2-dea580e50ca9,fd03d0d4-e46a-488c-fa66-6d525011cbb7,2020-09-30,2020-10-01,706.16,0.0687325181286904,0,770.7986611111115,730.68,64.63866111111156,770.7986611111115
e917f688-a2df-4ddb-57d2-dea580e50ca9,fd03d0d4-e46a-488c-fa66-6d525011cbb7,2020-10-01,2020-10-02,769.33,0.108068576975614,0,753.4259777777775,706.16,15.90402222222258,753.4259777777775
e917f688-a2df-4ddb-57d2-dea580e50ca9,fd03d0d4-e46a-488c-fa66-6d525011cbb7,2020-10-02,2020-10-03,792.3,0.1880953239553566,1,0.0,769.33,792.3,769.33
e917f688-a2df-4ddb-57d2-dea580e50ca9,fd03d0d4-e46a-488c-fa66-6d525011cbb7,2020-10-03,2020-10-04,801.55,0.1430196630454523,0,759.1536500000003,792.3,42.39634999999964,759.1536500000003
e917f688-a2df-4ddb-57d2-dea580e50ca9,fd03d0d4-e46a-488c-fa66-6d525011cbb7,2020-10-04,2020-10-05,762.84,0.1465797824907597,0,753.1457277777778,801.55,9.694272222222253,753.1457277777778
e917f688-a2df-4ddb-57d2-dea580e50ca9,fd03d0d4-e46a-488c-fa66-6d525011cbb7,2020-10-05,2020-10-06,770.83,0.1200271849862335,0,755.8540111111113,762.84,14.975988888888764,755.8540111111113
e917f688-a2df-4ddb-57d2-dea580e50ca9,fd03d0d4-e46a-488c-fa66-6d525011cbb7,2020-10-06,2020-10-07,771.34,0.168599377673531,1,0.0,770.83,771.34,770.83
e917f688-a2df-4ddb-57d2-dea580e50ca9,fd03d0d4-e46a-488c-fa66-6d525011cbb7,2020-10-07,2020-10-08,755.55,0.1289355922762092,0,756.972933333334,771.34,1.422933333334072,756.972933333334
e917f688-a2df-4ddb-57d2-dea580e50ca9,fd03d0d4-e46a-488c-fa66-6d525011cbb7,2020-10-08,2020-10-09,819.18,0.0910322475594162,0,742.2074111111114,755.55,76.9725888888886,742.2074111111114
e917f688-a2df-4ddb-57d2-dea580e50ca9,fd03d0d4-e46a-488c-fa66-6d525011cbb7,2020-10-09,2020-10-10,749.9,0.1207074758140243,0,747.0611388888892,819.18,2.83886111111076,747.0611388888892
e917f688-a2df-4ddb-57d2-dea580e50ca9,fd03d0d4-e46a-488c-fa66-6d525011cbb7,2020-10-10,2020-10-11,744.29,0.0903072219582532,0,744.2096000000004,749.9,0.0803999999995994,744.2096000000004
e917f688-a2df-4ddb-57d2-dea580e50ca9,fd03d0d4-e46a-488c-fa66-6d525011cbb7,2020-10-11,2020-10-12,780.27,0.1406333720733662,0,747.8555222222227,744.29,32.41447777777728,747.8555222222227
e917f688-a2df-4ddb-57d2-dea580e50ca9,fd03d0d4-e46a-488c-fa66-6d525011cbb7,2020-10-12,2020-10-13,754.59,0.0852128883881176,0,749.6945277777783,780.27,4.89547222222177,749.6945277777783
e917f688-a2df-4ddb-57d2-dea580e50ca9,fd03d0d4-e46a-488c-fa66-6d525011cbb7,2020-10-13,2020-10-14,822.31,0.0875770548063612,0,745.6672388888898,754.59,76.64276111111019,745.6672388888898
e917f688-a2df-4ddb-57d2-dea580e50ca9,fd03d0d4-e46a-488c-fa66-6d525011cbb7,2020-10-14,2020-10-15,824.21,0.1772067743044858,1,0.0,822.31,824.21,822.31
e917f688-a2df-4ddb-57d2-dea580e50ca9,fd03d0d4-e46a-488c-fa66-6d525011cbb7,2020-10-15,2020-10-16,711.33,0.217391789554535,1,0.0,824.21,711.33,824.21
e917f688-a2df-4ddb-57d2-dea580e50ca9,fd03d0d4-e46a-488c-fa66-6d525011cbb7,2020-10-16,2020-10-17,776.69,0.2404736412235164,1,0.0,711.33,776.69,711.33
e917f688-a2df-4ddb-57d2-dea580e50ca9,fd03d0d4-e46a-488c-fa66-6d525011cbb7,2020-10-17,2020-10-18,747.09,0.2177077618518813,1,0.0,776.69,747.09,776.69
e917f688-a2df-4ddb-57d2-dea580e50ca9,fd03d0d4-e46a-488c-fa66-6d525011cbb7,2020-10-18,2020-10-19,757.93,0.1927515048778106,1,0.0,747.09,757.93,747.09
e917f688-a2df-4ddb-57d2-dea580e50ca9,fd03d0d4-e46a-488c-fa66-6d525011cbb7,2020-10-19,2020-10-20,789.96,0.1034932439232926,0,749.3345166666675,757.93,40.62548333333257,749.3345166666675
e917f688-a2df-4ddb-57d2-dea580e50ca9,fd03d0d4-e46a-488c-fa66-6d525011cbb7,2020-10-20,2020-10-21,734.58,0.1235881337597288,0,750.1466999999997,789.96,15.566699999999628,750.1466999999997
e917f688-a2df-4ddb-57d2-dea580e50ca9,fd03d0d4-e46a-488c-fa66-6d525011cbb7,2020-10-21,2020-10-22,0.0,0.1192671484005719,0,747.8273555555561,734.58,747.8273555555561,747.8273555555561
e917f688-a2df-4ddb-57d2-dea580e50ca9,fd03d0d4-e46a-488c-fa66-6d525011cbb7,2020-10-22,2020-10-23,723.02,0.0032334707281927,0,763.0332166666673,0.0,40.01321666666729,763.0332166666673
e917f688-a2df-4ddb-57d2-dea580e50ca9,fd03d0d4-e46a-488c-fa66-6d525011cbb7,2020-10-23,2020-10-24,738.57,0.0832187154122158,0,744.6611666666665,723.02,6.091166666666481,744.6611666666665
e917f688-a2df-4ddb-57d2-dea580e50ca9,fd03d0d4-e46a-488c-fa66-6d525011cbb7,2020-10-24,2020-10-25,672.84,0.0775862218652579,0,761.8370000000006,738.57,88.99700000000053,761.8370000000006
e917f688-a2df-4ddb-57d2-dea580e50ca9,fd03d0d4-e46a-488c-fa66-6d525011cbb7,2020-10-25,2020-10-26,730.22,0.080321099590234,0,761.5543111111119,672.84,31.3343111111119,761.5543111111119
e917f688-a2df-4ddb-57d2-dea580e50ca9,fd03d0d4-e46a-488c-fa66-6d525011cbb7,2020-10-26,2020-10-27,742.53,0.0628414126133188,0,738.9141277777785,730.22,3.615872222221469,738.9141277777785
e917f688-a2df-4ddb-57d2-dea580e50ca9,fd03d0d4-e46a-488c-fa66-6d525011cbb7,2020-10-27,2020-10-28,776.95,0.0827220663818896,0,756.7250555555561,742.53,20.224944444443963,756.7250555555561
e917f688-a2df-4ddb-57d2-dea580e50ca9,fd03d0d4-e46a-488c-fa66-6d525011cbb7,2020-10-28,2020-10-29,720.45,0.1118087229381292,0,746.6807555555554,776.95,26.230755555555334,746.6807555555554
e917f688-a2df-4ddb-57d2-dea580e50ca9,fd03d0d4-e46a-488c-fa66-6d525011cbb7,2020-10-29,2020-10-30,757.77,0.092445603160733,0,793.8054305555552,720.45,36.0354305555552,793.8054305555552
e917f688-a2df-4ddb-57d2-dea580e50ca9,fd03d0d4-e46a-488c-fa66-6d525011cbb7,2020-10-30,2020-10-31,744.79,0.2310868474778401,1,0.0,757.77,744.79,757.77
e917f688-a2df-4ddb-57d2-dea580e50ca9,fd03d0d4-e46a-488c-fa66-6d525011cbb7,2020-10-31,2020-11-01,774.02,0.1150249831194347,0,754.3226388888891,744.79,19.69736111111092,754.3226388888891
e917f688-a2df-4ddb-57d2-dea580e50ca9,fd03d0d4-e46a-488c-fa66-6d525011cbb7,2020-11-01,2020-11-02,786.13,0.1170277999059369,0,743.928905555556,774.02,42.20109444444404,743.928905555556
e917f688-a2df-4ddb-57d2-dea580e50ca9,fd03d0d4-e46a-488c-fa66-6d525011cbb7,2020-11-02,2020-11-03,726.0,0.1284548857233037,0,752.4781833333332,786.13,26.478183333333163,752.4781833333332
e917f688-a2df-4ddb-57d2-dea580e50ca9,fd03d0d4-e46a-488c-fa66-6d525011cbb7,2020-11-03,2020-11-04,785.74,0.0793231643799874,0,752.133822222222,726.0,33.60617777777804,752.133822222222
e917f688-a2df-4ddb-57d2-dea580e50ca9,fd03d0d4-e46a-488c-fa66-6d525011cbb7,2020-11-04,2020-11-05,778.11,0.0827779279203633,0,741.7409333333337,785.74,36.3690666666663,741.7409333333337
e917f688-a2df-4ddb-57d2-dea580e50ca9,fd03d0d4-e46a-488c-fa66-6d525011cbb7,2020-11-05,2020-11-06,728.27,0.125171029740851,0,753.6533222222218,778.11,25.383322222221864,753.6533222222218
e917f688-a2df-4ddb-57d2-dea580e50ca9,fd03d0d4-e46a-488c-fa66-6d525011cbb7,2020-11-06,2020-11-07,780.78,0.1465635363822501,0,746.7976111111111,728.27,33.98238888888886,746.7976111111111
e917f688-a2df-4ddb-57d2-dea580e50ca9,fd03d0d4-e46a-488c-fa66-6d525011cbb7,2020-11-07,2020-11-08,749.73,0.1227175345871207,0,742.3563555555553,780.78,7.373644444444722,742.3563555555553
e917f688-a2df-4ddb-57d2-dea580e50ca9,fd03d0d4-e46a-488c-fa66-6d525011cbb7,2020-11-08,2020-11-09,766.73,0.2382192616810058,1,0.0,749.73,766.73,749.73
e917f688-a2df-4ddb-57d2-dea580e50ca9,fd03d0d4-e46a-488c-fa66-6d525011cbb7,2020-11-09,2020-11-10,761.17,0.1023270610712386,0,744.5824666666668,766.73,16.587533333333113,744.5824666666668
e917f688-a2df-4ddb-57d2-dea580e50ca9,fd03d0d4-e46a-488c-fa66-6d525011cbb7,2020-11-10,2020-11-11,720.26,0.0771600236897152,0,748.8606999999996,761.17,28.60069999999962,748.8606999999996
e917f688-a2df-4ddb-57d2-dea580e50ca9,fd03d0d4-e46a-488c-fa66-6d525011cbb7,2020-11-11,2020-11-12,716.83,0.1122880733453062,0,745.0037333333335,720.26,28.173733333333416,745.0037333333335
e917f688-a2df-4ddb-57d2-dea580e50ca9,fd03d0d4-e46a-488c-fa66-6d525011cbb7,2020-11-12,2020-11-13,789.08,0.2092719765791768,1,0.0,716.83,789.08,716.83
e917f688-a2df-4ddb-57d2-dea580e50ca9,fd03d0d4-e46a-488c-fa66-6d525011cbb7,2020-11-13,2020-11-14,721.83,0.1013565073710059,0,741.5337000000003,789.08,19.703700000000254,741.5337000000003
e917f688-a2df-4ddb-57d2-dea580e50ca9,fd03d0d4-e46a-488c-fa66-6d525011cbb7,2020-11-14,2020-11-15,667.67,0.1382115272388367,0,747.9982833333332,721.83,80.32828333333327,747.9982833333332
e917f688-a2df-4ddb-57d2-dea580e50ca9,fd03d0d4-e46a-488c-fa66-6d525011cbb7,2020-11-15,2020-11-16,712.19,0.1096343112941465,0,748.2100611111108,667.67,36.02006111111075,748.2100611111108
e917f688-a2df-4ddb-57d2-dea580e50ca9,fd03d0d4-e46a-488c-fa66-6d525011cbb7,2020-11-16,2020-11-17,784.42,0.0892785355724149,0,740.2362222222224,712.19,44.18377777777755,740.2362222222224
e917f688-a2df-4ddb-57d2-dea580e50ca9,fd03d0d4-e46a-488c-fa66-6d525011cbb7,2020-11-17,2020-11-18,793.41,0.1232037002813998,0,742.3584611111116,784.42,51.05153888888833,742.3584611111116
e917f688-a2df-4ddb-57d2-dea580e50ca9,fd03d0d4-e46a-488c-fa66-6d525011cbb7,2020-11-18,2020-11-19,780.34,0.094818324321762,0,747.8574611111113,793.41,32.48253888888871,747.8574611111113
e917f688-a2df-4ddb-57d2-dea580e50ca9,fd03d0d4-e46a-488c-fa66-6d525011cbb7,2020-11-19,2020-11-20,722.58,0.1213162690862229,0,748.333355555556,780.34,25.753355555555917,748.333355555556
e917f688-a2df-4ddb-57d2-dea580e50ca9,fd03d0d4-e46a-488c-fa66-6d525011cbb7,2020-11-20,2020-11-21,724.28,0.1584241941929844,1,0.0,722.58,724.28,722.58
e917f688-a2df-4ddb-57d2-dea580e50ca9,fd03d0d4-e46a-488c-fa66-6d525011cbb7,2020-11-21,2020-11-22,750.71,0.134215632929982,0,749.7163222222221,724.28,0.9936777777779752,749.7163222222221
e917f688-a2df-4ddb-57d2-dea580e50ca9,fd03d0d4-e46a-488c-fa66-6d525011cbb7,2020-11-22,2020-11-23,758.05,0.1544830415920498,1,0.0,750.71,758.05,750.71
e917f688-a2df-4ddb-57d2-dea580e50ca9,fd03d0d4-e46a-488c-fa66-6d525011cbb7,2020-11-23,2020-11-24,664.92,0.0700755629770144,0,747.7405444444445,758.05,82.82054444444452,747.7405444444445
e917f688-a2df-4ddb-57d2-dea580e50ca9,fd03d0d4-e46a-488c-fa66-6d525011cbb7,2020-11-24,2020-11-25,703.07,0.0810431319300802,0,752.4011500000004,664.92,49.33115000000032,752.4011500000004
e917f688-a2df-4ddb-57d2-dea580e50ca9,fd03d0d4-e46a-488c-fa66-6d525011cbb7,2020-11-25,2020-11-26,739.0,0.0968294949904208,0,748.6988611111112,703.07,9.698861111111228,748.6988611111112
e917f688-a2df-4ddb-57d2-dea580e50ca9,fd03d0d4-e46a-488c-fa66-6d525011cbb7,2020-11-26,2020-11-27,724.38,0.1521103950549554,1,0.0,739.0,724.38,739.0
e917f688-a2df-4ddb-57d2-dea580e50ca9,fd03d0d4-e46a-488c-fa66-6d525011cbb7,2020-11-27,2020-11-28,706.01,0.1578321464020853,1,0.0,724.38,706.01,724.38
e917f688-a2df-4ddb-57d2-dea580e50ca9,fd03d0d4-e46a-488c-fa66-6d525011cbb7,2020-11-28,2020-11-29,750.55,0.1371441837600362,0,753.5020944444443,706.01,2.952094444444356,753.5020944444443
e917f688-a2df-4ddb-57d2-dea580e50ca9,fd03d0d4-e46a-488c-fa66-6d525011cbb7,2020-11-29,2020-11-30,713.59,0.1361229453883403,0,749.6177722222224,750.55,36.027772222222325,749.6177722222224
e917f688-a2df-4ddb-57d2-dea580e50ca9,fd03d0d4-e46a-488c-fa66-6d525011cbb7,2020-11-30,2020-12-01,667.86,0.0707810708643204,0,760.2444611111115,713.59,92.38446111111148,760.2444611111115
e917f688-a2df-4ddb-57d2-dea580e50ca9,fd03d0d4-e46a-488c-fa66-6d525011cbb7,2020-12-01,2020-12-02,770.41,0.1203305880275692,0,740.1849333333325,667.86,30.22506666666743,740.1849333333325
e917f688-a2df-4ddb-57d2-dea580e50ca9,fd03d0d4-e46a-488c-fa66-6d525011cbb7,2020-12-02,2020-12-03,729.04,0.1320875090324164,0,746.3970277777782,770.41,17.357027777778285,746.3970277777782
e917f688-a2df-4ddb-57d2-dea580e50ca9,fd03d0d4-e46a-488c-fa66-6d525011cbb7,2020-12-03,2020-12-04,744.77,0.1114868536295209,0,752.8977833333337,729.04,8.127783333333696,752.8977833333337
e917f688-a2df-4ddb-57d2-dea580e50ca9,fd03d0d4-e46a-488c-fa66-6d525011cbb7,2020-12-04,2020-12-05,693.11,0.1533362843247288,1,0.0,744.77,693.11,744.77
e917f688-a2df-4ddb-57d2-dea580e50ca9,fd03d0d4-e46a-488c-fa66-6d525011cbb7,2020-12-05,2020-12-06,696.79,0.1723799409860152,1,0.0,693.11,696.79,693.11
e917f688-a2df-4ddb-57d2-dea580e50ca9,fd03d0d4-e46a-488c-fa66-6d525011cbb7,2020-12-06,2020-12-07,670.39,0.1373953847216902,0,746.4214777777781,696.79,76.03147777777815,746.4214777777781
e917f688-a2df-4ddb-57d2-dea580e50ca9,fd03d0d4-e46a-488c-fa66-6d525011cbb7,2020-12-07,2020-12-08,745.24,0.0991782248085727,0,742.5700111111113,670.39,2.6699888888887244,742.5700111111113
e917f688-a2df-4ddb-57d2-dea580e50ca9,fd03d0d4-e46a-488c-fa66-6d525011cbb7,2020-12-08,2020-12-09,723.02,0.0423453146013597,0,742.2927388888892,745.24,19.272738888889197,742.2927388888892
e917f688-a2df-4ddb-57d2-dea580e50ca9,fd03d0d4-e46a-488c-fa66-6d525011cbb7,2020-12-09,2020-12-10,775.02,0.1111782648862878,0,755.1784611111119,723.02,19.841538888888067,755.1784611111119
e917f688-a2df-4ddb-57d2-dea580e50ca9,fd03d0d4-e46a-488c-fa66-6d525011cbb7,2020-12-10,2020-12-11,707.28,0.0942765207547907,0,754.2264166666669,775.02,46.94641666666689,754.2264166666669
e917f688-a2df-4ddb-57d2-dea580e50ca9,fd03d0d4-e46a-488c-fa66-6d525011cbb7,2020-12-11,2020-12-12,694.44,0.1404641421733331,0,754.6185944444445,707.28,60.17859444444446,754.6185944444445
e917f688-a2df-4ddb-57d2-dea580e50ca9,fd03d0d4-e46a-488c-fa66-6d525011cbb7,2020-12-12,2020-12-13,692.97,0.1413848343204699,0,744.1831055555554,694.44,51.21310555555533,744.1831055555554
e917f688-a2df-4ddb-57d2-dea580e50ca9,fd03d0d4-e46a-488c-fa66-6d525011cbb7,2020-12-13,2020-12-14,756.73,0.1802920191261439,1,0.0,692.97,756.73,692.97
e917f688-a2df-4ddb-57d2-dea580e50ca9,fd03d0d4-e46a-488c-fa66-6d525011cbb7,2020-12-14,2020-12-15,817.9,0.0803472140214407,0,736.95445,756.73,80.94555000000003,736.95445
e917f688-a2df-4ddb-57d2-dea580e50ca9,fd03d0d4-e46a-488c-fa66-6d525011cbb7,2020-12-15,2020-12-16,714.98,0.1192079891963435,0,747.7228777777781,817.9,32.74287777777806,747.7228777777781
e917f688-a2df-4ddb-57d2-dea580e50ca9,fd03d0d4-e46a-488c-fa66-6d525011cbb7,2020-12-16,2020-12-17,749.99,0.0669090591585422,0,755.1063944444448,714.98,5.116394444444836,755.1063944444448
e917f688-a2df-4ddb-57d2-dea580e50ca9,fd03d0d4-e46a-488c-fa66-6d525011cbb7,2020-12-17,2020-12-18,708.37,0.1027940796827668,0,744.4725111111115,749.99,36.10251111111154,744.4725111111115
e917f688-a2df-4ddb-57d2-dea580e50ca9,fd03d0d4-e46a-488c-fa66-6d525011cbb7,2020-12-18,2020-12-19,712.43,0.0750682065095136,0,752.016866666667,708.37,39.58686666666711,752.016866666667
e917f688-a2df-4ddb-57d2-dea580e50ca9,fd03d0d4-e46a-488c-fa66-6d525011cbb7,2020-12-19,2020-12-20,685.23,0.1252638897371824,0,743.7784444444443,712.43,58.54844444444427,743.7784444444443
e917f688-a2df-4ddb-57d2-dea580e50ca9,fd03d0d4-e46a-488c-fa66-6d525011cbb7,2020-12-20,2020-12-21,730.15,0.0963342074109807,0,746.2782888888888,685.23,16.128288888888846,746.2782888888888
e917f688-a2df-4ddb-57d2-dea580e50ca9,fd03d0d4-e46a-488c-fa66-6d525011cbb7,2020-12-21,2020-12-22,702.96,0.0696852329810244,0,739.6593000000006,730.15,36.69930000000056,739.6593000000006
e917f688-a2df-4ddb-57d2-dea580e50ca9,fd03d0d4-e46a-488c-fa66-6d525011cbb7,2020-12-22,2020-12-23,692.4,0.0662220324155064,0,757.8304444444449,702.96,65.4304444444449,757.8304444444449
e917f688-a2df-4ddb-57d2-dea580e50ca9,fd03d0d4-e46a-488c-fa66-6d525011cbb7,2020-12-23,2020-12-24,768.4,0.0920694233208591,0,749.3668888888891,692.4,19.033111111110884,749.3668888888891
e917f688-a2df-4ddb-57d2-dea580e50ca9,fd03d0d4-e46a-488c-fa66-6d525011cbb7,2020-12-24,2020-12-25,756.72,0.0887515085072922,0,747.4875944444449,768.4,9.232405555555149,747.4875944444449
e917f688-a2df-4ddb-57d2-dea580e50ca9,fd03d0d4-e46a-488c-fa66-6d525011cbb7,2020-12-25,2020-12-26,768.65,0.1421345947629963,0,756.2813166666668,756.72,12.368683333333138,756.2813166666668
e917f688-a2df-4ddb-57d2-dea580e50ca9,fd03d0d4-e46a-488c-fa66-6d525011cbb7,2020-12-26,2020-12-27,732.73,0.1922537185084328,1,0.0,768.65,732.73,768.65
e917f688-a2df-4ddb-57d2-dea580e50ca9,fd03d0d4-e46a-488c-fa66-6d525011cbb7,2020-12-27,2020-12-28,695.21,0.1357920530050826,0,747.4110500000003,732.73,52.20105000000024,747.4110500000003
e917f688-a2df-4ddb-57d2-dea580e50ca9,fd03d0d4-e46a-488c-fa66-6d525011cbb7,2020-12-28,2020-12-29,735.53,0.1399092517162961,0,753.0679111111109,695.21,17.53791111111093,753.0679111111109
e917f688-a2df-4ddb-57d2-dea580e50ca9,fd03d0d4-e46a-488c-fa66-6d525011cbb7,2020-12-29,2020-12-30,732.23,0.0962380697019489,0,739.404016666667,735.53,7.174016666666944,739.404016666667
e917f688-a2df-4ddb-57d2-dea580e50ca9,fd03d0d4-e46a-488c-fa66-6d525011cbb7,2020-12-30,2020-12-31,691.71,0.1342692715272307,0,747.7485277777778,732.23,56.03852777777775,747.7485277777778
eb73f476-3620-416d-2018-4705668c7d84,291aa1c6-c027-45a2-a129-c24ef9759940,2020-08-23,2020-08-24,1460.81,0.1154997201406957,0,1302.9295611111097,1284.58,157.88043888889047,1302.9295611111097
eb73f476-3620-416d-2018-4705668c7d84,291aa1c6-c027-45a2-a129-c24ef9759940,2020-08-24,2020-08-25,1391.89,0.1093412471790019,0,1351.0886555555562,1460.81,40.801344444443885,1351.0886555555562
eb73f476-3620-416d-2018-4705668c7d84,291aa1c6-c027-45a2-a129-c24ef9759940,2020-08-25,2020-08-26,1465.61,0.2050395630136558,1,0.0,1391.89,1465.61,1391.89
eb73f476-3620-416d-2018-4705668c7d84,291aa1c6-c027-45a2-a129-c24ef9759940,2020-08-26,2020-08-27,1376.2,0.1387741810373028,0,1344.3967166666662,1465.61,31.803283333333862,1344.3967166666662
eb73f476-3620-416d-2018-4705668c7d84,291aa1c6-c027-45a2-a129-c24ef9759940,2020-08-27,2020-08-28,1315.82,0.1106647017395841,0,1363.7403333333311,1376.2,47.9203333333312,1363.7403333333311
eb73f476-3620-416d-2018-4705668c7d84,291aa1c6-c027-45a2-a129-c24ef9759940,2020-08-28,2020-08-29,1464.37,0.143066101827599,0,1372.3961388888883,1315.82,91.97386111111156,1372.3961388888883
eb73f476-3620-416d-2018-4705668c7d84,291aa1c6-c027-45a2-a129-c24ef9759940,2020-08-29,2020-08-30,1217.53,0.1934093997405201,1,0.0,1464.37,1217.53,1464.37
eb73f476-3620-416d-2018-4705668c7d84,291aa1c6-c027-45a2-a129-c24ef9759940,2020-08-30,2020-08-31,1387.42,0.1912622037355912,1,0.0,1217.53,1387.42,1217.53
eb73f476-3620-416d-2018-4705668c7d84,291aa1c6-c027-45a2-a129-c24ef9759940,2020-08-31,2020-09-01,1173.69,0.170137272790825,1,0.0,1387.42,1173.69,1387.42
eb73f476-3620-416d-2018-4705668c7d84,291aa1c6-c027-45a2-a129-c24ef9759940,2020-09-01,2020-09-02,1436.44,0.1176590130827342,0,1354.9078277777778,1173.69,81.53217222222224,1354.9078277777778
eb73f476-3620-416d-2018-4705668c7d84,291aa1c6-c027-45a2-a129-c24ef9759940,2020-09-02,2020-09-03,1265.14,0.2829861421482317,1,0.0,1436.44,1265.14,1436.44
eb73f476-3620-416d-2018-4705668c7d84,291aa1c6-c027-45a2-a129-c24ef9759940,2020-09-03,2020-09-04,1311.22,0.1841403305125084,1,0.0,1265.14,1311.22,1265.14
eb73f476-3620-416d-2018-4705668c7d84,291aa1c6-c027-45a2-a129-c24ef9759940,2020-09-04,2020-09-05,1268.24,0.1619001583634673,1,0.0,1311.22,1268.24,1311.22
eb73f476-3620-416d-2018-4705668c7d84,291aa1c6-c027-45a2-a129-c24ef9759940,2020-09-05,2020-09-06,1370.68,0.1458277050344712,0,1373.0884055555543,1268.24,2.408405555554282,1373.0884055555543
eb73f476-3620-416d-2018-4705668c7d84,291aa1c6-c027-45a2-a129-c24ef9759940,2020-09-06,2020-09-07,1318.08,0.1754726902769771,1,0.0,1370.68,1318.08,1370.68
eb73f476-3620-416d-2018-4705668c7d84,291aa1c6-c027-45a2-a129-c24ef9759940,2020-09-07,2020-09-08,1425.1,0.109847840860364,0,1367.120777777778,1318.08,57.979222222222006,1367.120777777778
eb73f476-3620-416d-2018-4705668c7d84,291aa1c6-c027-45a2-a129-c24ef9759940,2020-09-08,2020-09-09,1286.48,0.1917961290525222,1,0.0,1425.1,1286.48,1425.1
eb73f476-3620-416d-2018-4705668c7d84,291aa1c6-c027-45a2-a129-c24ef9759940,2020-09-09,2020-09-10,1253.0,0.1424594118572509,0,1378.0851833333345,1286.48,125.08518333333429,1378.0851833333345
eb73f476-3620-416d-2018-4705668c7d84,291aa1c6-c027-45a2-a129-c24ef9759940,2020-09-10,2020-09-11,1297.93,0.1883881463268767,1,0.0,1253.0,1297.93,1253.0
eb73f476-3620-416d-2018-4705668c7d84,291aa1c6-c027-45a2-a129-c24ef9759940,2020-09-11,2020-09-12,1441.86,0.1898910884695111,1,0.0,1297.93,1441.86,1297.93
eb73f476-3620-416d-2018-4705668c7d84,291aa1c6-c027-45a2-a129-c24ef9759940,2020-09-12,2020-09-13,1399.23,0.2609177908374777,1,0.0,1441.86,1399.23,1441.86
eb73f476-3620-416d-2018-4705668c7d84,291aa1c6-c027-45a2-a129-c24ef9759940,2020-09-13,2020-09-14,1406.83,0.1628592806343829,1,0.0,1399.23,1406.83,1399.23
eb73f476-3620-416d-2018-4705668c7d84,291aa1c6-c027-45a2-a129-c24ef9759940,2020-09-14,2020-09-15,1291.34,0.1354562317197447,0,1367.891622222221,1406.83,76.55162222222111,1367.891622222221
eb73f476-3620-416d-2018-4705668c7d84,291aa1c6-c027-45a2-a129-c24ef9759940,2020-09-15,2020-09-16,1242.33,0.207909945889513,1,0.0,1291.34,1242.33,1291.34
eb73f476-3620-416d-2018-4705668c7d84,291aa1c6-c027-45a2-a129-c24ef9759940,2020-09-16,2020-09-17,1424.45,0.1569101722575981,1,0.0,1242.33,1424.45,1242.33
eb73f476-3620-416d-2018-4705668c7d84,291aa1c6-c027-45a2-a129-c24ef9759940,2020-09-17,2020-09-18,1238.09,0.2696561131080052,1,0.0,1424.45,1238.09,1424.45
eb73f476-3620-416d-2018-4705668c7d84,291aa1c6-c027-45a2-a129-c24ef9759940,2020-09-18,2020-09-19,1326.43,0.1522417279231289,1,0.0,1238.09,1326.43,1238.09
eb73f476-3620-416d-2018-4705668c7d84,291aa1c6-c027-45a2-a129-c24ef9759940,2020-09-19,2020-09-20,1282.32,0.2376187647593514,1,0.0,1326.43,1282.32,1326.43
eb73f476-3620-416d-2018-4705668c7d84,291aa1c6-c027-45a2-a129-c24ef9759940,2020-09-20,2020-09-21,1330.35,0.2318656181912063,1,0.0,1282.32,1330.35,1282.32
eb73f476-3620-416d-2018-4705668c7d84,291aa1c6-c027-45a2-a129-c24ef9759940,2020-09-21,2020-09-22,1216.47,0.1521966772788646,1,0.0,1330.35,1216.47,1330.35
eb73f476-3620-416d-2018-4705668c7d84,291aa1c6-c027-45a2-a129-c24ef9759940,2020-09-22,2020-09-23,1382.23,0.2026368056202502,1,0.0,1216.47,1382.23,1216.47
eb73f476-3620-416d-2018-4705668c7d84,291aa1c6-c027-45a2-a129-c24ef9759940,2020-09-23,2020-09-24,1418.26,0.3078385587560458,1,0.0,1382.23,1418.26,1382.23
eb73f476-3620-416d-2018-4705668c7d84,291aa1c6-c027-45a2-a129-c24ef9759940,2020-09-24,2020-09-25,1394.99,0.107191435235367,0,1372.8914555555546,1418.26,22.09854444444545,1372.8914555555546
eb73f476-3620-416d-2018-4705668c7d84,291aa1c6-c027-45a2-a129-c24ef9759940,2020-09-25,2020-09-26,1252.02,0.1587513895472393,1,0.0,1394.99,1252.02,1394.99
eb73f476-3620-416d-2018-4705668c7d84,291aa1c6-c027-45a2-a129-c24ef9759940,2020-09-26,2020-09-27,1352.37,0.154767321999396,1,0.0,1252.02,1352.37,1252.02
eb73f476-3620-416d-2018-4705668c7d84,291aa1c6-c027-45a2-a129-c24ef9759940,2020-09-27,2020-09-28,1311.7,0.3305795841397616,1,0.0,1352.37,1311.7,1352.37
eb73f476-3620-416d-2018-4705668c7d84,291aa1c6-c027-45a2-a129-c24ef9759940,2020-09-28,2020-09-29,1322.61,0.2123977207155961,1,0.0,1311.7,1322.61,1311.7
eb73f476-3620-416d-2018-4705668c7d84,291aa1c6-c027-45a2-a129-c24ef9759940,2020-09-29,2020-09-30,1436.71,0.2263267157642422,1,0.0,1322.61,1436.71,1322.61
eb73f476-3620-416d-2018-4705668c7d84,291aa1c6-c027-45a2-a129-c24ef9759940,2020-09-30,2020-10-01,1293.53,0.2056172538418114,1,0.0,1436.71,1293.53,1436.71
eb73f476-3620-416d-2018-4705668c7d84,291aa1c6-c027-45a2-a129-c24ef9759940,2020-10-01,2020-10-02,1367.32,0.1361533072896085,0,1373.785361111111,1293.53,6.465361111110724,1373.785361111111
eb73f476-3620-416d-2018-4705668c7d84,291aa1c6-c027-45a2-a129-c24ef9759940,2020-10-02,2020-10-03,1210.92,0.1469790169904279,0,1364.659327777778,1367.32,153.73932777777782,1364.659327777778
eb73f476-3620-416d-2018-4705668c7d84,291aa1c6-c027-45a2-a129-c24ef9759940,2020-10-03,2020-10-04,1325.75,0.2000903164213558,1,0.0,1210.92,1325.75,1210.92
eb73f476-3620-416d-2018-4705668c7d84,291aa1c6-c027-45a2-a129-c24ef9759940,2020-10-04,2020-10-05,1383.58,0.2309741732611658,1,0.0,1325.75,1383.58,1325.75
eb73f476-3620-416d-2018-4705668c7d84,291aa1c6-c027-45a2-a129-c24ef9759940,2020-10-05,2020-10-06,1310.44,0.1994344604798192,1,0.0,1383.58,1310.44,1383.58
eb73f476-3620-416d-2018-4705668c7d84,291aa1c6-c027-45a2-a129-c24ef9759940,2020-10-06,2020-10-07,1361.19,0.2157506091113361,1,0.0,1310.44,1361.19,1310.44
eb73f476-3620-416d-2018-4705668c7d84,291aa1c6-c027-45a2-a129-c24ef9759940,2020-10-07,2020-10-08,1267.24,0.1557804834755537,1,0.0,1361.19,1267.24,1361.19
eb73f476-3620-416d-2018-4705668c7d84,291aa1c6-c027-45a2-a129-c24ef9759940,2020-10-08,2020-10-09,1288.91,0.1689695101934278,1,0.0,1267.24,1288.91,1267.24
eb73f476-3620-416d-2018-4705668c7d84,291aa1c6-c027-45a2-a129-c24ef9759940,2020-10-09,2020-10-10,1310.12,0.2281531878896266,1,0.0,1288.91,1310.12,1288.91
eb73f476-3620-416d-2018-4705668c7d84,291aa1c6-c027-45a2-a129-c24ef9759940,2020-10-10,2020-10-11,1283.35,0.2027348246226127,1,0.0,1310.12,1283.35,1310.12
eb73f476-3620-416d-2018-4705668c7d84,291aa1c6-c027-45a2-a129-c24ef9759940,2020-10-11,2020-10-12,1378.86,0.177408092642323,1,0.0,1283.35,1378.86,1283.35
eb73f476-3620-416d-2018-4705668c7d84,291aa1c6-c027-45a2-a129-c24ef9759940,2020-10-12,2020-10-13,1392.0,0.1912247252783326,1,0.0,1378.86,1392.0,1378.86
eb73f476-3620-416d-2018-4705668c7d84,291aa1c6-c027-45a2-a129-c24ef9759940,2020-10-13,2020-10-14,1360.98,0.1742880152817195,1,0.0,1392.0,1360.98,1392.0
eb73f476-3620-416d-2018-4705668c7d84,291aa1c6-c027-45a2-a129-c24ef9759940,2020-10-14,2020-10-15,1160.65,0.1915827418357736,1,0.0,1360.98,1160.65,1360.98
eb73f476-3620-416d-2018-4705668c7d84,291aa1c6-c027-45a2-a129-c24ef9759940,2020-10-15,2020-10-16,1296.14,0.1360775872086344,0,1341.1934277777768,1160.65,45.05342777777673,1341.1934277777768
eb73f476-3620-416d-2018-4705668c7d84,291aa1c6-c027-45a2-a129-c24ef9759940,2020-10-16,2020-10-17,1373.19,0.2003984581180968,1,0.0,1296.14,1373.19,1296.14
eb73f476-3620-416d-2018-4705668c7d84,291aa1c6-c027-45a2-a129-c24ef9759940,2020-10-17,2020-10-18,1305.5,0.2613706244610217,1,0.0,1373.19,1305.5,1373.19
eb73f476-3620-416d-2018-4705668c7d84,291aa1c6-c027-45a2-a129-c24ef9759940,2020-10-18,2020-10-19,1301.3,0.2077080707801203,1,0.0,1305.5,1301.3,1305.5
eb73f476-3620-416d-2018-4705668c7d84,291aa1c6-c027-45a2-a129-c24ef9759940,2020-10-19,2020-10-20,1378.49,0.155782076064779,1,0.0,1301.3,1378.49,1301.3
eb73f476-3620-416d-2018-4705668c7d84,291aa1c6-c027-45a2-a129-c24ef9759940,2020-10-20,2020-10-21,1381.66,0.1556551036661557,1,0.0,1378.49,1381.66,1378.49
eb73f476-3620-416d-2018-4705668c7d84,291aa1c6-c027-45a2-a129-c24ef9759940,2020-10-21,2020-10-22,1354.75,0.2795667452882069,1,0.0,1381.66,1354.75,1381.66
eb73f476-3620-416d-2018-4705668c7d84,291aa1c6-c027-45a2-a129-c24ef9759940,2020-10-22,2020-10-23,1220.17,0.1969141770199355,1,0.0,1354.75,1220.17,1354.75
eb73f476-3620-416d-2018-4705668c7d84,291aa1c6-c027-45a2-a129-c24ef9759940,2020-10-23,2020-10-24,1242.58,0.2724152690608889,1,0.0,1220.17,1242.58,1220.17
eb73f476-3620-416d-2018-4705668c7d84,291aa1c6-c027-45a2-a129-c24ef9759940,2020-10-24,2020-10-25,1339.8,0.2071418675848712,1,0.0,1242.58,1339.8,1242.58
eb73f476-3620-416d-2018-4705668c7d84,291aa1c6-c027-45a2-a129-c24ef9759940,2020-10-25,2020-10-26,1183.6,0.2124375290340703,1,0.0,1339.8,1183.6,1339.8
eb73f476-3620-416d-2018-4705668c7d84,291aa1c6-c027-45a2-a129-c24ef9759940,2020-10-26,2020-10-27,1425.15,0.2073512854475782,1,0.0,1183.6,1425.15,1183.6
eb73f476-3620-416d-2018-4705668c7d84,291aa1c6-c027-45a2-a129-c24ef9759940,2020-10-27,2020-10-28,1321.56,0.1948410307152257,1,0.0,1425.15,1321.56,1425.15
eb73f476-3620-416d-2018-4705668c7d84,291aa1c6-c027-45a2-a129-c24ef9759940,2020-10-28,2020-10-29,1266.82,0.1759080942145189,1,0.0,1321.56,1266.82,1321.56
eb73f476-3620-416d-2018-4705668c7d84,291aa1c6-c027-45a2-a129-c24ef9759940,2020-10-29,2020-10-30,1277.42,0.1728536987049125,1,0.0,1266.82,1277.42,1266.82
eb73f476-3620-416d-2018-4705668c7d84,291aa1c6-c027-45a2-a129-c24ef9759940,2020-10-30,2020-10-31,1393.03,0.1858379486585802,1,0.0,1277.42,1393.03,1277.42
eb73f476-3620-416d-2018-4705668c7d84,291aa1c6-c027-45a2-a129-c24ef9759940,2020-10-31,2020-11-01,1231.03,0.2342150582212148,1,0.0,1393.03,1231.03,1393.03
eb73f476-3620-416d-2018-4705668c7d84,291aa1c6-c027-45a2-a129-c24ef9759940,2020-11-01,2020-11-02,1190.51,0.2047645559925253,1,0.0,1231.03,1190.51,1231.03
eb73f476-3620-416d-2018-4705668c7d84,291aa1c6-c027-45a2-a129-c24ef9759940,2020-11-02,2020-11-03,0.0,0.2068319333627633,1,0.0,1190.51,0.0,1190.51
eb73f476-3620-416d-2018-4705668c7d84,291aa1c6-c027-45a2-a129-c24ef9759940,2020-11-03,2020-11-04,1329.35,0.0267074531056798,0,1290.524761111111,0.0,38.82523888888886,1290.524761111111
eb73f476-3620-416d-2018-4705668c7d84,291aa1c6-c027-45a2-a129-c24ef9759940,2020-11-04,2020-11-05,1418.66,0.1559622547439927,1,0.0,1329.35,1418.66,1329.35
eb73f476-3620-416d-2018-4705668c7d84,291aa1c6-c027-45a2-a129-c24ef9759940,2020-11-05,2020-11-06,1391.19,0.1851676018352592,1,0.0,1418.66,1391.19,1418.66
eb73f476-3620-416d-2018-4705668c7d84,291aa1c6-c027-45a2-a129-c24ef9759940,2020-11-06,2020-11-07,1280.39,0.2072576152967693,1,0.0,1391.19,1280.39,1391.19
eb73f476-3620-416d-2018-4705668c7d84,291aa1c6-c027-45a2-a129-c24ef9759940,2020-11-07,2020-11-08,1326.86,0.2206949257738845,1,0.0,1280.39,1326.86,1280.39
eb73f476-3620-416d-2018-4705668c7d84,291aa1c6-c027-45a2-a129-c24ef9759940,2020-11-08,2020-11-09,1330.74,0.2071156737931701,1,0.0,1326.86,1330.74,1326.86
eb73f476-3620-416d-2018-4705668c7d84,291aa1c6-c027-45a2-a129-c24ef9759940,2020-11-09,2020-11-10,1321.93,0.1100613531303215,0,1318.528294444443,1330.74,3.4017055555571005,1318.528294444443
eb73f476-3620-416d-2018-4705668c7d84,291aa1c6-c027-45a2-a129-c24ef9759940,2020-11-10,2020-11-11,1184.37,0.1514746461630919,1,0.0,1321.93,1184.37,1321.93
eb73f476-3620-416d-2018-4705668c7d84,291aa1c6-c027-45a2-a129-c24ef9759940,2020-11-11,2020-11-12,1286.16,0.2356663599354389,1,0.0,1184.37,1286.16,1184.37
eb73f476-3620-416d-2018-4705668c7d84,291aa1c6-c027-45a2-a129-c24ef9759940,2020-11-12,2020-11-13,1358.69,0.1937519689820727,1,0.0,1286.16,1358.69,1286.16
eb73f476-3620-416d-2018-4705668c7d84,291aa1c6-c027-45a2-a129-c24ef9759940,2020-11-13,2020-11-14,1433.26,0.188045344279582,1,0.0,1358.69,1433.26,1358.69
eb73f476-3620-416d-2018-4705668c7d84,291aa1c6-c027-45a2-a129-c24ef9759940,2020-11-14,2020-11-15,1331.37,0.1599722400135881,1,0.0,1433.26,1331.37,1433.26
eb73f476-3620-416d-2018-4705668c7d84,291aa1c6-c027-45a2-a129-c24ef9759940,2020-11-15,2020-11-16,1377.98,0.165413654820672,1,0.0,1331.37,1377.98,1331.37
eb73f476-3620-416d-2018-4705668c7d84,291aa1c6-c027-45a2-a129-c24ef9759940,2020-11-16,2020-11-17,1363.1,0.1280648562799944,0,1357.9369277777778,1377.98,5.163072222222127,1357.9369277777778
eb73f476-3620-416d-2018-4705668c7d84,291aa1c6-c027-45a2-a129-c24ef9759940,2020-11-17,2020-11-18,1279.24,0.1388397527485425,0,1365.6454888888884,1363.1,86.40548888888839,1365.6454888888884
eb73f476-3620-416d-2018-4705668c7d84,291aa1c6-c027-45a2-a129-c24ef9759940,2020-11-18,2020-11-19,1219.11,0.2054265297398235,1,0.0,1279.24,1219.11,1279.24
eb73f476-3620-416d-2018-4705668c7d84,291aa1c6-c027-45a2-a129-c24ef9759940,2020-11-19,2020-11-20,1378.67,0.2374411291787728,1,0.0,1219.11,1378.67,1219.11
eb73f476-3620-416d-2018-4705668c7d84,291aa1c6-c027-45a2-a129-c24ef9759940,2020-11-20,2020-11-21,1428.74,0.2339912869591395,1,0.0,1378.67,1428.74,1378.67
eb73f476-3620-416d-2018-4705668c7d84,291aa1c6-c027-45a2-a129-c24ef9759940,2020-11-21,2020-11-22,1274.66,0.1559093251381907,1,0.0,1428.74,1274.66,1428.74
eb73f476-3620-416d-2018-4705668c7d84,291aa1c6-c027-45a2-a129-c24ef9759940,2020-11-22,2020-11-23,1381.26,0.1316890677311309,0,1373.5679499999992,1274.66,7.6920500000007905,1373.5679499999992
eb73f476-3620-416d-2018-4705668c7d84,291aa1c6-c027-45a2-a129-c24ef9759940,2020-11-23,2020-11-24,1310.69,0.1799115613129489,1,0.0,1381.26,1310.69,1381.26
eb73f476-3620-416d-2018-4705668c7d84,291aa1c6-c027-45a2-a129-c24ef9759940,2020-11-24,2020-11-25,1213.68,0.1295969560308891,0,1362.5517388888873,1310.69,148.8717388888872,1362.5517388888873
eb73f476-3620-416d-2018-4705668c7d84,291aa1c6-c027-45a2-a129-c24ef9759940,2020-11-25,2020-11-26,1302.91,0.1744106556390342,1,0.0,1213.68,1302.91,1213.68
eb73f476-3620-416d-2018-4705668c7d84,291aa1c6-c027-45a2-a129-c24ef9759940,2020-11-26,2020-11-27,1262.94,0.2438726397765133,1,0.0,1302.91,1262.94,1302.91
eb73f476-3620-416d-2018-4705668c7d84,291aa1c6-c027-45a2-a129-c24ef9759940,2020-11-27,2020-11-28,1327.9,0.1884702435325623,1,0.0,1262.94,1327.9,1262.94
eb73f476-3620-416d-2018-4705668c7d84,291aa1c6-c027-45a2-a129-c24ef9759940,2020-11-28,2020-11-29,1324.48,0.228479874239359,1,0.0,1327.9,1324.48,1327.9
eb73f476-3620-416d-2018-4705668c7d84,291aa1c6-c027-45a2-a129-c24ef9759940,2020-11-29,2020-11-30,1256.57,0.1374236703389869,0,1366.053749999998,1324.48,109.48374999999804,1366.053749999998
eb73f476-3620-416d-2018-4705668c7d84,291aa1c6-c027-45a2-a129-c24ef9759940,2020-11-30,2020-12-01,1215.1,0.1298608462864123,0,1362.145283333332,1256.57,147.04528333333224,1362.145283333332
eb73f476-3620-416d-2018-4705668c7d84,291aa1c6-c027-45a2-a129-c24ef9759940,2020-12-01,2020-12-02,1267.31,0.1488431708317928,0,1358.5460111111104,1215.1,91.23601111111044,1358.5460111111104
eb73f476-3620-416d-2018-4705668c7d84,291aa1c6-c027-45a2-a129-c24ef9759940,2020-12-02,2020-12-03,1400.56,0.2561991800831676,1,0.0,1267.31,1400.56,1267.31
eb73f476-3620-416d-2018-4705668c7d84,291aa1c6-c027-45a2-a129-c24ef9759940,2020-12-03,2020-12-04,1221.72,0.1714586740119254,1,0.0,1400.56,1221.72,1400.56
eb73f476-3620-416d-2018-4705668c7d84,291aa1c6-c027-45a2-a129-c24ef9759940,2020-12-04,2020-12-05,1342.79,0.1502517864154494,1,0.0,1221.72,1342.79,1221.72
eb73f476-3620-416d-2018-4705668c7d84,291aa1c6-c027-45a2-a129-c24ef9759940,2020-12-05,2020-12-06,1333.76,0.2716187623919555,1,0.0,1342.79,1333.76,1342.79
eb73f476-3620-416d-2018-4705668c7d84,291aa1c6-c027-45a2-a129-c24ef9759940,2020-12-06,2020-12-07,1258.66,0.1932376840862618,1,0.0,1333.76,1258.66,1333.76
eb73f476-3620-416d-2018-4705668c7d84,291aa1c6-c027-45a2-a129-c24ef9759940,2020-12-07,2020-12-08,1239.91,0.1518829060087388,1,0.0,1258.66,1239.91,1258.66
eb73f476-3620-416d-2018-4705668c7d84,291aa1c6-c027-45a2-a129-c24ef9759940,2020-12-08,2020-12-09,1331.66,0.157941244578119,1,0.0,1239.91,1331.66,1239.91
eb73f476-3620-416d-2018-4705668c7d84,291aa1c6-c027-45a2-a129-c24ef9759940,2020-12-09,2020-12-10,1290.29,0.1556486744566112,1,0.0,1331.66,1290.29,1331.66
eb73f476-3620-416d-2018-4705668c7d84,291aa1c6-c027-45a2-a129-c24ef9759940,2020-12-10,2020-12-11,1259.4,0.193955679858534,1,0.0,1290.29,1259.4,1290.29
eb73f476-3620-416d-2018-4705668c7d84,291aa1c6-c027-45a2-a129-c24ef9759940,2020-12-11,2020-12-12,1321.7,0.1618990663012813,1,0.0,1259.4,1321.7,1259.4
eb73f476-3620-416d-2018-4705668c7d84,291aa1c6-c027-45a2-a129-c24ef9759940,2020-12-12,2020-12-13,1399.57,0.1988444928393973,1,0.0,1321.7,1399.57,1321.7
eb73f476-3620-416d-2018-4705668c7d84,291aa1c6-c027-45a2-a129-c24ef9759940,2020-12-13,2020-12-14,0.0,0.1702837828657332,1,0.0,1399.57,0.0,1399.57
eb73f476-3620-416d-2018-4705668c7d84,291aa1c6-c027-45a2-a129-c24ef9759940,2020-12-14,2020-12-15,1297.35,0.0252926928752358,0,1372.797655555556,0.0,75.44765555555614,1372.797655555556
eb73f476-3620-416d-2018-4705668c7d84,291aa1c6-c027-45a2-a129-c24ef9759940,2020-12-15,2020-12-16,1088.06,0.1790915310895021,1,0.0,1297.35,1088.06,1297.35
eb73f476-3620-416d-2018-4705668c7d84,291aa1c6-c027-45a2-a129-c24ef9759940,2020-12-16,2020-12-17,1272.48,0.2380873228666002,1,0.0,1088.06,1272.48,1088.06
eb73f476-3620-416d-2018-4705668c7d84,291aa1c6-c027-45a2-a129-c24ef9759940,2020-12-17,2020-12-18,1224.12,0.2257694492565133,1,0.0,1272.48,1224.12,1272.48
eb73f476-3620-416d-2018-4705668c7d84,291aa1c6-c027-45a2-a129-c24ef9759940,2020-12-18,2020-12-19,1273.44,0.2434140219813552,1,0.0,1224.12,1273.44,1224.12
eb73f476-3620-416d-2018-4705668c7d84,291aa1c6-c027-45a2-a129-c24ef9759940,2020-12-19,2020-12-20,1263.55,0.2439239472104963,1,0.0,1273.44,1263.55,1273.44
eb73f476-3620-416d-2018-4705668c7d84,291aa1c6-c027-45a2-a129-c24ef9759940,2020-12-20,2020-12-21,1265.01,0.2354923343067994,1,0.0,1263.55,1265.01,1263.55
eb73f476-3620-416d-2018-4705668c7d84,291aa1c6-c027-45a2-a129-c24ef9759940,2020-12-21,2020-12-22,0.0,0.1835609003698243,1,0.0,1265.01,0.0,1265.01
eb73f476-3620-416d-2018-4705668c7d84,291aa1c6-c027-45a2-a129-c24ef9759940,2020-12-22,2020-12-23,1269.26,0.0281423379319716,0,1319.1837555555546,0.0,49.92375555555464,1319.1837555555546
eb73f476-3620-416d-2018-4705668c7d84,291aa1c6-c027-45a2-a129-c24ef9759940,2020-12-23,2020-12-24,1265.83,0.1529246032467887,1,0.0,1269.26,1265.83,1269.26
eb73f476-3620-416d-2018-4705668c7d84,291aa1c6-c027-45a2-a129-c24ef9759940,2020-12-24,2020-12-25,1313.35,0.3195783080098418,1,0.0,1265.83,1313.35,1265.83
eb73f476-3620-416d-2018-4705668c7d84,291aa1c6-c027-45a2-a129-c24ef9759940,2020-12-25,2020-12-26,1215.71,0.277460709007334,1,0.0,1313.35,1215.71,1313.35
eb73f476-3620-416d-2018-4705668c7d84,291aa1c6-c027-45a2-a129-c24ef9759940,2020-12-26,2020-12-27,1259.57,0.2587722653075257,1,0.0,1215.71,1259.57,1215.71
eb73f476-3620-416d-2018-4705668c7d84,291aa1c6-c027-45a2-a129-c24ef9759940,2020-12-27,2020-12-28,1195.53,0.1603553885519371,1,0.0,1259.57,1195.53,1259.57
eb73f476-3620-416d-2018-4705668c7d84,291aa1c6-c027-45a2-a129-c24ef9759940,2020-12-28,2020-12-29,1320.06,0.1830671471397129,1,0.0,1195.53,1320.06,1195.53
eb73f476-3620-416d-2018-4705668c7d84,291aa1c6-c027-45a2-a129-c24ef9759940,2020-12-29,2020-12-30,1293.76,0.2121989241485536,1,0.0,1320.06,1293.76,1320.06
eb73f476-3620-416d-2018-4705668c7d84,291aa1c6-c027-45a2-a129-c24ef9759940,2020-12-30,2020-12-31,1417.42,0.1773004117416733,1,0.0,1293.76,1417.42,1293.76
effc88f4-5e63-45ee-48fb-399a04d34522,4c4bc7b4-117e-47b3-b4c9-827d0c7ba64a,2020-08-23,2020-08-24,283.61,0.0932692859610425,0,262.76064444444467,255.73,20.84935555555535,262.76064444444467
effc88f4-5e63-45ee-48fb-399a04d34522,4c4bc7b4-117e-47b3-b4c9-827d0c7ba64a,2020-08-24,2020-08-25,254.41,0.0825321511356646,0,262.66447222222257,283.61,8.254472222222574,262.66447222222257
effc88f4-5e63-45ee-48fb-399a04d34522,4c4bc7b4-117e-47b3-b4c9-827d0c7ba64a,2020-08-25,2020-08-26,243.56,0.0584788719279198,0,266.9315388888889,254.41,23.37153888888895,266.9315388888889
effc88f4-5e63-45ee-48fb-399a04d34522,4c4bc7b4-117e-47b3-b4c9-827d0c7ba64a,2020-08-26,2020-08-27,264.51,0.1162594566320059,0,258.7978777777778,243.56,5.712122222222206,258.7978777777778
effc88f4-5e63-45ee-48fb-399a04d34522,4c4bc7b4-117e-47b3-b4c9-827d0c7ba64a,2020-08-27,2020-08-28,251.66,0.0738004000981087,0,259.4177055555556,264.51,7.757705555555589,259.4177055555556
effc88f4-5e63-45ee-48fb-399a04d34522,4c4bc7b4-117e-47b3-b4c9-827d0c7ba64a,2020-08-28,2020-08-29,287.01,0.0745598279773055,0,259.2528722222224,251.66,27.75712777777761,259.2528722222224
effc88f4-5e63-45ee-48fb-399a04d34522,4c4bc7b4-117e-47b3-b4c9-827d0c7ba64a,2020-08-29,2020-08-30,259.55,0.068176918424559,0,267.78277222222255,287.01,8.232772222222536,267.78277222222255
effc88f4-5e63-45ee-48fb-399a04d34522,4c4bc7b4-117e-47b3-b4c9-827d0c7ba64a,2020-08-30,2020-08-31,284.24,0.1060341241431686,0,261.791727777778,259.55,22.448272222221988,261.791727777778
effc88f4-5e63-45ee-48fb-399a04d34522,4c4bc7b4-117e-47b3-b4c9-827d0c7ba64a,2020-08-31,2020-09-01,264.02,0.1112843943340353,0,270.6118777777779,284.24,6.591877777777938,270.6118777777779
effc88f4-5e63-45ee-48fb-399a04d34522,4c4bc7b4-117e-47b3-b4c9-827d0c7ba64a,2020-09-01,2020-09-02,272.69,0.0701610293890052,0,264.14284444444456,264.02,8.547155555555435,264.14284444444456
effc88f4-5e63-45ee-48fb-399a04d34522,4c4bc7b4-117e-47b3-b4c9-827d0c7ba64a,2020-09-02,2020-09-03,260.68,0.1235142847370323,0,259.8653000000001,272.69,0.8146999999999025,259.8653000000001
effc88f4-5e63-45ee-48fb-399a04d34522,4c4bc7b4-117e-47b3-b4c9-827d0c7ba64a,2020-09-03,2020-09-04,301.21,0.0756995830657015,0,264.4229055555558,260.68,36.787094444444165,264.4229055555558
effc88f4-5e63-45ee-48fb-399a04d34522,4c4bc7b4-117e-47b3-b4c9-827d0c7ba64a,2020-09-04,2020-09-05,252.32,0.0598594935278332,0,281.0494500000001,301.21,28.7294500000001,281.0494500000001
effc88f4-5e63-45ee-48fb-399a04d34522,4c4bc7b4-117e-47b3-b4c9-827d0c7ba64a,2020-09-05,2020-09-06,229.23,0.0883703448658465,0,279.8727777777779,252.32,50.64277777777792,279.8727777777779
effc88f4-5e63-45ee-48fb-399a04d34522,4c4bc7b4-117e-47b3-b4c9-827d0c7ba64a,2020-09-06,2020-09-07,270.31,0.1105873664384136,0,257.8609722222224,229.23,12.449027777777587,257.8609722222224
effc88f4-5e63-45ee-48fb-399a04d34522,4c4bc7b4-117e-47b3-b4c9-827d0c7ba64a,2020-09-07,2020-09-08,253.28,0.0878304173576171,0,259.91571666666675,270.31,6.635716666666752,259.91571666666675
effc88f4-5e63-45ee-48fb-399a04d34522,4c4bc7b4-117e-47b3-b4c9-827d0c7ba64a,2020-09-08,2020-09-09,0.0,0.0855000035084611,0,267.03421666666674,253.28,267.03421666666674,267.03421666666674
effc88f4-5e63-45ee-48fb-399a04d34522,4c4bc7b4-117e-47b3-b4c9-827d0c7ba64a,2020-09-09,2020-09-10,265.25,0.0111580709582566,0,265.867277777778,0.0,0.6172777777779288,265.867277777778
effc88f4-5e63-45ee-48fb-399a04d34522,4c4bc7b4-117e-47b3-b4c9-827d0c7ba64a,2020-09-10,2020-09-11,259.01,0.1039529575150511,0,260.5202611111111,265.25,1.510261111111106,260.5202611111111
effc88f4-5e63-45ee-48fb-399a04d34522,4c4bc7b4-117e-47b3-b4c9-827d0c7ba64a,2020-09-11,2020-09-12,260.39,0.0659915615958316,0,269.1553166666668,259.01,8.76531666666682,269.1553166666668
effc88f4-5e63-45ee-48fb-399a04d34522,4c4bc7b4-117e-47b3-b4c9-827d0c7ba64a,2020-09-12,2020-09-13,271.01,0.0795905995468488,0,251.43111111111125,260.39,19.57888888888874,251.43111111111125
effc88f4-5e63-45ee-48fb-399a04d34522,4c4bc7b4-117e-47b3-b4c9-827d0c7ba64a,2020-09-13,2020-09-14,260.56,0.0792144287233378,0,247.3716833333335,271.01,13.188316666666507,247.3716833333335
effc88f4-5e63-45ee-48fb-399a04d34522,4c4bc7b4-117e-47b3-b4c9-827d0c7ba64a,2020-09-14,2020-09-15,263.08,0.0881858324008632,0,262.7314444444445,260.56,0.3485555555554924,262.7314444444445
effc88f4-5e63-45ee-48fb-399a04d34522,4c4bc7b4-117e-47b3-b4c9-827d0c7ba64a,2020-09-15,2020-09-16,258.36,0.10491004767834,0,255.45857222222236,263.08,2.901427777777684,255.45857222222236
effc88f4-5e63-45ee-48fb-399a04d34522,4c4bc7b4-117e-47b3-b4c9-827d0c7ba64a,2020-09-16,2020-09-17,287.11,0.0816166408378211,0,258.77983888888895,258.36,28.330161111111067,258.77983888888895
effc88f4-5e63-45ee-48fb-399a04d34522,4c4bc7b4-117e-47b3-b4c9-827d0c7ba64a,2020-09-17,2020-09-18,282.33,0.0959639234865516,0,270.09095000000053,287.11,12.239049999999452,270.09095000000053
effc88f4-5e63-45ee-48fb-399a04d34522,4c4bc7b4-117e-47b3-b4c9-827d0c7ba64a,2020-09-18,2020-09-19,245.47,0.0827342529961326,0,269.9810166666668,282.33,24.51101666666679,269.9810166666668
effc88f4-5e63-45ee-48fb-399a04d34522,4c4bc7b4-117e-47b3-b4c9-827d0c7ba64a,2020-09-19,2020-09-20,264.04,0.1060004415115808,0,262.72380555555566,245.47,1.3161944444443634,262.72380555555566
effc88f4-5e63-45ee-48fb-399a04d34522,4c4bc7b4-117e-47b3-b4c9-827d0c7ba64a,2020-09-20,2020-09-21,253.26,0.0826482991564794,0,260.97925555555565,264.04,7.719255555555662,260.97925555555565
effc88f4-5e63-45ee-48fb-399a04d34522,4c4bc7b4-117e-47b3-b4c9-827d0c7ba64a,2020-09-21,2020-09-22,247.65,0.0665209195975909,0,264.64828333333355,253.26,16.998283333333546,264.64828333333355
effc88f4-5e63-45ee-48fb-399a04d34522,4c4bc7b4-117e-47b3-b4c9-827d0c7ba64a,2020-09-22,2020-09-23,224.42,0.0915652628639562,0,263.73708333333326,247.65,39.31708333333327,263.73708333333326
effc88f4-5e63-45ee-48fb-399a04d34522,4c4bc7b4-117e-47b3-b4c9-827d0c7ba64a,2020-09-23,2020-09-24,258.87,0.1588019858403925,1,0.0,224.42,258.87,224.42
effc88f4-5e63-45ee-48fb-399a04d34522,4c4bc7b4-117e-47b3-b4c9-827d0c7ba64a,2020-09-24,2020-09-25,259.65,0.0550672086890629,0,258.37532222222234,258.87,1.27467777777764,258.37532222222234
effc88f4-5e63-45ee-48fb-399a04d34522,4c4bc7b4-117e-47b3-b4c9-827d0c7ba64a,2020-09-25,2020-09-26,281.1,0.1169717232327197,0,262.3781055555557,259.65,18.72189444444433,262.3781055555557
effc88f4-5e63-45ee-48fb-399a04d34522,4c4bc7b4-117e-47b3-b4c9-827d0c7ba64a,2020-09-26,2020-09-27,276.56,0.1202486511950744,0,259.50805000000014,281.1,17.051949999999863,259.50805000000014
effc88f4-5e63-45ee-48fb-399a04d34522,4c4bc7b4-117e-47b3-b4c9-827d0c7ba64a,2020-09-27,2020-09-28,268.76,0.0853952789079781,0,262.8242055555555,276.56,5.935794444444468,262.8242055555555
effc88f4-5e63-45ee-48fb-399a04d34522,4c4bc7b4-117e-47b3-b4c9-827d0c7ba64a,2020-09-28,2020-09-29,271.85,0.0908282886536622,0,256.5360722222224,268.76,15.31392777777762,256.5360722222224
effc88f4-5e63-45ee-48fb-399a04d34522,4c4bc7b4-117e-47b3-b4c9-827d0c7ba64a,2020-09-29,2020-09-30,273.17,0.1006369928505395,0,259.8323333333336,271.85,13.33766666666645,259.8323333333336
effc88f4-5e63-45ee-48fb-399a04d34522,4c4bc7b4-117e-47b3-b4c9-827d0c7ba64a,2020-09-30,2020-10-01,268.01,0.1016288994882933,0,256.838177777778,273.17,11.171822222221977,256.838177777778
effc88f4-5e63-45ee-48fb-399a04d34522,4c4bc7b4-117e-47b3-b4c9-827d0c7ba64a,2020-10-01,2020-10-02,280.06,0.0766653268860929,0,263.2452555555558,268.01,16.814744444444216,263.2452555555558
effc88f4-5e63-45ee-48fb-399a04d34522,4c4bc7b4-117e-47b3-b4c9-827d0c7ba64a,2020-10-02,2020-10-03,245.04,0.0910341903825623,0,268.2790277777782,280.06,23.239027777778205,268.2790277777782
effc88f4-5e63-45ee-48fb-399a04d34522,4c4bc7b4-117e-47b3-b4c9-827d0c7ba64a,2020-10-03,2020-10-04,254.59,0.1028610213719549,0,267.53253888888884,245.04,12.942538888888834,267.53253888888884
effc88f4-5e63-45ee-48fb-399a04d34522,4c4bc7b4-117e-47b3-b4c9-827d0c7ba64a,2020-10-04,2020-10-05,252.58,0.1714565145715971,1,0.0,254.59,252.58,254.59
effc88f4-5e63-45ee-48fb-399a04d34522,4c4bc7b4-117e-47b3-b4c9-827d0c7ba64a,2020-10-05,2020-10-06,253.33,0.0880382582226651,0,266.50182777777786,252.58,13.17182777777785,266.50182777777786
effc88f4-5e63-45ee-48fb-399a04d34522,4c4bc7b4-117e-47b3-b4c9-827d0c7ba64a,2020-10-06,2020-10-07,258.22,0.0820807939747498,0,265.40582777777803,253.33,7.185827777778002,265.40582777777803
effc88f4-5e63-45ee-48fb-399a04d34522,4c4bc7b4-117e-47b3-b4c9-827d0c7ba64a,2020-10-07,2020-10-08,282.06,0.0920624738405986,0,263.83797777777806,258.22,18.222022222221938,263.83797777777806
effc88f4-5e63-45ee-48fb-399a04d34522,4c4bc7b4-117e-47b3-b4c9-827d0c7ba64a,2020-10-08,2020-10-09,271.61,0.0879845009029468,0,267.1097388888893,282.06,4.500261111110717,267.1097388888893
effc88f4-5e63-45ee-48fb-399a04d34522,4c4bc7b4-117e-47b3-b4c9-827d0c7ba64a,2020-10-09,2020-10-10,275.85,0.0894162332774937,0,264.7699722222223,271.61,11.08002777777773,264.7699722222223
effc88f4-5e63-45ee-48fb-399a04d34522,4c4bc7b4-117e-47b3-b4c9-827d0c7ba64a,2020-10-10,2020-10-11,258.24,0.0577384274924403,0,259.46105555555573,275.85,1.221055555555722,259.46105555555573
effc88f4-5e63-45ee-48fb-399a04d34522,4c4bc7b4-117e-47b3-b4c9-827d0c7ba64a,2020-10-11,2020-10-12,257.43,0.1212898805416121,0,263.2196555555556,258.24,5.789655555555555,263.2196555555556
effc88f4-5e63-45ee-48fb-399a04d34522,4c4bc7b4-117e-47b3-b4c9-827d0c7ba64a,2020-10-12,2020-10-13,266.37,0.080966328784432,0,264.3787166666669,257.43,1.991283333333115,264.3787166666669
effc88f4-5e63-45ee-48fb-399a04d34522,4c4bc7b4-117e-47b3-b4c9-827d0c7ba64a,2020-10-13,2020-10-14,264.19,0.0994310124787002,0,262.02182222222234,266.37,2.1681777777776574,262.02182222222234
effc88f4-5e63-45ee-48fb-399a04d34522,4c4bc7b4-117e-47b3-b4c9-827d0c7ba64a,2020-10-14,2020-10-15,263.94,0.0934414732797263,0,264.54890000000023,264.19,0.6089000000002329,264.54890000000023
effc88f4-5e63-45ee-48fb-399a04d34522,4c4bc7b4-117e-47b3-b4c9-827d0c7ba64a,2020-10-15,2020-10-16,289.79,0.0726321297615984,0,268.58782777777776,263.94,21.20217222222226,268.58782777777776
effc88f4-5e63-45ee-48fb-399a04d34522,4c4bc7b4-117e-47b3-b4c9-827d0c7ba64a,2020-10-16,2020-10-17,265.5,0.065125948539034,0,273.34096111111137,289.79,7.840961111111369,273.34096111111137
effc88f4-5e63-45ee-48fb-399a04d34522,4c4bc7b4-117e-47b3-b4c9-827d0c7ba64a,2020-10-17,2020-10-18,247.65,0.1033671859990911,0,268.7924777777778,265.5,21.14247777777777,268.7924777777778
effc88f4-5e63-45ee-48fb-399a04d34522,4c4bc7b4-117e-47b3-b4c9-827d0c7ba64a,2020-10-18,2020-10-19,248.45,0.0895125550956805,0,263.96376111111124,247.65,15.51376111111125,263.96376111111124
effc88f4-5e63-45ee-48fb-399a04d34522,4c4bc7b4-117e-47b3-b4c9-827d0c7ba64a,2020-10-19,2020-10-20,268.17,0.1233901896990301,0,260.15812777777774,248.45,8.01187222222228,260.15812777777774
effc88f4-5e63-45ee-48fb-399a04d34522,4c4bc7b4-117e-47b3-b4c9-827d0c7ba64a,2020-10-20,2020-10-21,266.87,0.0857771989908823,0,261.812727777778,268.17,5.057272222222025,261.812727777778
effc88f4-5e63-45ee-48fb-399a04d34522,4c4bc7b4-117e-47b3-b4c9-827d0c7ba64a,2020-10-21,2020-10-22,269.5,0.092387434603984,0,263.6386555555557,266.87,5.861344444444285,263.6386555555557
effc88f4-5e63-45ee-48fb-399a04d34522,4c4bc7b4-117e-47b3-b4c9-827d0c7ba64a,2020-10-22,2020-10-23,263.15,0.0655075054471579,0,263.456527777778,269.5,0.3065277777780011,263.456527777778
effc88f4-5e63-45ee-48fb-399a04d34522,4c4bc7b4-117e-47b3-b4c9-827d0c7ba64a,2020-10-23,2020-10-24,243.16,0.0678832300334454,0,270.5436611111113,263.15,27.38366111111131,270.5436611111113
effc88f4-5e63-45ee-48fb-399a04d34522,4c4bc7b4-117e-47b3-b4c9-827d0c7ba64a,2020-10-24,2020-10-25,276.33,0.0847176594675726,0,260.3340833333335,243.16,15.99591666666646,260.3340833333335
effc88f4-5e63-45ee-48fb-399a04d34522,4c4bc7b4-117e-47b3-b4c9-827d0c7ba64a,2020-10-25,2020-10-26,0.0,0.0951596574687672,0,259.21885555555576,276.33,259.21885555555576,259.21885555555576
effc88f4-5e63-45ee-48fb-399a04d34522,4c4bc7b4-117e-47b3-b4c9-827d0c7ba64a,2020-10-26,2020-10-27,250.52,0.0127671555901693,0,265.217055555556,0.0,14.697055555555975,265.217055555556
effc88f4-5e63-45ee-48fb-399a04d34522,4c4bc7b4-117e-47b3-b4c9-827d0c7ba64a,2020-10-27,2020-10-28,259.87,0.0814382759017141,0,258.36907777777793,250.52,1.5009222222220728,258.36907777777793
effc88f4-5e63-45ee-48fb-399a04d34522,4c4bc7b4-117e-47b3-b4c9-827d0c7ba64a,2020-10-28,2020-10-29,257.28,0.0756719110949654,0,256.4526055555555,259.87,0.827394444444451,256.4526055555555
effc88f4-5e63-45ee-48fb-399a04d34522,4c4bc7b4-117e-47b3-b4c9-827d0c7ba64a,2020-10-29,2020-10-30,249.97,0.0684406082352287,0,259.2984500000002,257.28,9.328450000000174,259.2984500000002
effc88f4-5e63-45ee-48fb-399a04d34522,4c4bc7b4-117e-47b3-b4c9-827d0c7ba64a,2020-10-30,2020-10-31,240.08,0.047603086992708,0,256.4028388888887,249.97,16.322838888888697,256.4028388888887
effc88f4-5e63-45ee-48fb-399a04d34522,4c4bc7b4-117e-47b3-b4c9-827d0c7ba64a,2020-10-31,2020-11-01,261.56,0.0679066716668817,0,245.1132500000001,240.08,16.446749999999895,245.1132500000001
effc88f4-5e63-45ee-48fb-399a04d34522,4c4bc7b4-117e-47b3-b4c9-827d0c7ba64a,2020-11-01,2020-11-02,235.65,0.1140811762726316,0,258.16763888888886,261.56,22.51763888888885,258.16763888888886
effc88f4-5e63-45ee-48fb-399a04d34522,4c4bc7b4-117e-47b3-b4c9-827d0c7ba64a,2020-11-02,2020-11-03,246.21,0.1141522763157538,0,247.8599055555557,235.65,1.6499055555557334,247.8599055555557
effc88f4-5e63-45ee-48fb-399a04d34522,4c4bc7b4-117e-47b3-b4c9-827d0c7ba64a,2020-11-03,2020-11-04,276.04,0.0765726408483135,0,251.4021500000001,246.21,24.63784999999996,251.4021500000001
effc88f4-5e63-45ee-48fb-399a04d34522,4c4bc7b4-117e-47b3-b4c9-827d0c7ba64a,2020-11-04,2020-11-05,258.46,0.0772268708940431,0,257.4808333333334,276.04,0.979166666666572,257.4808333333334
effc88f4-5e63-45ee-48fb-399a04d34522,4c4bc7b4-117e-47b3-b4c9-827d0c7ba64a,2020-11-05,2020-11-06,257.77,0.1085821392421621,0,259.0431555555557,258.46,1.273155555555718,259.0431555555557
effc88f4-5e63-45ee-48fb-399a04d34522,4c4bc7b4-117e-47b3-b4c9-827d0c7ba64a,2020-11-06,2020-11-07,248.93,0.1155375871101676,0,254.5239861111113,257.77,5.593986111111292,254.5239861111113
effc88f4-5e63-45ee-48fb-399a04d34522,4c4bc7b4-117e-47b3-b4c9-827d0c7ba64a,2020-11-07,2020-11-08,233.42,0.0739641210766139,0,255.05718888888887,248.93,21.63718888888889,255.05718888888887
effc88f4-5e63-45ee-48fb-399a04d34522,4c4bc7b4-117e-47b3-b4c9-827d0c7ba64a,2020-11-08,2020-11-09,257.39,0.115243166015063,0,254.76300555555557,233.42,2.626994444444449,254.76300555555557
effc88f4-5e63-45ee-48fb-399a04d34522,4c4bc7b4-117e-47b3-b4c9-827d0c7ba64a,2020-11-09,2020-11-10,258.21,0.0856839215838234,0,248.5773833333336,257.39,9.632616666666422,248.5773833333336
effc88f4-5e63-45ee-48fb-399a04d34522,4c4bc7b4-117e-47b3-b4c9-827d0c7ba64a,2020-11-10,2020-11-11,261.78,0.0867070797200585,0,255.94875555555564,258.21,5.831244444444337,255.94875555555564
effc88f4-5e63-45ee-48fb-399a04d34522,4c4bc7b4-117e-47b3-b4c9-827d0c7ba64a,2020-11-11,2020-11-12,246.44,0.0681588511160232,0,263.5865,261.78,17.146500000000003,263.5865
effc88f4-5e63-45ee-48fb-399a04d34522,4c4bc7b4-117e-47b3-b4c9-827d0c7ba64a,2020-11-12,2020-11-13,245.99,0.0827357664837357,0,257.2400666666666,246.44,11.250066666666612,257.2400666666666
effc88f4-5e63-45ee-48fb-399a04d34522,4c4bc7b4-117e-47b3-b4c9-827d0c7ba64a,2020-11-13,2020-11-14,258.03,0.0610377981740145,0,253.68521666666663,245.99,4.344783333333311,253.68521666666663
effc88f4-5e63-45ee-48fb-399a04d34522,4c4bc7b4-117e-47b3-b4c9-827d0c7ba64a,2020-11-14,2020-11-15,235.27,0.0786057995915115,0,253.4492722222223,258.03,18.17927222222229,253.4492722222223
effc88f4-5e63-45ee-48fb-399a04d34522,4c4bc7b4-117e-47b3-b4c9-827d0c7ba64a,2020-11-15,2020-11-16,260.66,0.0799395414930166,0,248.1334111111112,235.27,12.526588888888824,248.1334111111112
effc88f4-5e63-45ee-48fb-399a04d34522,4c4bc7b4-117e-47b3-b4c9-827d0c7ba64a,2020-11-16,2020-11-17,248.02,0.084037899593549,0,252.3066166666668,260.66,4.28661666666676,252.3066166666668
effc88f4-5e63-45ee-48fb-399a04d34522,4c4bc7b4-117e-47b3-b4c9-827d0c7ba64a,2020-11-17,2020-11-18,253.44,0.1310186253778881,0,255.87107222222204,248.02,2.431072222222042,255.87107222222204
effc88f4-5e63-45ee-48fb-399a04d34522,4c4bc7b4-117e-47b3-b4c9-827d0c7ba64a,2020-11-18,2020-11-19,280.0,0.0686097608336937,0,254.6805388888889,253.44,25.31946111111111,254.6805388888889
effc88f4-5e63-45ee-48fb-399a04d34522,4c4bc7b4-117e-47b3-b4c9-827d0c7ba64a,2020-11-19,2020-11-20,245.85,0.0825990350273743,0,256.395477777778,280.0,10.545477777778018,256.395477777778
effc88f4-5e63-45ee-48fb-399a04d34522,4c4bc7b4-117e-47b3-b4c9-827d0c7ba64a,2020-11-20,2020-11-21,250.69,0.1133715695115865,0,257.53245555555566,245.85,6.842455555555659,257.53245555555566
effc88f4-5e63-45ee-48fb-399a04d34522,4c4bc7b4-117e-47b3-b4c9-827d0c7ba64a,2020-11-21,2020-11-22,249.05,0.0857232283705353,0,255.0030944444444,250.69,5.9530944444443605,255.0030944444444
effc88f4-5e63-45ee-48fb-399a04d34522,4c4bc7b4-117e-47b3-b4c9-827d0c7ba64a,2020-11-22,2020-11-23,225.01,0.1083859257368578,0,253.5099833333333,249.05,28.49998333333332,253.5099833333333
effc88f4-5e63-45ee-48fb-399a04d34522,4c4bc7b4-117e-47b3-b4c9-827d0c7ba64a,2020-11-23,2020-11-24,255.84,0.0806020748336277,0,254.40653333333344,225.01,1.4334666666665612,254.40653333333344
effc88f4-5e63-45ee-48fb-399a04d34522,4c4bc7b4-117e-47b3-b4c9-827d0c7ba64a,2020-11-24,2020-11-25,220.52,0.1785990050145449,1,0.0,255.84,220.52,255.84
effc88f4-5e63-45ee-48fb-399a04d34522,4c4bc7b4-117e-47b3-b4c9-827d0c7ba64a,2020-11-25,2020-11-26,257.16,0.1353217511289526,0,251.34547222222253,220.52,5.814527777777471,251.34547222222253
effc88f4-5e63-45ee-48fb-399a04d34522,4c4bc7b4-117e-47b3-b4c9-827d0c7ba64a,2020-11-26,2020-11-27,238.92,0.0833215129652549,0,254.98356666666663,257.16,16.063566666666645,254.98356666666663
effc88f4-5e63-45ee-48fb-399a04d34522,4c4bc7b4-117e-47b3-b4c9-827d0c7ba64a,2020-11-27,2020-11-28,238.1,0.0927839705774162,0,244.3393222222222,238.92,6.239322222222199,244.3393222222222
effc88f4-5e63-45ee-48fb-399a04d34522,4c4bc7b4-117e-47b3-b4c9-827d0c7ba64a,2020-11-28,2020-11-29,246.31,0.1658819309763858,1,0.0,238.1,246.31,238.1
effc88f4-5e63-45ee-48fb-399a04d34522,4c4bc7b4-117e-47b3-b4c9-827d0c7ba64a,2020-11-29,2020-11-30,230.69,0.09723252210536,0,245.69797777777765,246.31,15.007977777777654,245.69797777777765
effc88f4-5e63-45ee-48fb-399a04d34522,4c4bc7b4-117e-47b3-b4c9-827d0c7ba64a,2020-11-30,2020-12-01,244.86,0.1094164757116442,0,237.23622222222224,230.69,7.623777777777775,237.23622222222224
effc88f4-5e63-45ee-48fb-399a04d34522,4c4bc7b4-117e-47b3-b4c9-827d0c7ba64a,2020-12-01,2020-12-02,232.84,0.1328455883444639,0,244.0479944444443,244.86,11.207994444444296,244.0479944444443
effc88f4-5e63-45ee-48fb-399a04d34522,4c4bc7b4-117e-47b3-b4c9-827d0c7ba64a,2020-12-02,2020-12-03,230.34,0.107973983902452,0,239.67350000000005,232.84,9.333500000000043,239.67350000000005
effc88f4-5e63-45ee-48fb-399a04d34522,4c4bc7b4-117e-47b3-b4c9-827d0c7ba64a,2020-12-03,2020-12-04,242.74,0.1286869529785605,0,241.45772222222223,230.34,1.2822777777777787,241.45772222222223
effc88f4-5e63-45ee-48fb-399a04d34522,4c4bc7b4-117e-47b3-b4c9-827d0c7ba64a,2020-12-04,2020-12-05,260.59,0.0857299430930033,0,238.73808333333332,242.74,21.851916666666625,238.73808333333332
effc88f4-5e63-45ee-48fb-399a04d34522,4c4bc7b4-117e-47b3-b4c9-827d0c7ba64a,2020-12-05,2020-12-06,253.85,0.0983302898751102,0,247.45030000000008,260.59,6.399699999999911,247.45030000000008
effc88f4-5e63-45ee-48fb-399a04d34522,4c4bc7b4-117e-47b3-b4c9-827d0c7ba64a,2020-12-06,2020-12-07,238.01,0.0882090492929263,0,248.36569444444453,253.85,10.355694444444538,248.36569444444453
effc88f4-5e63-45ee-48fb-399a04d34522,4c4bc7b4-117e-47b3-b4c9-827d0c7ba64a,2020-12-07,2020-12-08,242.3,0.064543315045293,0,240.25109444444456,238.01,2.04890555555545,240.25109444444456
effc88f4-5e63-45ee-48fb-399a04d34522,4c4bc7b4-117e-47b3-b4c9-827d0c7ba64a,2020-12-08,2020-12-09,237.48,0.0839448320136992,0,243.8713055555556,242.3,6.39130555555559,243.8713055555556
effc88f4-5e63-45ee-48fb-399a04d34522,4c4bc7b4-117e-47b3-b4c9-827d0c7ba64a,2020-12-09,2020-12-10,229.6,0.0733371506695965,0,240.061438888889,237.48,10.461438888889006,240.061438888889
effc88f4-5e63-45ee-48fb-399a04d34522,4c4bc7b4-117e-47b3-b4c9-827d0c7ba64a,2020-12-10,2020-12-11,231.03,0.1119307330011891,0,240.3915166666669,229.6,9.36151666666686,240.3915166666669
effc88f4-5e63-45ee-48fb-399a04d34522,4c4bc7b4-117e-47b3-b4c9-827d0c7ba64a,2020-12-11,2020-12-12,246.41,0.0931958392767125,0,240.3216444444445,231.03,6.088355555555495,240.3216444444445
effc88f4-5e63-45ee-48fb-399a04d34522,4c4bc7b4-117e-47b3-b4c9-827d0c7ba64a,2020-12-12,2020-12-13,234.18,0.0809812196399337,0,243.72322222222212,246.41,9.54322222222214,243.72322222222212
effc88f4-5e63-45ee-48fb-399a04d34522,4c4bc7b4-117e-47b3-b4c9-827d0c7ba64a,2020-12-13,2020-12-14,241.87,0.2056266631235812,1,0.0,234.18,241.87,234.18
effc88f4-5e63-45ee-48fb-399a04d34522,4c4bc7b4-117e-47b3-b4c9-827d0c7ba64a,2020-12-14,2020-12-15,230.27,0.0689245890813549,0,240.77972777777785,241.87,10.509727777777812,240.77972777777785
effc88f4-5e63-45ee-48fb-399a04d34522,4c4bc7b4-117e-47b3-b4c9-827d0c7ba64a,2020-12-15,2020-12-16,251.82,0.0874026523795054,0,241.69303333333363,230.27,10.126966666666362,241.69303333333363
effc88f4-5e63-45ee-48fb-399a04d34522,4c4bc7b4-117e-47b3-b4c9-827d0c7ba64a,2020-12-16,2020-12-17,0.0,0.0741590497736599,0,242.86553333333325,251.82,242.86553333333325,242.86553333333325
effc88f4-5e63-45ee-48fb-399a04d34522,4c4bc7b4-117e-47b3-b4c9-827d0c7ba64a,2020-12-17,2020-12-18,261.02,0.0159390788696991,0,238.1719166666668,0.0,22.84808333333322,238.1719166666668
effc88f4-5e63-45ee-48fb-399a04d34522,4c4bc7b4-117e-47b3-b4c9-827d0c7ba64a,2020-12-18,2020-12-19,258.19,0.1287952022207907,0,241.4985833333334,261.02,16.691416666666584,241.4985833333334
effc88f4-5e63-45ee-48fb-399a04d34522,4c4bc7b4-117e-47b3-b4c9-827d0c7ba64a,2020-12-19,2020-12-20,230.06,0.1323815150745179,0,250.17737222222232,258.19,20.117372222222315,250.17737222222232
effc88f4-5e63-45ee-48fb-399a04d34522,4c4bc7b4-117e-47b3-b4c9-827d0c7ba64a,2020-12-20,2020-12-21,230.5,0.0856808554685894,0,237.12204444444455,230.06,6.622044444444583,237.12204444444455
effc88f4-5e63-45ee-48fb-399a04d34522,4c4bc7b4-117e-47b3-b4c9-827d0c7ba64a,2020-12-21,2020-12-22,244.6,0.0785287150221736,0,232.4312222222223,230.5,12.168777777777706,232.4312222222223
effc88f4-5e63-45ee-48fb-399a04d34522,4c4bc7b4-117e-47b3-b4c9-827d0c7ba64a,2020-12-22,2020-12-23,229.65,0.1121815748968511,0,232.43472222222212,244.6,2.7847222222221437,232.43472222222212
effc88f4-5e63-45ee-48fb-399a04d34522,4c4bc7b4-117e-47b3-b4c9-827d0c7ba64a,2020-12-23,2020-12-24,242.61,0.09264175155955,0,239.33426666666685,229.65,3.2757333333331644,239.33426666666685
effc88f4-5e63-45ee-48fb-399a04d34522,4c4bc7b4-117e-47b3-b4c9-827d0c7ba64a,2020-12-24,2020-12-25,235.37,0.0858304949699093,0,237.89338333333328,242.61,2.523383333333271,237.89338333333328
effc88f4-5e63-45ee-48fb-399a04d34522,4c4bc7b4-117e-47b3-b4c9-827d0c7ba64a,2020-12-25,2020-12-26,250.42,0.0819704413004556,0,244.45750555555531,235.37,5.962494444444644,244.45750555555531
effc88f4-5e63-45ee-48fb-399a04d34522,4c4bc7b4-117e-47b3-b4c9-827d0c7ba64a,2020-12-26,2020-12-27,250.48,0.1034954661045397,0,246.39610000000005,250.42,4.083899999999943,246.39610000000005
effc88f4-5e63-45ee-48fb-399a04d34522,4c4bc7b4-117e-47b3-b4c9-827d0c7ba64a,2020-12-27,2020-12-28,235.0,0.0764823456307303,0,243.82007222222225,250.48,8.820072222222223,243.82007222222225
effc88f4-5e63-45ee-48fb-399a04d34522,4c4bc7b4-117e-47b3-b4c9-827d0c7ba64a,2020-12-28,2020-12-29,217.51,0.1195510936003077,0,240.39834444444455,235.0,22.888344444444584,240.39834444444455
effc88f4-5e63-45ee-48fb-399a04d34522,4c4bc7b4-117e-47b3-b4c9-827d0c7ba64a,2020-12-29,2020-12-30,250.39,0.0914419415733689,0,241.61236666666684,217.51,8.777633333333142,241.61236666666684
effc88f4-5e63-45ee-48fb-399a04d34522,4c4bc7b4-117e-47b3-b4c9-827d0c7ba64a,2020-12-30,2020-12-31,230.61,0.1505436922379743,1,0.0,250.39,230.61,250.39
f626d3f9-95e0-4677-2319-599b8a9a953c,82d7852e-ca6d-4773-18e1-dd4a2cb51f7e,2020-08-23,2020-08-24,185.74,0.1947580642762027,1,0.0,184.46,185.74,184.46
f626d3f9-95e0-4677-2319-599b8a9a953c,82d7852e-ca6d-4773-18e1-dd4a2cb51f7e,2020-08-24,2020-08-25,173.77,0.0595595440465479,0,183.3378083333332,185.74,9.567808333333204,183.3378083333332
f626d3f9-95e0-4677-2319-599b8a9a953c,82d7852e-ca6d-4773-18e1-dd4a2cb51f7e,2020-08-25,2020-08-26,194.22,0.0693865995717716,0,190.1565444444445,173.77,4.0634555555554925,190.1565444444445
f626d3f9-95e0-4677-2319-599b8a9a953c,82d7852e-ca6d-4773-18e1-dd4a2cb51f7e,2020-08-26,2020-08-27,177.37,0.1537222861638702,1,0.0,194.22,177.37,194.22
f626d3f9-95e0-4677-2319-599b8a9a953c,82d7852e-ca6d-4773-18e1-dd4a2cb51f7e,2020-08-27,2020-08-28,176.05,0.246755554076425,1,0.0,177.37,176.05,177.37
f626d3f9-95e0-4677-2319-599b8a9a953c,82d7852e-ca6d-4773-18e1-dd4a2cb51f7e,2020-08-28,2020-08-29,190.48,0.1745200328639491,1,0.0,176.05,190.48,176.05
f626d3f9-95e0-4677-2319-599b8a9a953c,82d7852e-ca6d-4773-18e1-dd4a2cb51f7e,2020-08-29,2020-08-30,172.4,0.4798280245429278,1,0.0,190.48,172.4,190.48
f626d3f9-95e0-4677-2319-599b8a9a953c,82d7852e-ca6d-4773-18e1-dd4a2cb51f7e,2020-08-30,2020-08-31,180.65,0.3821705358334024,1,0.0,172.4,180.65,172.4
f626d3f9-95e0-4677-2319-599b8a9a953c,82d7852e-ca6d-4773-18e1-dd4a2cb51f7e,2020-08-31,2020-09-01,171.33,0.1213990277150266,0,188.45864999999992,180.65,17.128649999999908,188.45864999999992
f626d3f9-95e0-4677-2319-599b8a9a953c,82d7852e-ca6d-4773-18e1-dd4a2cb51f7e,2020-09-01,2020-09-02,201.32,0.1950190730627539,1,0.0,171.33,201.32,171.33
f626d3f9-95e0-4677-2319-599b8a9a953c,82d7852e-ca6d-4773-18e1-dd4a2cb51f7e,2020-09-02,2020-09-03,199.05,0.2242686528022493,1,0.0,201.32,199.05,201.32
f626d3f9-95e0-4677-2319-599b8a9a953c,82d7852e-ca6d-4773-18e1-dd4a2cb51f7e,2020-09-03,2020-09-04,176.24,0.148610325657295,0,190.70157777777777,199.05,14.461577777777762,190.70157777777777
f626d3f9-95e0-4677-2319-599b8a9a953c,82d7852e-ca6d-4773-18e1-dd4a2cb51f7e,2020-09-04,2020-09-05,181.74,0.1745459114027005,1,0.0,176.24,181.74,176.24
f626d3f9-95e0-4677-2319-599b8a9a953c,82d7852e-ca6d-4773-18e1-dd4a2cb51f7e,2020-09-05,2020-09-06,176.99,0.1879540304310201,1,0.0,181.74,176.99,181.74
f626d3f9-95e0-4677-2319-599b8a9a953c,82d7852e-ca6d-4773-18e1-dd4a2cb51f7e,2020-09-06,2020-09-07,173.75,0.3028238124377576,1,0.0,176.99,173.75,176.99
f626d3f9-95e0-4677-2319-599b8a9a953c,82d7852e-ca6d-4773-18e1-dd4a2cb51f7e,2020-09-07,2020-09-08,177.73,0.1905159558078466,1,0.0,173.75,177.73,173.75
f626d3f9-95e0-4677-2319-599b8a9a953c,82d7852e-ca6d-4773-18e1-dd4a2cb51f7e,2020-09-08,2020-09-09,176.18,0.1671577971440614,1,0.0,177.73,176.18,177.73
f626d3f9-95e0-4677-2319-599b8a9a953c,82d7852e-ca6d-4773-18e1-dd4a2cb51f7e,2020-09-09,2020-09-10,163.49,0.2797807002697905,1,0.0,176.18,163.49,176.18
f626d3f9-95e0-4677-2319-599b8a9a953c,82d7852e-ca6d-4773-18e1-dd4a2cb51f7e,2020-09-10,2020-09-11,178.61,0.0978747200030874,0,189.255238888889,163.49,10.645238888888995,189.255238888889
f626d3f9-95e0-4677-2319-599b8a9a953c,82d7852e-ca6d-4773-18e1-dd4a2cb51f7e,2020-09-11,2020-09-12,175.78,0.2321020209674718,1,0.0,178.61,175.78,178.61
f626d3f9-95e0-4677-2319-599b8a9a953c,82d7852e-ca6d-4773-18e1-dd4a2cb51f7e,2020-09-12,2020-09-13,178.79,0.294053119129219,1,0.0,175.78,178.79,175.78
f626d3f9-95e0-4677-2319-599b8a9a953c,82d7852e-ca6d-4773-18e1-dd4a2cb51f7e,2020-09-13,2020-09-14,175.21,0.2460344616312348,1,0.0,178.79,175.21,178.79
f626d3f9-95e0-4677-2319-599b8a9a953c,82d7852e-ca6d-4773-18e1-dd4a2cb51f7e,2020-09-14,2020-09-15,172.63,0.1183677334477158,0,189.1193888888889,175.21,16.489388888888897,189.1193888888889
f626d3f9-95e0-4677-2319-599b8a9a953c,82d7852e-ca6d-4773-18e1-dd4a2cb51f7e,2020-09-15,2020-09-16,183.5,0.1903993518709464,1,0.0,172.63,183.5,172.63
f626d3f9-95e0-4677-2319-599b8a9a953c,82d7852e-ca6d-4773-18e1-dd4a2cb51f7e,2020-09-16,2020-09-17,180.26,0.2001940937587881,1,0.0,183.5,180.26,183.5
f626d3f9-95e0-4677-2319-599b8a9a953c,82d7852e-ca6d-4773-18e1-dd4a2cb51f7e,2020-09-17,2020-09-18,188.08,0.2077889453525868,1,0.0,180.26,188.08,180.26
f626d3f9-95e0-4677-2319-599b8a9a953c,82d7852e-ca6d-4773-18e1-dd4a2cb51f7e,2020-09-18,2020-09-19,179.67,0.3155165559360061,1,0.0,188.08,179.67,188.08
f626d3f9-95e0-4677-2319-599b8a9a953c,82d7852e-ca6d-4773-18e1-dd4a2cb51f7e,2020-09-19,2020-09-20,173.44,0.2019279049408578,1,0.0,179.67,173.44,179.67
f626d3f9-95e0-4677-2319-599b8a9a953c,82d7852e-ca6d-4773-18e1-dd4a2cb51f7e,2020-09-20,2020-09-21,180.52,0.2829514399833605,1,0.0,173.44,180.52,173.44
f626d3f9-95e0-4677-2319-599b8a9a953c,82d7852e-ca6d-4773-18e1-dd4a2cb51f7e,2020-09-21,2020-09-22,158.43,0.2133979961220059,1,0.0,180.52,158.43,180.52
f626d3f9-95e0-4677-2319-599b8a9a953c,82d7852e-ca6d-4773-18e1-dd4a2cb51f7e,2020-09-22,2020-09-23,194.2,0.1539848979775482,1,0.0,158.43,194.2,158.43
f626d3f9-95e0-4677-2319-599b8a9a953c,82d7852e-ca6d-4773-18e1-dd4a2cb51f7e,2020-09-23,2020-09-24,177.11,0.2338162307760831,1,0.0,194.2,177.11,194.2
f626d3f9-95e0-4677-2319-599b8a9a953c,82d7852e-ca6d-4773-18e1-dd4a2cb51f7e,2020-09-24,2020-09-25,0.0,0.1816986354273466,1,0.0,177.11,0.0,177.11
f626d3f9-95e0-4677-2319-599b8a9a953c,82d7852e-ca6d-4773-18e1-dd4a2cb51f7e,2020-09-27,2020-09-28,177.47,0.2715895291381954,1,0.0,164.88,177.47,164.88
f626d3f9-95e0-4677-2319-599b8a9a953c,82d7852e-ca6d-4773-18e1-dd4a2cb51f7e,2020-09-28,2020-09-29,177.33,0.080216903533463,0,184.338811111111,177.47,7.008811111110987,184.338811111111
f626d3f9-95e0-4677-2319-599b8a9a953c,82d7852e-ca6d-4773-18e1-dd4a2cb51f7e,2020-09-29,2020-09-30,177.0,0.2102890347400091,1,0.0,177.33,177.0,177.33
f626d3f9-95e0-4677-2319-599b8a9a953c,82d7852e-ca6d-4773-18e1-dd4a2cb51f7e,2020-09-30,2020-10-01,175.55,0.1165165141856848,0,185.1869944444446,177.0,9.636994444444582,185.1869944444446
f626d3f9-95e0-4677-2319-599b8a9a953c,82d7852e-ca6d-4773-18e1-dd4a2cb51f7e,2020-10-01,2020-10-02,168.45,0.1226560888831999,0,184.9311388888888,175.55,16.481138888888836,184.9311388888888
f626d3f9-95e0-4677-2319-599b8a9a953c,82d7852e-ca6d-4773-18e1-dd4a2cb51f7e,2020-10-02,2020-10-03,161.28,0.4422893598737006,1,0.0,168.45,161.28,168.45
f626d3f9-95e0-4677-2319-599b8a9a953c,82d7852e-ca6d-4773-18e1-dd4a2cb51f7e,2020-10-03,2020-10-04,176.09,0.1372640543670881,0,183.256025,161.28,7.166025000000019,183.256025
f626d3f9-95e0-4677-2319-599b8a9a953c,82d7852e-ca6d-4773-18e1-dd4a2cb51f7e,2020-10-04,2020-10-05,162.74,0.3242794500357568,1,0.0,176.09,162.74,176.09
f626d3f9-95e0-4677-2319-599b8a9a953c,82d7852e-ca6d-4773-18e1-dd4a2cb51f7e,2020-10-05,2020-10-06,161.88,0.2736980294050906,1,0.0,162.74,161.88,162.74
f626d3f9-95e0-4677-2319-599b8a9a953c,82d7852e-ca6d-4773-18e1-dd4a2cb51f7e,2020-10-06,2020-10-07,170.05,0.2706978818032952,1,0.0,161.88,170.05,161.88
f626d3f9-95e0-4677-2319-599b8a9a953c,82d7852e-ca6d-4773-18e1-dd4a2cb51f7e,2020-10-07,2020-10-08,176.99,0.1726723323673576,1,0.0,170.05,176.99,170.05
f626d3f9-95e0-4677-2319-599b8a9a953c,82d7852e-ca6d-4773-18e1-dd4a2cb51f7e,2020-10-08,2020-10-09,191.21,0.2443897501468923,1,0.0,176.99,191.21,176.99
f626d3f9-95e0-4677-2319-599b8a9a953c,82d7852e-ca6d-4773-18e1-dd4a2cb51f7e,2020-10-09,2020-10-10,181.7,0.3160159516268974,1,0.0,191.21,181.7,191.21
f626d3f9-95e0-4677-2319-599b8a9a953c,82d7852e-ca6d-4773-18e1-dd4a2cb51f7e,2020-10-10,2020-10-11,185.77,0.2792454978127397,1,0.0,181.7,185.77,181.7
f626d3f9-95e0-4677-2319-599b8a9a953c,82d7852e-ca6d-4773-18e1-dd4a2cb51f7e,2020-10-11,2020-10-12,178.58,0.2811983407217885,1,0.0,185.77,178.58,185.77
f626d3f9-95e0-4677-2319-599b8a9a953c,82d7852e-ca6d-4773-18e1-dd4a2cb51f7e,2020-10-12,2020-10-13,175.94,0.2340076397824469,1,0.0,178.58,175.94,178.58
f626d3f9-95e0-4677-2319-599b8a9a953c,82d7852e-ca6d-4773-18e1-dd4a2cb51f7e,2020-10-13,2020-10-14,195.69,0.2324454030875548,1,0.0,175.94,195.69,175.94
f626d3f9-95e0-4677-2319-599b8a9a953c,82d7852e-ca6d-4773-18e1-dd4a2cb51f7e,2020-10-14,2020-10-15,161.51,0.3161643727559772,1,0.0,195.69,161.51,195.69
f626d3f9-95e0-4677-2319-599b8a9a953c,82d7852e-ca6d-4773-18e1-dd4a2cb51f7e,2020-10-15,2020-10-16,168.94,0.3233089658613635,1,0.0,161.51,168.94,161.51
f626d3f9-95e0-4677-2319-599b8a9a953c,82d7852e-ca6d-4773-18e1-dd4a2cb51f7e,2020-10-16,2020-10-17,169.51,0.4472794197838853,1,0.0,168.94,169.51,168.94
f626d3f9-95e0-4677-2319-599b8a9a953c,82d7852e-ca6d-4773-18e1-dd4a2cb51f7e,2020-10-17,2020-10-18,180.16,0.4609802080700825,1,0.0,169.51,180.16,169.51
f626d3f9-95e0-4677-2319-599b8a9a953c,82d7852e-ca6d-4773-18e1-dd4a2cb51f7e,2020-10-18,2020-10-19,163.98,0.2924742117730204,1,0.0,180.16,163.98,180.16
f626d3f9-95e0-4677-2319-599b8a9a953c,82d7852e-ca6d-4773-18e1-dd4a2cb51f7e,2020-10-19,2020-10-20,178.82,0.1791420836213792,1,0.0,163.98,178.82,163.98
f626d3f9-95e0-4677-2319-599b8a9a953c,82d7852e-ca6d-4773-18e1-dd4a2cb51f7e,2020-10-20,2020-10-21,177.09,0.2413182861748977,1,0.0,178.82,177.09,178.82
f626d3f9-95e0-4677-2319-599b8a9a953c,82d7852e-ca6d-4773-18e1-dd4a2cb51f7e,2020-10-21,2020-10-22,179.09,0.2128507196576873,1,0.0,177.09,179.09,177.09
f626d3f9-95e0-4677-2319-599b8a9a953c,82d7852e-ca6d-4773-18e1-dd4a2cb51f7e,2020-10-22,2020-10-23,178.84,0.3089384152981739,1,0.0,179.09,178.84,179.09
f626d3f9-95e0-4677-2319-599b8a9a953c,82d7852e-ca6d-4773-18e1-dd4a2cb51f7e,2020-10-23,2020-10-24,185.52,0.3667299076739343,1,0.0,178.84,185.52,178.84
f626d3f9-95e0-4677-2319-599b8a9a953c,82d7852e-ca6d-4773-18e1-dd4a2cb51f7e,2020-10-24,2020-10-25,171.28,0.413059014712863,1,0.0,185.52,171.28,185.52
f626d3f9-95e0-4677-2319-599b8a9a953c,82d7852e-ca6d-4773-18e1-dd4a2cb51f7e,2020-10-25,2020-10-26,0.0,0.298531967581694,1,0.0,171.28,0.0,171.28
f626d3f9-95e0-4677-2319-599b8a9a953c,82d7852e-ca6d-4773-18e1-dd4a2cb51f7e,2020-10-26,2020-10-27,165.34,0.1187891509457153,0,191.70609999999996,0.0,26.36609999999993,191.70609999999996
f626d3f9-95e0-4677-2319-599b8a9a953c,82d7852e-ca6d-4773-18e1-dd4a2cb51f7e,2020-10-27,2020-10-28,163.39,0.1942608421987439,1,0.0,165.34,163.39,165.34
f626d3f9-95e0-4677-2319-599b8a9a953c,82d7852e-ca6d-4773-18e1-dd4a2cb51f7e,2020-10-28,2020-10-29,187.2,0.2106384772734633,1,0.0,163.39,187.2,163.39
f626d3f9-95e0-4677-2319-599b8a9a953c,82d7852e-ca6d-4773-18e1-dd4a2cb51f7e,2020-10-29,2020-10-30,164.49,0.3372763830934468,1,0.0,187.2,164.49,187.2
f626d3f9-95e0-4677-2319-599b8a9a953c,82d7852e-ca6d-4773-18e1-dd4a2cb51f7e,2020-10-30,2020-10-31,176.81,0.2755124113651717,1,0.0,164.49,176.81,164.49
f626d3f9-95e0-4677-2319-599b8a9a953c,82d7852e-ca6d-4773-18e1-dd4a2cb51f7e,2020-10-31,2020-11-01,175.77,0.4530089660906736,1,0.0,176.81,175.77,176.81
f626d3f9-95e0-4677-2319-599b8a9a953c,82d7852e-ca6d-4773-18e1-dd4a2cb51f7e,2020-11-01,2020-11-02,181.44,0.2725734651660732,1,0.0,175.77,181.44,175.77
f626d3f9-95e0-4677-2319-599b8a9a953c,82d7852e-ca6d-4773-18e1-dd4a2cb51f7e,2020-11-02,2020-11-03,157.41,0.2381650572009208,1,0.0,181.44,157.41,181.44
f626d3f9-95e0-4677-2319-599b8a9a953c,82d7852e-ca6d-4773-18e1-dd4a2cb51f7e,2020-11-03,2020-11-04,178.73,0.2755983353413936,1,0.0,157.41,178.73,157.41
f626d3f9-95e0-4677-2319-599b8a9a953c,82d7852e-ca6d-4773-18e1-dd4a2cb51f7e,2020-11-04,2020-11-05,170.37,0.2775218128155148,1,0.0,178.73,170.37,178.73
f626d3f9-95e0-4677-2319-599b8a9a953c,82d7852e-ca6d-4773-18e1-dd4a2cb51f7e,2020-11-05,2020-11-06,165.75,0.275064713007856,1,0.0,170.37,165.75,170.37
f626d3f9-95e0-4677-2319-599b8a9a953c,82d7852e-ca6d-4773-18e1-dd4a2cb51f7e,2020-11-06,2020-11-07,168.6,0.2705012306617113,1,0.0,165.75,168.6,165.75
f626d3f9-95e0-4677-2319-599b8a9a953c,82d7852e-ca6d-4773-18e1-dd4a2cb51f7e,2020-11-07,2020-11-08,179.74,0.4263040587908328,1,0.0,168.6,179.74,168.6
f626d3f9-95e0-4677-2319-599b8a9a953c,82d7852e-ca6d-4773-18e1-dd4a2cb51f7e,2020-11-08,2020-11-09,176.94,0.3796752921053091,1,0.0,179.74,176.94,179.74
f626d3f9-95e0-4677-2319-599b8a9a953c,82d7852e-ca6d-4773-18e1-dd4a2cb51f7e,2020-11-09,2020-11-10,169.43,0.1960576089598468,1,0.0,176.94,169.43,176.94
f626d3f9-95e0-4677-2319-599b8a9a953c,82d7852e-ca6d-4773-18e1-dd4a2cb51f7e,2020-11-10,2020-11-11,0.0,0.2878514963610798,1,0.0,169.43,0.0,169.43
f626d3f9-95e0-4677-2319-599b8a9a953c,82d7852e-ca6d-4773-18e1-dd4a2cb51f7e,2020-11-11,2020-11-12,161.52,0.1218412778701101,0,189.56097777777765,0.0,28.04097777777764,189.56097777777765
f626d3f9-95e0-4677-2319-599b8a9a953c,82d7852e-ca6d-4773-18e1-dd4a2cb51f7e,2020-11-12,2020-11-13,176.85,0.4528401415672293,1,0.0,161.52,176.85,161.52
f626d3f9-95e0-4677-2319-599b8a9a953c,82d7852e-ca6d-4773-18e1-dd4a2cb51f7e,2020-11-13,2020-11-14,159.72,0.3660112362770553,1,0.0,176.85,159.72,176.85
f626d3f9-95e0-4677-2319-599b8a9a953c,82d7852e-ca6d-4773-18e1-dd4a2cb51f7e,2020-11-14,2020-11-15,169.19,0.2848397617966461,1,0.0,159.72,169.19,159.72
f626d3f9-95e0-4677-2319-599b8a9a953c,82d7852e-ca6d-4773-18e1-dd4a2cb51f7e,2020-11-15,2020-11-16,194.53,0.34966091979319,1,0.0,169.19,194.53,169.19
f626d3f9-95e0-4677-2319-599b8a9a953c,82d7852e-ca6d-4773-18e1-dd4a2cb51f7e,2020-11-16,2020-11-17,174.01,0.2243447902699704,1,0.0,194.53,174.01,194.53
f626d3f9-95e0-4677-2319-599b8a9a953c,82d7852e-ca6d-4773-18e1-dd4a2cb51f7e,2020-11-17,2020-11-18,176.43,0.3382794806179749,1,0.0,174.01,176.43,174.01
f626d3f9-95e0-4677-2319-599b8a9a953c,82d7852e-ca6d-4773-18e1-dd4a2cb51f7e,2020-11-18,2020-11-19,161.15,0.1915441124940702,1,0.0,176.43,161.15,176.43
f626d3f9-95e0-4677-2319-599b8a9a953c,82d7852e-ca6d-4773-18e1-dd4a2cb51f7e,2020-11-19,2020-11-20,159.76,0.360879261914185,1,0.0,161.15,159.76,161.15
f626d3f9-95e0-4677-2319-599b8a9a953c,82d7852e-ca6d-4773-18e1-dd4a2cb51f7e,2020-11-20,2020-11-21,176.7,0.4637237159210048,1,0.0,159.76,176.7,159.76
f626d3f9-95e0-4677-2319-599b8a9a953c,82d7852e-ca6d-4773-18e1-dd4a2cb51f7e,2020-11-21,2020-11-22,167.37,0.4494008573238018,1,0.0,176.7,167.37,176.7
f626d3f9-95e0-4677-2319-599b8a9a953c,82d7852e-ca6d-4773-18e1-dd4a2cb51f7e,2020-11-22,2020-11-23,179.95,0.4695224150852711,1,0.0,167.37,179.95,167.37
f626d3f9-95e0-4677-2319-599b8a9a953c,82d7852e-ca6d-4773-18e1-dd4a2cb51f7e,2020-11-23,2020-11-24,170.85,0.2388665297627511,1,0.0,179.95,170.85,179.95
f626d3f9-95e0-4677-2319-599b8a9a953c,82d7852e-ca6d-4773-18e1-dd4a2cb51f7e,2020-11-24,2020-11-25,202.57,0.2245583214273372,1,0.0,170.85,202.57,170.85
f626d3f9-95e0-4677-2319-599b8a9a953c,82d7852e-ca6d-4773-18e1-dd4a2cb51f7e,2020-11-25,2020-11-26,165.55,0.3016550548063594,1,0.0,202.57,165.55,202.57
f626d3f9-95e0-4677-2319-599b8a9a953c,82d7852e-ca6d-4773-18e1-dd4a2cb51f7e,2020-11-26,2020-11-27,172.78,0.2642228697286741,1,0.0,165.55,172.78,165.55
f626d3f9-95e0-4677-2319-599b8a9a953c,82d7852e-ca6d-4773-18e1-dd4a2cb51f7e,2020-11-27,2020-11-28,162.8,0.3509967445024679,1,0.0,172.78,162.8,172.78
f626d3f9-95e0-4677-2319-599b8a9a953c,82d7852e-ca6d-4773-18e1-dd4a2cb51f7e,2020-11-28,2020-11-29,179.2,0.4085329615194756,1,0.0,162.8,179.2,162.8
f626d3f9-95e0-4677-2319-599b8a9a953c,82d7852e-ca6d-4773-18e1-dd4a2cb51f7e,2020-11-29,2020-11-30,173.92,0.5104602034592489,1,0.0,179.2,173.92,179.2
f626d3f9-95e0-4677-2319-599b8a9a953c,82d7852e-ca6d-4773-18e1-dd4a2cb51f7e,2020-11-30,2020-12-01,162.09,0.3741807673331062,1,0.0,173.92,162.09,173.92
f626d3f9-95e0-4677-2319-599b8a9a953c,82d7852e-ca6d-4773-18e1-dd4a2cb51f7e,2020-12-01,2020-12-02,167.34,0.2656435174715739,1,0.0,162.09,167.34,162.09
f626d3f9-95e0-4677-2319-599b8a9a953c,82d7852e-ca6d-4773-18e1-dd4a2cb51f7e,2020-12-02,2020-12-03,182.02,0.2968771888370473,1,0.0,167.34,182.02,167.34
f626d3f9-95e0-4677-2319-599b8a9a953c,82d7852e-ca6d-4773-18e1-dd4a2cb51f7e,2020-12-03,2020-12-04,180.87,0.3064733808020346,1,0.0,182.02,180.87,182.02
f626d3f9-95e0-4677-2319-599b8a9a953c,82d7852e-ca6d-4773-18e1-dd4a2cb51f7e,2020-12-04,2020-12-05,158.25,0.3132054827711602,1,0.0,180.87,158.25,180.87
f626d3f9-95e0-4677-2319-599b8a9a953c,82d7852e-ca6d-4773-18e1-dd4a2cb51f7e,2020-12-05,2020-12-06,165.88,0.3624335466166102,1,0.0,158.25,165.88,158.25
f626d3f9-95e0-4677-2319-599b8a9a953c,82d7852e-ca6d-4773-18e1-dd4a2cb51f7e,2020-12-06,2020-12-07,185.91,0.4327771781872931,1,0.0,165.88,185.91,165.88
f626d3f9-95e0-4677-2319-599b8a9a953c,82d7852e-ca6d-4773-18e1-dd4a2cb51f7e,2020-12-07,2020-12-08,0.0,0.281060675551542,1,0.0,185.91,0.0,185.91
f626d3f9-95e0-4677-2319-599b8a9a953c,82d7852e-ca6d-4773-18e1-dd4a2cb51f7e,2020-12-08,2020-12-09,171.18,0.1275650477577099,0,189.2341444444444,0.0,18.054144444444372,189.2341444444444
f626d3f9-95e0-4677-2319-599b8a9a953c,82d7852e-ca6d-4773-18e1-dd4a2cb51f7e,2020-12-09,2020-12-10,178.5,0.2954657364687755,1,0.0,171.18,178.5,171.18
f626d3f9-95e0-4677-2319-599b8a9a953c,82d7852e-ca6d-4773-18e1-dd4a2cb51f7e,2020-12-10,2020-12-11,158.59,0.3246572705587484,1,0.0,178.5,158.59,178.5
f626d3f9-95e0-4677-2319-599b8a9a953c,82d7852e-ca6d-4773-18e1-dd4a2cb51f7e,2020-12-11,2020-12-12,161.68,0.4744512272088136,1,0.0,158.59,161.68,158.59
f626d3f9-95e0-4677-2319-599b8a9a953c,82d7852e-ca6d-4773-18e1-dd4a2cb51f7e,2020-12-12,2020-12-13,0.0,0.4227957785919205,1,0.0,161.68,0.0,161.68
f626d3f9-95e0-4677-2319-599b8a9a953c,82d7852e-ca6d-4773-18e1-dd4a2cb51f7e,2020-12-13,2020-12-14,179.86,0.1389337511565832,0,183.54158333333336,0.0,3.68158333333335,183.54158333333336
f626d3f9-95e0-4677-2319-599b8a9a953c,82d7852e-ca6d-4773-18e1-dd4a2cb51f7e,2020-12-14,2020-12-15,178.15,0.1663467595845263,1,0.0,179.86,178.15,179.86
f626d3f9-95e0-4677-2319-599b8a9a953c,82d7852e-ca6d-4773-18e1-dd4a2cb51f7e,2020-12-15,2020-12-16,175.44,0.3054528127825316,1,0.0,178.15,175.44,178.15
f626d3f9-95e0-4677-2319-599b8a9a953c,82d7852e-ca6d-4773-18e1-dd4a2cb51f7e,2020-12-16,2020-12-17,168.01,0.2530405593065366,1,0.0,175.44,168.01,175.44
f626d3f9-95e0-4677-2319-599b8a9a953c,82d7852e-ca6d-4773-18e1-dd4a2cb51f7e,2020-12-17,2020-12-18,178.96,0.2846104571215818,1,0.0,168.01,178.96,168.01
f626d3f9-95e0-4677-2319-599b8a9a953c,82d7852e-ca6d-4773-18e1-dd4a2cb51f7e,2020-12-18,2020-12-19,167.79,0.3251900335114618,1,0.0,178.96,167.79,178.96
f626d3f9-95e0-4677-2319-599b8a9a953c,82d7852e-ca6d-4773-18e1-dd4a2cb51f7e,2020-12-19,2020-12-20,173.98,0.2786911507092441,1,0.0,167.79,173.98,167.79
f626d3f9-95e0-4677-2319-599b8a9a953c,82d7852e-ca6d-4773-18e1-dd4a2cb51f7e,2020-12-20,2020-12-21,176.85,0.300682941368555,1,0.0,173.98,176.85,173.98
f626d3f9-95e0-4677-2319-599b8a9a953c,82d7852e-ca6d-4773-18e1-dd4a2cb51f7e,2020-12-21,2020-12-22,183.87,0.2377361260413713,1,0.0,176.85,183.87,176.85
f626d3f9-95e0-4677-2319-599b8a9a953c,82d7852e-ca6d-4773-18e1-dd4a2cb51f7e,2020-12-22,2020-12-23,168.38,0.3246277695666494,1,0.0,183.87,168.38,183.87
f626d3f9-95e0-4677-2319-599b8a9a953c,82d7852e-ca6d-4773-18e1-dd4a2cb51f7e,2020-12-23,2020-12-24,165.77,0.3410284121994061,1,0.0,168.38,165.77,168.38
f626d3f9-95e0-4677-2319-599b8a9a953c,82d7852e-ca6d-4773-18e1-dd4a2cb51f7e,2020-12-24,2020-12-25,180.04,0.4417908351828478,1,0.0,165.77,180.04,165.77
f626d3f9-95e0-4677-2319-599b8a9a953c,82d7852e-ca6d-4773-18e1-dd4a2cb51f7e,2020-12-25,2020-12-26,180.67,0.3622050745922486,1,0.0,180.04,180.67,180.04
f626d3f9-95e0-4677-2319-599b8a9a953c,82d7852e-ca6d-4773-18e1-dd4a2cb51f7e,2020-12-26,2020-12-27,164.12,0.378530842463351,1,0.0,180.67,164.12,180.67
f626d3f9-95e0-4677-2319-599b8a9a953c,82d7852e-ca6d-4773-18e1-dd4a2cb51f7e,2020-12-27,2020-12-28,159.53,0.3444314608393784,1,0.0,164.12,159.53,164.12
f626d3f9-95e0-4677-2319-599b8a9a953c,82d7852e-ca6d-4773-18e1-dd4a2cb51f7e,2020-12-28,2020-12-29,179.12,0.3086656524483064,1,0.0,159.53,179.12,159.53
f626d3f9-95e0-4677-2319-599b8a9a953c,82d7852e-ca6d-4773-18e1-dd4a2cb51f7e,2020-12-29,2020-12-30,155.2,0.2629702231614221,1,0.0,179.12,155.2,179.12
f626d3f9-95e0-4677-2319-599b8a9a953c,82d7852e-ca6d-4773-18e1-dd4a2cb51f7e,2020-12-30,2020-12-31,154.75,0.3454440724600847,1,0.0,155.2,154.75,155.2
f9572edd-55d8-477a-d5c3-6efe5def0bfc,4c4bc7b4-117e-47b3-b4c9-827d0c7ba64a,2020-08-23,2020-08-24,228.1,0.1632589649965077,1,0.0,224.52,228.1,224.52
f9572edd-55d8-477a-d5c3-6efe5def0bfc,4c4bc7b4-117e-47b3-b4c9-827d0c7ba64a,2020-08-24,2020-08-25,205.08,0.181918767727696,1,0.0,228.1,205.08,228.1
f9572edd-55d8-477a-d5c3-6efe5def0bfc,4c4bc7b4-117e-47b3-b4c9-827d0c7ba64a,2020-08-25,2020-08-26,215.13,0.1428599710974298,0,215.36665000000008,205.08,0.2366500000000826,215.36665000000008
f9572edd-55d8-477a-d5c3-6efe5def0bfc,4c4bc7b4-117e-47b3-b4c9-827d0c7ba64a,2020-08-26,2020-08-27,208.85,0.2202284121603638,1,0.0,215.13,208.85,215.13
f9572edd-55d8-477a-d5c3-6efe5def0bfc,4c4bc7b4-117e-47b3-b4c9-827d0c7ba64a,2020-08-27,2020-08-28,207.96,0.2403445510698788,1,0.0,208.85,207.96,208.85
f9572edd-55d8-477a-d5c3-6efe5def0bfc,4c4bc7b4-117e-47b3-b4c9-827d0c7ba64a,2020-08-28,2020-08-29,233.38,0.2518973990581482,1,0.0,207.96,233.38,207.96
f9572edd-55d8-477a-d5c3-6efe5def0bfc,4c4bc7b4-117e-47b3-b4c9-827d0c7ba64a,2020-08-29,2020-08-30,226.5,0.1408667041501813,0,219.1519888888889,233.38,7.348011111111106,219.1519888888889
f9572edd-55d8-477a-d5c3-6efe5def0bfc,4c4bc7b4-117e-47b3-b4c9-827d0c7ba64a,2020-08-30,2020-08-31,216.9,0.2312934009469688,1,0.0,226.5,216.9,226.5
f9572edd-55d8-477a-d5c3-6efe5def0bfc,4c4bc7b4-117e-47b3-b4c9-827d0c7ba64a,2020-08-31,2020-09-01,231.38,0.2523999626917584,1,0.0,216.9,231.38,216.9
f9572edd-55d8-477a-d5c3-6efe5def0bfc,4c4bc7b4-117e-47b3-b4c9-827d0c7ba64a,2020-09-01,2020-09-02,226.53,0.3602681110830348,1,0.0,231.38,226.53,231.38
f9572edd-55d8-477a-d5c3-6efe5def0bfc,4c4bc7b4-117e-47b3-b4c9-827d0c7ba64a,2020-09-02,2020-09-03,208.64,0.1407338382641102,0,216.4176944444444,226.53,7.777694444444421,216.4176944444444
f9572edd-55d8-477a-d5c3-6efe5def0bfc,4c4bc7b4-117e-47b3-b4c9-827d0c7ba64a,2020-09-03,2020-09-04,197.15,0.2789388148681703,1,0.0,208.64,197.15,208.64
f9572edd-55d8-477a-d5c3-6efe5def0bfc,4c4bc7b4-117e-47b3-b4c9-827d0c7ba64a,2020-09-04,2020-09-05,189.03,0.2577824150711116,1,0.0,197.15,189.03,197.15
f9572edd-55d8-477a-d5c3-6efe5def0bfc,4c4bc7b4-117e-47b3-b4c9-827d0c7ba64a,2020-09-05,2020-09-06,201.47,0.2102091409994387,1,0.0,189.03,201.47,189.03
f9572edd-55d8-477a-d5c3-6efe5def0bfc,4c4bc7b4-117e-47b3-b4c9-827d0c7ba64a,2020-09-06,2020-09-07,229.88,0.1892235911904519,1,0.0,201.47,229.88,201.47
f9572edd-55d8-477a-d5c3-6efe5def0bfc,4c4bc7b4-117e-47b3-b4c9-827d0c7ba64a,2020-09-07,2020-09-08,211.44,0.1995480360150932,1,0.0,229.88,211.44,229.88
f9572edd-55d8-477a-d5c3-6efe5def0bfc,4c4bc7b4-117e-47b3-b4c9-827d0c7ba64a,2020-09-08,2020-09-09,221.22,0.2127167064594651,1,0.0,211.44,221.22,211.44
f9572edd-55d8-477a-d5c3-6efe5def0bfc,4c4bc7b4-117e-47b3-b4c9-827d0c7ba64a,2020-09-09,2020-09-10,217.65,0.2713859051790598,1,0.0,221.22,217.65,221.22
f9572edd-55d8-477a-d5c3-6efe5def0bfc,4c4bc7b4-117e-47b3-b4c9-827d0c7ba64a,2020-09-10,2020-09-11,0.0,0.2608582569485118,1,0.0,217.65,0.0,217.65
f9572edd-55d8-477a-d5c3-6efe5def0bfc,4c4bc7b4-117e-47b3-b4c9-827d0c7ba64a,2020-09-11,2020-09-12,206.81,0.0522683287119624,0,226.0381666666666,0.0,19.2281666666666,226.0381666666666
f9572edd-55d8-477a-d5c3-6efe5def0bfc,4c4bc7b4-117e-47b3-b4c9-827d0c7ba64a,2020-09-12,2020-09-13,217.27,0.2213681590623164,1,0.0,206.81,217.27,206.81
f9572edd-55d8-477a-d5c3-6efe5def0bfc,4c4bc7b4-117e-47b3-b4c9-827d0c7ba64a,2020-09-13,2020-09-14,234.28,0.1987830942920907,1,0.0,217.27,234.28,217.27
f9572edd-55d8-477a-d5c3-6efe5def0bfc,4c4bc7b4-117e-47b3-b4c9-827d0c7ba64a,2020-09-14,2020-09-15,215.69,0.1869380257563664,1,0.0,234.28,215.69,234.28
f9572edd-55d8-477a-d5c3-6efe5def0bfc,4c4bc7b4-117e-47b3-b4c9-827d0c7ba64a,2020-09-15,2020-09-16,195.6,0.2202158454548615,1,0.0,215.69,195.6,215.69
f9572edd-55d8-477a-d5c3-6efe5def0bfc,4c4bc7b4-117e-47b3-b4c9-827d0c7ba64a,2020-09-16,2020-09-17,192.6,0.2018366468177092,1,0.0,195.6,192.6,195.6
f9572edd-55d8-477a-d5c3-6efe5def0bfc,4c4bc7b4-117e-47b3-b4c9-827d0c7ba64a,2020-09-17,2020-09-18,213.89,0.3258413526018506,1,0.0,192.6,213.89,192.6
f9572edd-55d8-477a-d5c3-6efe5def0bfc,4c4bc7b4-117e-47b3-b4c9-827d0c7ba64a,2020-09-18,2020-09-19,208.04,0.1730361823033811,1,0.0,213.89,208.04,213.89
f9572edd-55d8-477a-d5c3-6efe5def0bfc,4c4bc7b4-117e-47b3-b4c9-827d0c7ba64a,2020-09-19,2020-09-20,197.38,0.2623612837586652,1,0.0,208.04,197.38,208.04
f9572edd-55d8-477a-d5c3-6efe5def0bfc,4c4bc7b4-117e-47b3-b4c9-827d0c7ba64a,2020-09-20,2020-09-21,224.15,0.2609590384847188,1,0.0,197.38,224.15,197.38
f9572edd-55d8-477a-d5c3-6efe5def0bfc,4c4bc7b4-117e-47b3-b4c9-827d0c7ba64a,2020-09-21,2020-09-22,206.04,0.1803777896300122,1,0.0,224.15,206.04,224.15
f9572edd-55d8-477a-d5c3-6efe5def0bfc,4c4bc7b4-117e-47b3-b4c9-827d0c7ba64a,2020-09-22,2020-09-23,217.43,0.3385719605362676,1,0.0,206.04,217.43,206.04
f9572edd-55d8-477a-d5c3-6efe5def0bfc,4c4bc7b4-117e-47b3-b4c9-827d0c7ba64a,2020-09-23,2020-09-24,221.94,0.1572232952225794,1,0.0,217.43,221.94,217.43
f9572edd-55d8-477a-d5c3-6efe5def0bfc,4c4bc7b4-117e-47b3-b4c9-827d0c7ba64a,2020-09-24,2020-09-25,196.61,0.3278504835707285,1,0.0,221.94,196.61,221.94
f9572edd-55d8-477a-d5c3-6efe5def0bfc,4c4bc7b4-117e-47b3-b4c9-827d0c7ba64a,2020-09-25,2020-09-26,209.81,0.2606033629514802,1,0.0,196.61,209.81,196.61
f9572edd-55d8-477a-d5c3-6efe5def0bfc,4c4bc7b4-117e-47b3-b4c9-827d0c7ba64a,2020-09-26,2020-09-27,202.38,0.254648469095822,1,0.0,209.81,202.38,209.81
f9572edd-55d8-477a-d5c3-6efe5def0bfc,4c4bc7b4-117e-47b3-b4c9-827d0c7ba64a,2020-09-27,2020-09-28,218.11,0.2999907087778781,1,0.0,202.38,218.11,202.38
f9572edd-55d8-477a-d5c3-6efe5def0bfc,4c4bc7b4-117e-47b3-b4c9-827d0c7ba64a,2020-09-28,2020-09-29,224.88,0.3815324893037554,1,0.0,218.11,224.88,218.11
f9572edd-55d8-477a-d5c3-6efe5def0bfc,4c4bc7b4-117e-47b3-b4c9-827d0c7ba64a,2020-09-29,2020-09-30,213.06,0.1856431573502941,1,0.0,224.88,213.06,224.88
f9572edd-55d8-477a-d5c3-6efe5def0bfc,4c4bc7b4-117e-47b3-b4c9-827d0c7ba64a,2020-09-30,2020-10-01,214.1,0.3130570834708038,1,0.0,213.06,214.1,213.06
f9572edd-55d8-477a-d5c3-6efe5def0bfc,4c4bc7b4-117e-47b3-b4c9-827d0c7ba64a,2020-10-01,2020-10-02,207.89,0.2954635685590596,1,0.0,214.1,207.89,214.1
f9572edd-55d8-477a-d5c3-6efe5def0bfc,4c4bc7b4-117e-47b3-b4c9-827d0c7ba64a,2020-10-02,2020-10-03,216.88,0.2090497078949503,1,0.0,207.89,216.88,207.89
f9572edd-55d8-477a-d5c3-6efe5def0bfc,4c4bc7b4-117e-47b3-b4c9-827d0c7ba64a,2020-10-03,2020-10-04,200.58,0.2212227874719488,1,0.0,216.88,200.58,216.88
f9572edd-55d8-477a-d5c3-6efe5def0bfc,4c4bc7b4-117e-47b3-b4c9-827d0c7ba64a,2020-10-04,2020-10-05,190.79,0.3680523731363628,1,0.0,200.58,190.79,200.58
f9572edd-55d8-477a-d5c3-6efe5def0bfc,4c4bc7b4-117e-47b3-b4c9-827d0c7ba64a,2020-10-05,2020-10-06,217.9,0.1936723425257572,1,0.0,190.79,217.9,190.79
f9572edd-55d8-477a-d5c3-6efe5def0bfc,4c4bc7b4-117e-47b3-b4c9-827d0c7ba64a,2020-10-06,2020-10-07,215.39,0.2873062140480096,1,0.0,217.9,215.39,217.9
f9572edd-55d8-477a-d5c3-6efe5def0bfc,4c4bc7b4-117e-47b3-b4c9-827d0c7ba64a,2020-10-07,2020-10-08,219.97,0.3140061938339551,1,0.0,215.39,219.97,215.39
f9572edd-55d8-477a-d5c3-6efe5def0bfc,4c4bc7b4-117e-47b3-b4c9-827d0c7ba64a,2020-10-08,2020-10-09,215.85,0.2501340096993931,1,0.0,219.97,215.85,219.97
f9572edd-55d8-477a-d5c3-6efe5def0bfc,4c4bc7b4-117e-47b3-b4c9-827d0c7ba64a,2020-10-09,2020-10-10,197.67,0.2505572481698941,1,0.0,215.85,197.67,215.85
f9572edd-55d8-477a-d5c3-6efe5def0bfc,4c4bc7b4-117e-47b3-b4c9-827d0c7ba64a,2020-10-10,2020-10-11,198.73,0.4060317482809518,1,0.0,197.67,198.73,197.67
f9572edd-55d8-477a-d5c3-6efe5def0bfc,4c4bc7b4-117e-47b3-b4c9-827d0c7ba64a,2020-10-11,2020-10-12,220.59,0.1958866254553566,1,0.0,198.73,220.59,198.73
f9572edd-55d8-477a-d5c3-6efe5def0bfc,4c4bc7b4-117e-47b3-b4c9-827d0c7ba64a,2020-10-12,2020-10-13,198.68,0.1905572061881967,1,0.0,220.59,198.68,220.59
f9572edd-55d8-477a-d5c3-6efe5def0bfc,4c4bc7b4-117e-47b3-b4c9-827d0c7ba64a,2020-10-13,2020-10-14,0.0,0.3082402494319185,1,0.0,198.68,0.0,198.68
f9572edd-55d8-477a-d5c3-6efe5def0bfc,4c4bc7b4-117e-47b3-b4c9-827d0c7ba64a,2020-10-14,2020-10-15,199.19,0.048180243057418,0,226.5227055555555,0.0,27.33270555555549,226.5227055555555
f9572edd-55d8-477a-d5c3-6efe5def0bfc,4c4bc7b4-117e-47b3-b4c9-827d0c7ba64a,2020-10-15,2020-10-16,223.74,0.2461378104093456,1,0.0,199.19,223.74,199.19
f9572edd-55d8-477a-d5c3-6efe5def0bfc,4c4bc7b4-117e-47b3-b4c9-827d0c7ba64a,2020-10-16,2020-10-17,195.09,0.3135099586000313,1,0.0,223.74,195.09,223.74
f9572edd-55d8-477a-d5c3-6efe5def0bfc,4c4bc7b4-117e-47b3-b4c9-827d0c7ba64a,2020-10-17,2020-10-18,215.35,0.1996641148763173,1,0.0,195.09,215.35,195.09
f9572edd-55d8-477a-d5c3-6efe5def0bfc,4c4bc7b4-117e-47b3-b4c9-827d0c7ba64a,2020-10-18,2020-10-19,0.0,0.2292467585057662,1,0.0,215.35,0.0,215.35
f9572edd-55d8-477a-d5c3-6efe5def0bfc,4c4bc7b4-117e-47b3-b4c9-827d0c7ba64a,2020-10-19,2020-10-20,215.45,0.0442638649364519,0,224.1839500000001,0.0,8.733950000000107,224.1839500000001
f9572edd-55d8-477a-d5c3-6efe5def0bfc,4c4bc7b4-117e-47b3-b4c9-827d0c7ba64a,2020-10-20,2020-10-21,215.22,0.176667395075297,1,0.0,215.45,215.22,215.45
f9572edd-55d8-477a-d5c3-6efe5def0bfc,4c4bc7b4-117e-47b3-b4c9-827d0c7ba64a,2020-10-21,2020-10-22,212.26,0.194133248367728,1,0.0,215.22,212.26,215.22
f9572edd-55d8-477a-d5c3-6efe5def0bfc,4c4bc7b4-117e-47b3-b4c9-827d0c7ba64a,2020-10-22,2020-10-23,224.34,0.3733584246330477,1,0.0,212.26,224.34,212.26
f9572edd-55d8-477a-d5c3-6efe5def0bfc,4c4bc7b4-117e-47b3-b4c9-827d0c7ba64a,2020-10-23,2020-10-24,0.0,0.3786615119583771,1,0.0,224.34,0.0,224.34
f9572edd-55d8-477a-d5c3-6efe5def0bfc,4c4bc7b4-117e-47b3-b4c9-827d0c7ba64a,2020-10-24,2020-10-25,173.07,0.0264411531746177,0,220.88762222222232,0.0,47.817622222222326,220.88762222222232
f9572edd-55d8-477a-d5c3-6efe5def0bfc,4c4bc7b4-117e-47b3-b4c9-827d0c7ba64a,2020-10-25,2020-10-26,206.85,0.1292132881610631,0,206.98318333333347,173.07,0.1331833333334771,206.98318333333347
f9572edd-55d8-477a-d5c3-6efe5def0bfc,4c4bc7b4-117e-47b3-b4c9-827d0c7ba64a,2020-10-26,2020-10-27,202.92,0.2081085889686423,1,0.0,206.85,202.92,206.85
f9572edd-55d8-477a-d5c3-6efe5def0bfc,4c4bc7b4-117e-47b3-b4c9-827d0c7ba64a,2020-10-27,2020-10-28,218.69,0.2062537344080286,1,0.0,202.92,218.69,202.92
f9572edd-55d8-477a-d5c3-6efe5def0bfc,4c4bc7b4-117e-47b3-b4c9-827d0c7ba64a,2020-10-28,2020-10-29,219.7,0.1877820217065408,1,0.0,218.69,219.7,218.69
f9572edd-55d8-477a-d5c3-6efe5def0bfc,4c4bc7b4-117e-47b3-b4c9-827d0c7ba64a,2020-10-29,2020-10-30,192.75,0.3503960516595896,1,0.0,219.7,192.75,219.7
f9572edd-55d8-477a-d5c3-6efe5def0bfc,4c4bc7b4-117e-47b3-b4c9-827d0c7ba64a,2020-10-30,2020-10-31,207.94,0.2889368607037582,1,0.0,192.75,207.94,192.75
f9572edd-55d8-477a-d5c3-6efe5def0bfc,4c4bc7b4-117e-47b3-b4c9-827d0c7ba64a,2020-10-31,2020-11-01,200.99,0.2014540872350489,1,0.0,207.94,200.99,207.94
f9572edd-55d8-477a-d5c3-6efe5def0bfc,4c4bc7b4-117e-47b3-b4c9-827d0c7ba64a,2020-11-01,2020-11-02,214.03,0.2378776649928761,1,0.0,200.99,214.03,200.99
f9572edd-55d8-477a-d5c3-6efe5def0bfc,4c4bc7b4-117e-47b3-b4c9-827d0c7ba64a,2020-11-02,2020-11-03,220.32,0.297034748344254,1,0.0,214.03,220.32,214.03
f9572edd-55d8-477a-d5c3-6efe5def0bfc,4c4bc7b4-117e-47b3-b4c9-827d0c7ba64a,2020-11-03,2020-11-04,197.19,0.3113663239148099,1,0.0,220.32,197.19,220.32
f9572edd-55d8-477a-d5c3-6efe5def0bfc,4c4bc7b4-117e-47b3-b4c9-827d0c7ba64a,2020-11-04,2020-11-05,207.99,0.3361800730119633,1,0.0,197.19,207.99,197.19
f9572edd-55d8-477a-d5c3-6efe5def0bfc,4c4bc7b4-117e-47b3-b4c9-827d0c7ba64a,2020-11-05,2020-11-06,197.78,0.2517055184704895,1,0.0,207.99,197.78,207.99
f9572edd-55d8-477a-d5c3-6efe5def0bfc,4c4bc7b4-117e-47b3-b4c9-827d0c7ba64a,2020-11-06,2020-11-07,191.66,0.3043055281703707,1,0.0,197.78,191.66,197.78
f9572edd-55d8-477a-d5c3-6efe5def0bfc,4c4bc7b4-117e-47b3-b4c9-827d0c7ba64a,2020-11-07,2020-11-08,220.29,0.2783422131244208,1,0.0,191.66,220.29,191.66
f9572edd-55d8-477a-d5c3-6efe5def0bfc,4c4bc7b4-117e-47b3-b4c9-827d0c7ba64a,2020-11-08,2020-11-09,219.28,0.2188288698481763,1,0.0,220.29,219.28,220.29
f9572edd-55d8-477a-d5c3-6efe5def0bfc,4c4bc7b4-117e-47b3-b4c9-827d0c7ba64a,2020-11-09,2020-11-10,197.13,0.3337867797304328,1,0.0,219.28,197.13,219.28
f9572edd-55d8-477a-d5c3-6efe5def0bfc,4c4bc7b4-117e-47b3-b4c9-827d0c7ba64a,2020-11-10,2020-11-11,219.48,0.2503317267329895,1,0.0,197.13,219.48,197.13
f9572edd-55d8-477a-d5c3-6efe5def0bfc,4c4bc7b4-117e-47b3-b4c9-827d0c7ba64a,2020-11-11,2020-11-12,195.04,0.316584817482559,1,0.0,219.48,195.04,219.48
f9572edd-55d8-477a-d5c3-6efe5def0bfc,4c4bc7b4-117e-47b3-b4c9-827d0c7ba64a,2020-11-12,2020-11-13,215.87,0.3520410168281206,1,0.0,195.04,215.87,195.04
f9572edd-55d8-477a-d5c3-6efe5def0bfc,4c4bc7b4-117e-47b3-b4c9-827d0c7ba64a,2020-11-13,2020-11-14,196.94,0.3596129386147283,1,0.0,215.87,196.94,215.87
f9572edd-55d8-477a-d5c3-6efe5def0bfc,4c4bc7b4-117e-47b3-b4c9-827d0c7ba64a,2020-11-14,2020-11-15,207.43,0.2924937615671453,1,0.0,196.94,207.43,196.94
f9572edd-55d8-477a-d5c3-6efe5def0bfc,4c4bc7b4-117e-47b3-b4c9-827d0c7ba64a,2020-11-15,2020-11-16,205.84,0.2841036759195915,1,0.0,207.43,205.84,207.43
f9572edd-55d8-477a-d5c3-6efe5def0bfc,4c4bc7b4-117e-47b3-b4c9-827d0c7ba64a,2020-11-16,2020-11-17,183.28,0.3229593761786501,1,0.0,205.84,183.28,205.84
f9572edd-55d8-477a-d5c3-6efe5def0bfc,4c4bc7b4-117e-47b3-b4c9-827d0c7ba64a,2020-11-17,2020-11-18,203.48,0.2256679125519736,1,0.0,183.28,203.48,183.28
f9572edd-55d8-477a-d5c3-6efe5def0bfc,4c4bc7b4-117e-47b3-b4c9-827d0c7ba64a,2020-11-18,2020-11-19,205.68,0.2253571777856212,1,0.0,203.48,205.68,203.48
f9572edd-55d8-477a-d5c3-6efe5def0bfc,4c4bc7b4-117e-47b3-b4c9-827d0c7ba64a,2020-11-19,2020-11-20,195.11,0.3068437193614192,1,0.0,205.68,195.11,205.68
f9572edd-55d8-477a-d5c3-6efe5def0bfc,4c4bc7b4-117e-47b3-b4c9-827d0c7ba64a,2020-11-20,2020-11-21,201.39,0.2748520323239296,1,0.0,195.11,201.39,195.11
f9572edd-55d8-477a-d5c3-6efe5def0bfc,4c4bc7b4-117e-47b3-b4c9-827d0c7ba64a,2020-11-21,2020-11-22,217.91,0.2737343755052749,1,0.0,201.39,217.91,201.39
f9572edd-55d8-477a-d5c3-6efe5def0bfc,4c4bc7b4-117e-47b3-b4c9-827d0c7ba64a,2020-11-22,2020-11-23,205.66,0.2855423646765056,1,0.0,217.91,205.66,217.91
f9572edd-55d8-477a-d5c3-6efe5def0bfc,4c4bc7b4-117e-47b3-b4c9-827d0c7ba64a,2020-11-23,2020-11-24,201.2,0.259938408556414,1,0.0,205.66,201.2,205.66
f9572edd-55d8-477a-d5c3-6efe5def0bfc,4c4bc7b4-117e-47b3-b4c9-827d0c7ba64a,2020-11-24,2020-11-25,192.85,0.2322014934209204,1,0.0,201.2,192.85,201.2
f9572edd-55d8-477a-d5c3-6efe5def0bfc,4c4bc7b4-117e-47b3-b4c9-827d0c7ba64a,2020-11-25,2020-11-26,198.36,0.2475698690572943,1,0.0,192.85,198.36,192.85
f9572edd-55d8-477a-d5c3-6efe5def0bfc,4c4bc7b4-117e-47b3-b4c9-827d0c7ba64a,2020-11-26,2020-11-27,205.17,0.3047722221239384,1,0.0,198.36,205.17,198.36
f9572edd-55d8-477a-d5c3-6efe5def0bfc,4c4bc7b4-117e-47b3-b4c9-827d0c7ba64a,2020-11-27,2020-11-28,203.02,0.297735662814015,1,0.0,205.17,203.02,205.17
f9572edd-55d8-477a-d5c3-6efe5def0bfc,4c4bc7b4-117e-47b3-b4c9-827d0c7ba64a,2020-11-28,2020-11-29,196.14,0.3310564890061911,1,0.0,203.02,196.14,203.02
f9572edd-55d8-477a-d5c3-6efe5def0bfc,4c4bc7b4-117e-47b3-b4c9-827d0c7ba64a,2020-11-29,2020-11-30,198.94,0.3058755933268579,1,0.0,196.14,198.94,196.14
f9572edd-55d8-477a-d5c3-6efe5def0bfc,4c4bc7b4-117e-47b3-b4c9-827d0c7ba64a,2020-11-30,2020-12-01,196.71,0.2531230379286782,1,0.0,198.94,196.71,198.94
f9572edd-55d8-477a-d5c3-6efe5def0bfc,4c4bc7b4-117e-47b3-b4c9-827d0c7ba64a,2020-12-01,2020-12-02,0.0,0.1733183874033328,1,0.0,196.71,0.0,196.71
f9572edd-55d8-477a-d5c3-6efe5def0bfc,4c4bc7b4-117e-47b3-b4c9-827d0c7ba64a,2020-12-02,2020-12-03,220.27,0.050387570555164,0,221.4291777777778,0.0,1.159177777777785,221.4291777777778
f9572edd-55d8-477a-d5c3-6efe5def0bfc,4c4bc7b4-117e-47b3-b4c9-827d0c7ba64a,2020-12-03,2020-12-04,205.85,0.1959708311186134,1,0.0,220.27,205.85,220.27
f9572edd-55d8-477a-d5c3-6efe5def0bfc,4c4bc7b4-117e-47b3-b4c9-827d0c7ba64a,2020-12-04,2020-12-05,210.25,0.3053172796633034,1,0.0,205.85,210.25,205.85
f9572edd-55d8-477a-d5c3-6efe5def0bfc,4c4bc7b4-117e-47b3-b4c9-827d0c7ba64a,2020-12-05,2020-12-06,221.6,0.2815584628961142,1,0.0,210.25,221.6,210.25
f9572edd-55d8-477a-d5c3-6efe5def0bfc,4c4bc7b4-117e-47b3-b4c9-827d0c7ba64a,2020-12-06,2020-12-07,215.64,0.2707158556398138,1,0.0,221.6,215.64,221.6
f9572edd-55d8-477a-d5c3-6efe5def0bfc,4c4bc7b4-117e-47b3-b4c9-827d0c7ba64a,2020-12-07,2020-12-08,197.21,0.2012647000706365,1,0.0,215.64,197.21,215.64
f9572edd-55d8-477a-d5c3-6efe5def0bfc,4c4bc7b4-117e-47b3-b4c9-827d0c7ba64a,2020-12-08,2020-12-09,209.07,0.3121311905382067,1,0.0,197.21,209.07,197.21
f9572edd-55d8-477a-d5c3-6efe5def0bfc,4c4bc7b4-117e-47b3-b4c9-827d0c7ba64a,2020-12-09,2020-12-10,202.17,0.2120380618534142,1,0.0,209.07,202.17,209.07
f9572edd-55d8-477a-d5c3-6efe5def0bfc,4c4bc7b4-117e-47b3-b4c9-827d0c7ba64a,2020-12-10,2020-12-11,214.56,0.3396127627676735,1,0.0,202.17,214.56,202.17
f9572edd-55d8-477a-d5c3-6efe5def0bfc,4c4bc7b4-117e-47b3-b4c9-827d0c7ba64a,2020-12-11,2020-12-12,182.47,0.3106674023394846,1,0.0,214.56,182.47,214.56
f9572edd-55d8-477a-d5c3-6efe5def0bfc,4c4bc7b4-117e-47b3-b4c9-827d0c7ba64a,2020-12-12,2020-12-13,178.45,0.2847222180003123,1,0.0,182.47,178.45,182.47
f9572edd-55d8-477a-d5c3-6efe5def0bfc,4c4bc7b4-117e-47b3-b4c9-827d0c7ba64a,2020-12-13,2020-12-14,209.24,0.2274453293492024,1,0.0,178.45,209.24,178.45
f9572edd-55d8-477a-d5c3-6efe5def0bfc,4c4bc7b4-117e-47b3-b4c9-827d0c7ba64a,2020-12-14,2020-12-15,207.29,0.2668552763886323,1,0.0,209.24,207.29,209.24
f9572edd-55d8-477a-d5c3-6efe5def0bfc,4c4bc7b4-117e-47b3-b4c9-827d0c7ba64a,2020-12-15,2020-12-16,210.25,0.2841183907859154,1,0.0,207.29,210.25,207.29
f9572edd-55d8-477a-d5c3-6efe5def0bfc,4c4bc7b4-117e-47b3-b4c9-827d0c7ba64a,2020-12-16,2020-12-17,195.91,0.2559920943598971,1,0.0,210.25,195.91,210.25
f9572edd-55d8-477a-d5c3-6efe5def0bfc,4c4bc7b4-117e-47b3-b4c9-827d0c7ba64a,2020-12-17,2020-12-18,189.95,0.3462304029830162,1,0.0,195.91,189.95,195.91
f9572edd-55d8-477a-d5c3-6efe5def0bfc,4c4bc7b4-117e-47b3-b4c9-827d0c7ba64a,2020-12-18,2020-12-19,199.29,0.2997898919744593,1,0.0,189.95,199.29,189.95
f9572edd-55d8-477a-d5c3-6efe5def0bfc,4c4bc7b4-117e-47b3-b4c9-827d0c7ba64a,2020-12-19,2020-12-20,187.13,0.2514409888058694,1,0.0,199.29,187.13,199.29
f9572edd-55d8-477a-d5c3-6efe5def0bfc,4c4bc7b4-117e-47b3-b4c9-827d0c7ba64a,2020-12-20,2020-12-21,192.95,0.3227696905887616,1,0.0,187.13,192.95,187.13
f9572edd-55d8-477a-d5c3-6efe5def0bfc,4c4bc7b4-117e-47b3-b4c9-827d0c7ba64a,2020-12-21,2020-12-22,213.08,0.2252010123256441,1,0.0,192.95,213.08,192.95
f9572edd-55d8-477a-d5c3-6efe5def0bfc,4c4bc7b4-117e-47b3-b4c9-827d0c7ba64a,2020-12-22,2020-12-23,200.44,0.2663404304767533,1,0.0,213.08,200.44,213.08
f9572edd-55d8-477a-d5c3-6efe5def0bfc,4c4bc7b4-117e-47b3-b4c9-827d0c7ba64a,2020-12-23,2020-12-24,198.44,0.3188597855668689,1,0.0,200.44,198.44,200.44
f9572edd-55d8-477a-d5c3-6efe5def0bfc,4c4bc7b4-117e-47b3-b4c9-827d0c7ba64a,2020-12-24,2020-12-25,193.78,0.2544910763894732,1,0.0,198.44,193.78,198.44
f9572edd-55d8-477a-d5c3-6efe5def0bfc,4c4bc7b4-117e-47b3-b4c9-827d0c7ba64a,2020-12-25,2020-12-26,198.19,0.3204592553951583,1,0.0,193.78,198.19,193.78
f9572edd-55d8-477a-d5c3-6efe5def0bfc,4c4bc7b4-117e-47b3-b4c9-827d0c7ba64a,2020-12-26,2020-12-27,205.76,0.2633791771466949,1,0.0,198.19,205.76,198.19
f9572edd-55d8-477a-d5c3-6efe5def0bfc,4c4bc7b4-117e-47b3-b4c9-827d0c7ba64a,2020-12-27,2020-12-28,208.5,0.280198726212822,1,0.0,205.76,208.5,205.76
f9572edd-55d8-477a-d5c3-6efe5def0bfc,4c4bc7b4-117e-47b3-b4c9-827d0c7ba64a,2020-12-28,2020-12-29,190.85,0.2593166768155834,1,0.0,208.5,190.85,208.5
f9572edd-55d8-477a-d5c3-6efe5def0bfc,4c4bc7b4-117e-47b3-b4c9-827d0c7ba64a,2020-12-29,2020-12-30,204.81,0.2928354002610733,1,0.0,190.85,204.81,190.85
f9572edd-55d8-477a-d5c3-6efe5def0bfc,4c4bc7b4-117e-47b3-b4c9-827d0c7ba64a,2020-12-30,2020-12-31,223.37,0.3014734492822277,1,0.0,204.81,223.37,204.81
f971cebd-dc81-436b-703f-f6cbeea6a559,b2e8f27b-7726-44aa-95f1-515f5e7b74cf,2020-09-20,2020-09-21,912.63,0.1620195494727187,1,0.0,1013.37,912.63,1013.37
f971cebd-dc81-436b-703f-f6cbeea6a559,b2e8f27b-7726-44aa-95f1-515f5e7b74cf,2020-09-21,2020-09-22,1006.28,0.098841959664825,0,1015.3827,912.63,9.102700000000029,1015.3827
f971cebd-dc81-436b-703f-f6cbeea6a559,b2e8f27b-7726-44aa-95f1-515f5e7b74cf,2020-09-22,2020-09-23,1079.86,0.0870783430586002,0,1034.0851833333338,1006.28,45.77481666666608,1034.0851833333338
f971cebd-dc81-436b-703f-f6cbeea6a559,b2e8f27b-7726-44aa-95f1-515f5e7b74cf,2020-09-23,2020-09-24,1128.76,0.0494460110168258,0,1041.6476888888888,1079.86,87.11231111111124,1041.6476888888888
f971cebd-dc81-436b-703f-f6cbeea6a559,b2e8f27b-7726-44aa-95f1-515f5e7b74cf,2020-09-24,2020-09-25,1066.31,0.0888706481906868,0,1068.985061111112,1128.76,2.6750611111119724,1068.985061111112
f971cebd-dc81-436b-703f-f6cbeea6a559,b2e8f27b-7726-44aa-95f1-515f5e7b74cf,2020-09-25,2020-09-26,1017.72,0.0663213331854508,0,1060.3161555555555,1066.31,42.59615555555547,1060.3161555555555
f971cebd-dc81-436b-703f-f6cbeea6a559,b2e8f27b-7726-44aa-95f1-515f5e7b74cf,2020-09-26,2020-09-27,1072.53,0.0753428059697137,0,1052.4620944444443,1017.72,20.067905555555622,1052.4620944444443
f971cebd-dc81-436b-703f-f6cbeea6a559,b2e8f27b-7726-44aa-95f1-515f5e7b74cf,2020-09-27,2020-09-28,938.46,0.094394915959823,0,1063.8635055555546,1072.53,125.4035055555546,1063.8635055555546
f971cebd-dc81-436b-703f-f6cbeea6a559,b2e8f27b-7726-44aa-95f1-515f5e7b74cf,2020-09-28,2020-09-29,1060.36,0.0842277255308159,0,1050.6767277777776,938.46,9.683272222222286,1050.6767277777776
f971cebd-dc81-436b-703f-f6cbeea6a559,b2e8f27b-7726-44aa-95f1-515f5e7b74cf,2020-09-29,2020-09-30,1089.75,0.0740096168175987,0,1067.8701111111109,1060.36,21.879888888889127,1067.8701111111109
f971cebd-dc81-436b-703f-f6cbeea6a559,b2e8f27b-7726-44aa-95f1-515f5e7b74cf,2020-09-30,2020-10-01,1016.07,0.0747833360159325,0,1065.4137055555548,1089.75,49.34370555555472,1065.4137055555548
f971cebd-dc81-436b-703f-f6cbeea6a559,b2e8f27b-7726-44aa-95f1-515f5e7b74cf,2020-10-01,2020-10-02,1109.33,0.1108318186621095,0,1065.9306888888882,1016.07,43.39931111111173,1065.9306888888882
f971cebd-dc81-436b-703f-f6cbeea6a559,b2e8f27b-7726-44aa-95f1-515f5e7b74cf,2020-10-02,2020-10-03,1132.9,0.0632107301115409,0,1061.9623222222217,1109.33,70.93767777777839,1061.9623222222217
f971cebd-dc81-436b-703f-f6cbeea6a559,b2e8f27b-7726-44aa-95f1-515f5e7b74cf,2020-10-03,2020-10-04,1085.24,0.0736153712988397,0,1083.7378611111108,1132.9,1.5021388888892488,1083.7378611111108
f971cebd-dc81-436b-703f-f6cbeea6a559,b2e8f27b-7726-44aa-95f1-515f5e7b74cf,2020-10-04,2020-10-05,1074.25,0.098064617665572,0,1085.706827777777,1085.24,11.456827777777336,1085.706827777777
f971cebd-dc81-436b-703f-f6cbeea6a559,b2e8f27b-7726-44aa-95f1-515f5e7b74cf,2020-10-05,2020-10-06,885.48,0.0584452992443261,0,1061.1054722222216,1074.25,175.62547222222156,1061.1054722222216
f971cebd-dc81-436b-703f-f6cbeea6a559,b2e8f27b-7726-44aa-95f1-515f5e7b74cf,2020-10-06,2020-10-07,1068.87,0.0853128641030053,0,1062.1623277777776,885.48,6.7076722222223,1062.1623277777776
f971cebd-dc81-436b-703f-f6cbeea6a559,b2e8f27b-7726-44aa-95f1-515f5e7b74cf,2020-10-07,2020-10-08,1104.13,0.1099816796621307,0,1071.538305555555,1068.87,32.591694444444784,1071.538305555555
f971cebd-dc81-436b-703f-f6cbeea6a559,b2e8f27b-7726-44aa-95f1-515f5e7b74cf,2020-10-08,2020-10-09,1044.86,0.0876178311242168,0,1079.741899999999,1104.13,34.88189999999918,1079.741899999999
f971cebd-dc81-436b-703f-f6cbeea6a559,b2e8f27b-7726-44aa-95f1-515f5e7b74cf,2020-10-09,2020-10-10,1094.29,0.0501824023479378,0,1065.3854277777775,1044.86,28.90457222222244,1065.3854277777775
f971cebd-dc81-436b-703f-f6cbeea6a559,b2e8f27b-7726-44aa-95f1-515f5e7b74cf,2020-10-10,2020-10-11,1057.14,0.0794977174819063,0,1067.2226999999991,1094.29,10.08269999999925,1067.2226999999991
f971cebd-dc81-436b-703f-f6cbeea6a559,b2e8f27b-7726-44aa-95f1-515f5e7b74cf,2020-10-11,2020-10-12,1051.32,0.0786998151172702,0,1068.7377777777774,1057.14,17.417777777777474,1068.7377777777774
f971cebd-dc81-436b-703f-f6cbeea6a559,b2e8f27b-7726-44aa-95f1-515f5e7b74cf,2020-10-12,2020-10-13,1073.83,0.0697721712350566,0,1063.2714277777782,1051.32,10.558572222221756,1063.2714277777782
f971cebd-dc81-436b-703f-f6cbeea6a559,b2e8f27b-7726-44aa-95f1-515f5e7b74cf,2020-10-13,2020-10-14,1037.65,0.0702340623191925,0,1056.3578833333331,1073.83,18.707883333333257,1056.3578833333331
f971cebd-dc81-436b-703f-f6cbeea6a559,b2e8f27b-7726-44aa-95f1-515f5e7b74cf,2020-10-14,2020-10-15,1007.38,0.0936292820148061,0,1076.600527777778,1037.65,69.22052777777787,1076.600527777778
f971cebd-dc81-436b-703f-f6cbeea6a559,b2e8f27b-7726-44aa-95f1-515f5e7b74cf,2020-10-15,2020-10-16,1032.67,0.0762440845047651,0,1082.3532777777782,1007.38,49.68327777777813,1082.3532777777782
f971cebd-dc81-436b-703f-f6cbeea6a559,b2e8f27b-7726-44aa-95f1-515f5e7b74cf,2020-10-16,2020-10-17,1026.79,0.0712886667617948,0,1068.6619527777775,1032.67,41.87195277777755,1068.6619527777775
f971cebd-dc81-436b-703f-f6cbeea6a559,b2e8f27b-7726-44aa-95f1-515f5e7b74cf,2020-10-17,2020-10-18,1064.35,0.0807490816267264,0,1073.6144833333328,1026.79,9.26448333333292,1073.6144833333328
f971cebd-dc81-436b-703f-f6cbeea6a559,b2e8f27b-7726-44aa-95f1-515f5e7b74cf,2020-10-18,2020-10-19,997.87,0.0743013207453438,0,1067.942194444444,1064.35,70.07219444444388,1067.942194444444
f971cebd-dc81-436b-703f-f6cbeea6a559,b2e8f27b-7726-44aa-95f1-515f5e7b74cf,2020-10-19,2020-10-20,1105.04,0.0949880591851772,0,1064.4379777777783,997.87,40.60202222222165,1064.4379777777783
f971cebd-dc81-436b-703f-f6cbeea6a559,b2e8f27b-7726-44aa-95f1-515f5e7b74cf,2020-10-20,2020-10-21,1058.87,0.1111744466071091,0,1056.6111555555551,1105.04,2.258844444444776,1056.6111555555551
f971cebd-dc81-436b-703f-f6cbeea6a559,b2e8f27b-7726-44aa-95f1-515f5e7b74cf,2020-10-21,2020-10-22,1105.38,0.0629735756610311,0,1078.5632722222224,1058.87,26.816727777777714,1078.5632722222224
f971cebd-dc81-436b-703f-f6cbeea6a559,b2e8f27b-7726-44aa-95f1-515f5e7b74cf,2020-10-22,2020-10-23,1027.27,0.0601423661427135,0,1063.6310222222226,1105.38,36.36102222222257,1063.6310222222226
f971cebd-dc81-436b-703f-f6cbeea6a559,b2e8f27b-7726-44aa-95f1-515f5e7b74cf,2020-10-23,2020-10-24,972.88,0.0782941838430636,0,1070.792049999999,1027.27,97.91204999999913,1070.792049999999
f971cebd-dc81-436b-703f-f6cbeea6a559,b2e8f27b-7726-44aa-95f1-515f5e7b74cf,2020-10-24,2020-10-25,0.0,0.090262948098908,0,1061.814616666666,972.88,1061.814616666666,1061.814616666666
f971cebd-dc81-436b-703f-f6cbeea6a559,b2e8f27b-7726-44aa-95f1-515f5e7b74cf,2020-10-25,2020-10-26,1004.78,0.008433451680479,0,1043.9258111111103,0.0,39.14581111111056,1043.9258111111103
f971cebd-dc81-436b-703f-f6cbeea6a559,b2e8f27b-7726-44aa-95f1-515f5e7b74cf,2020-10-26,2020-10-27,983.57,0.0529852885121674,0,1048.3365999999985,1004.78,64.76659999999822,1048.3365999999985
f971cebd-dc81-436b-703f-f6cbeea6a559,b2e8f27b-7726-44aa-95f1-515f5e7b74cf,2020-10-27,2020-10-28,958.15,0.0658345480504394,0,1045.0143833333336,983.57,86.86438333333365,1045.0143833333336
f971cebd-dc81-436b-703f-f6cbeea6a559,b2e8f27b-7726-44aa-95f1-515f5e7b74cf,2020-10-28,2020-10-29,1045.2,0.0952663394943235,0,1036.759377777778,958.15,8.440622222222146,1036.759377777778
f971cebd-dc81-436b-703f-f6cbeea6a559,b2e8f27b-7726-44aa-95f1-515f5e7b74cf,2020-10-29,2020-10-30,1052.28,0.079877847993312,0,1050.9237722222213,1045.2,1.356227777778713,1050.9237722222213
f971cebd-dc81-436b-703f-f6cbeea6a559,b2e8f27b-7726-44aa-95f1-515f5e7b74cf,2020-10-30,2020-10-31,1022.29,0.1069740341597971,0,1056.9656055555542,1052.28,34.675605555554284,1056.9656055555542
f971cebd-dc81-436b-703f-f6cbeea6a559,b2e8f27b-7726-44aa-95f1-515f5e7b74cf,2020-10-31,2020-11-01,1108.08,0.0746906295450236,0,1050.6019999999996,1022.29,57.47800000000029,1050.6019999999996
f971cebd-dc81-436b-703f-f6cbeea6a559,b2e8f27b-7726-44aa-95f1-515f5e7b74cf,2020-11-01,2020-11-02,0.0,0.0672428131877131,0,1058.6424555555552,1108.08,1058.6424555555552,1058.6424555555552
f971cebd-dc81-436b-703f-f6cbeea6a559,b2e8f27b-7726-44aa-95f1-515f5e7b74cf,2020-11-02,2020-11-03,1014.53,0.014806340010754,0,1050.8650888888883,0.0,36.33508888888832,1050.8650888888883
f971cebd-dc81-436b-703f-f6cbeea6a559,b2e8f27b-7726-44aa-95f1-515f5e7b74cf,2020-11-03,2020-11-04,1015.39,0.0610916766434219,0,1040.2843499999983,1014.53,24.89434999999833,1040.2843499999983
f971cebd-dc81-436b-703f-f6cbeea6a559,b2e8f27b-7726-44aa-95f1-515f5e7b74cf,2020-11-04,2020-11-05,1069.07,0.0986077624827273,0,1036.1551499999998,1015.39,32.914850000000115,1036.1551499999998
f971cebd-dc81-436b-703f-f6cbeea6a559,b2e8f27b-7726-44aa-95f1-515f5e7b74cf,2020-11-05,2020-11-06,961.1,0.0718716424262691,0,1060.6069888888892,1069.07,99.50698888888915,1060.6069888888892
f971cebd-dc81-436b-703f-f6cbeea6a559,b2e8f27b-7726-44aa-95f1-515f5e7b74cf,2020-11-06,2020-11-07,938.01,0.0747686028621529,0,1049.2517166666664,961.1,111.24171666666643,1049.2517166666664
f971cebd-dc81-436b-703f-f6cbeea6a559,b2e8f27b-7726-44aa-95f1-515f5e7b74cf,2020-11-07,2020-11-08,1038.21,0.1077868552985387,0,1033.4115777777772,938.01,4.798422222222825,1033.4115777777772
f971cebd-dc81-436b-703f-f6cbeea6a559,b2e8f27b-7726-44aa-95f1-515f5e7b74cf,2020-11-08,2020-11-09,0.0,0.102181766629393,0,1038.8390333333325,1038.21,1038.8390333333325,1038.8390333333325
f971cebd-dc81-436b-703f-f6cbeea6a559,b2e8f27b-7726-44aa-95f1-515f5e7b74cf,2020-11-11,2020-11-12,1118.02,0.0941805509079255,0,1047.2310722222203,1023.39,70.78892777777946,1047.2310722222203
f971cebd-dc81-436b-703f-f6cbeea6a559,b2e8f27b-7726-44aa-95f1-515f5e7b74cf,2020-11-12,2020-11-13,1066.06,0.101425982133045,0,1055.635816666667,1118.02,10.424183333332849,1055.635816666667
f971cebd-dc81-436b-703f-f6cbeea6a559,b2e8f27b-7726-44aa-95f1-515f5e7b74cf,2020-11-13,2020-11-14,911.09,0.0902155766171922,0,1060.0941611111105,1066.06,149.00416111111042,1060.0941611111105
f971cebd-dc81-436b-703f-f6cbeea6a559,b2e8f27b-7726-44aa-95f1-515f5e7b74cf,2020-11-14,2020-11-15,953.6,0.101863284729563,0,1028.3863888888886,911.09,74.78638888888861,1028.3863888888886
f971cebd-dc81-436b-703f-f6cbeea6a559,b2e8f27b-7726-44aa-95f1-515f5e7b74cf,2020-11-15,2020-11-16,929.45,0.1167660687095298,0,1012.4904055555552,953.6,83.04040555555525,1012.4904055555552
f971cebd-dc81-436b-703f-f6cbeea6a559,b2e8f27b-7726-44aa-95f1-515f5e7b74cf,2020-11-16,2020-11-17,1023.58,0.0699926823549625,0,1024.7225888888893,929.45,1.142588888889236,1024.7225888888893
f971cebd-dc81-436b-703f-f6cbeea6a559,b2e8f27b-7726-44aa-95f1-515f5e7b74cf,2020-11-17,2020-11-18,1028.49,0.066338096535168,0,1025.6742722222218,1023.58,2.815727777778193,1025.6742722222218
f971cebd-dc81-436b-703f-f6cbeea6a559,b2e8f27b-7726-44aa-95f1-515f5e7b74cf,2020-11-18,2020-11-19,1108.67,0.0453020257038174,0,1057.9603833333333,1028.49,50.70961666666676,1057.9603833333333
f971cebd-dc81-436b-703f-f6cbeea6a559,b2e8f27b-7726-44aa-95f1-515f5e7b74cf,2020-11-19,2020-11-20,980.08,0.0758093250031623,0,1070.055655555556,1108.67,89.97565555555582,1070.055655555556
f971cebd-dc81-436b-703f-f6cbeea6a559,b2e8f27b-7726-44aa-95f1-515f5e7b74cf,2020-11-20,2020-11-21,971.5,0.0704597768899587,0,1054.655422222222,980.08,83.15542222222211,1054.655422222222
f971cebd-dc81-436b-703f-f6cbeea6a559,b2e8f27b-7726-44aa-95f1-515f5e7b74cf,2020-11-21,2020-11-22,1028.16,0.0616124031727735,0,1042.1977333333327,971.5,14.037733333332651,1042.1977333333327
f971cebd-dc81-436b-703f-f6cbeea6a559,b2e8f27b-7726-44aa-95f1-515f5e7b74cf,2020-11-22,2020-11-23,963.4,0.0856931757747329,0,1049.1815555555554,1028.16,85.78155555555543,1049.1815555555554
f971cebd-dc81-436b-703f-f6cbeea6a559,b2e8f27b-7726-44aa-95f1-515f5e7b74cf,2020-11-23,2020-11-24,1000.65,0.0999892306700679,0,1040.8463944444447,963.4,40.19639444444476,1040.8463944444447
f971cebd-dc81-436b-703f-f6cbeea6a559,b2e8f27b-7726-44aa-95f1-515f5e7b74cf,2020-11-24,2020-11-25,1060.41,0.084546112438911,0,1045.702766666666,1000.65,14.707233333333988,1045.702766666666
f971cebd-dc81-436b-703f-f6cbeea6a559,b2e8f27b-7726-44aa-95f1-515f5e7b74cf,2020-11-25,2020-11-26,1051.74,0.0769898932518305,0,1071.7361,1060.41,19.99610000000007,1071.7361
f971cebd-dc81-436b-703f-f6cbeea6a559,b2e8f27b-7726-44aa-95f1-515f5e7b74cf,2020-11-26,2020-11-27,1066.04,0.0555503199300334,0,1052.801494444444,1051.74,13.238505555556005,1052.801494444444
f971cebd-dc81-436b-703f-f6cbeea6a559,b2e8f27b-7726-44aa-95f1-515f5e7b74cf,2020-11-27,2020-11-28,946.06,0.0811910644700397,0,1062.7449055555546,1066.04,116.68490555555468,1062.7449055555546
f971cebd-dc81-436b-703f-f6cbeea6a559,b2e8f27b-7726-44aa-95f1-515f5e7b74cf,2020-11-28,2020-11-29,1037.52,0.0633925652129473,0,1046.627172222222,946.06,9.10717222222206,1046.627172222222
f971cebd-dc81-436b-703f-f6cbeea6a559,b2e8f27b-7726-44aa-95f1-515f5e7b74cf,2020-11-29,2020-11-30,1008.55,0.087531614501648,0,1054.734944444443,1037.52,46.18494444444309,1054.734944444443
f971cebd-dc81-436b-703f-f6cbeea6a559,b2e8f27b-7726-44aa-95f1-515f5e7b74cf,2020-11-30,2020-12-01,1133.78,0.0951642487728173,0,1057.0684499999995,1008.55,76.71155000000044,1057.0684499999995
f971cebd-dc81-436b-703f-f6cbeea6a559,b2e8f27b-7726-44aa-95f1-515f5e7b74cf,2020-12-01,2020-12-02,1043.11,0.0907630990828404,0,1075.1037333333347,1133.78,31.99373333333483,1075.1037333333347
f971cebd-dc81-436b-703f-f6cbeea6a559,b2e8f27b-7726-44aa-95f1-515f5e7b74cf,2020-12-02,2020-12-03,1005.72,0.0566622000186395,0,1069.8985555555548,1043.11,64.1785555555548,1069.8985555555548
f971cebd-dc81-436b-703f-f6cbeea6a559,b2e8f27b-7726-44aa-95f1-515f5e7b74cf,2020-12-03,2020-12-04,1057.41,0.1166015629073888,0,1073.1245333333336,1005.72,15.71453333333352,1073.1245333333336
f971cebd-dc81-436b-703f-f6cbeea6a559,b2e8f27b-7726-44aa-95f1-515f5e7b74cf,2020-12-04,2020-12-05,1033.14,0.0990429451256603,0,1070.014233333333,1057.41,36.87423333333322,1070.014233333333
f971cebd-dc81-436b-703f-f6cbeea6a559,b2e8f27b-7726-44aa-95f1-515f5e7b74cf,2020-12-05,2020-12-06,1041.44,0.0736357559307318,0,1053.1925111111111,1033.14,11.752511111111062,1053.1925111111111
f971cebd-dc81-436b-703f-f6cbeea6a559,b2e8f27b-7726-44aa-95f1-515f5e7b74cf,2020-12-06,2020-12-07,1027.6,0.1014472341486438,0,1074.0595388888876,1041.44,46.459538888887664,1074.0595388888876
f971cebd-dc81-436b-703f-f6cbeea6a559,b2e8f27b-7726-44aa-95f1-515f5e7b74cf,2020-12-07,2020-12-08,982.09,0.0658845540583878,0,1075.55365,1027.6,93.46365000000004,1075.55365
f971cebd-dc81-436b-703f-f6cbeea6a559,b2e8f27b-7726-44aa-95f1-515f5e7b74cf,2020-12-08,2020-12-09,980.74,0.0746913425567405,0,1065.4768333333332,982.09,84.73683333333315,1065.4768333333332
f971cebd-dc81-436b-703f-f6cbeea6a559,b2e8f27b-7726-44aa-95f1-515f5e7b74cf,2020-12-09,2020-12-10,1034.58,0.0717412431638336,0,1043.8218555555552,980.74,9.241855555555276,1043.8218555555552
f971cebd-dc81-436b-703f-f6cbeea6a559,b2e8f27b-7726-44aa-95f1-515f5e7b74cf,2020-12-10,2020-12-11,967.41,0.062216689693905,0,1058.9711333333337,1034.58,91.56113333333349,1058.9711333333337
f971cebd-dc81-436b-703f-f6cbeea6a559,b2e8f27b-7726-44aa-95f1-515f5e7b74cf,2020-12-11,2020-12-12,1005.97,0.0801964853315165,0,1054.180594444444,967.41,48.21059444444404,1054.180594444444
f971cebd-dc81-436b-703f-f6cbeea6a559,b2e8f27b-7726-44aa-95f1-515f5e7b74cf,2020-12-12,2020-12-13,1021.72,0.0660918355575237,0,1042.0936666666662,1005.97,20.373666666666168,1042.0936666666662
f971cebd-dc81-436b-703f-f6cbeea6a559,b2e8f27b-7726-44aa-95f1-515f5e7b74cf,2020-12-13,2020-12-14,967.37,0.0728857631624871,0,1063.7437277777776,1021.72,96.37372777777762,1063.7437277777776
f971cebd-dc81-436b-703f-f6cbeea6a559,b2e8f27b-7726-44aa-95f1-515f5e7b74cf,2020-12-14,2020-12-15,1016.97,0.0804627576402443,0,1048.274327777778,967.37,31.30432777777787,1048.274327777778
f971cebd-dc81-436b-703f-f6cbeea6a559,b2e8f27b-7726-44aa-95f1-515f5e7b74cf,2020-12-15,2020-12-16,994.95,0.0844211779353891,0,1048.3985333333324,1016.97,53.44853333333231,1048.3985333333324
f971cebd-dc81-436b-703f-f6cbeea6a559,b2e8f27b-7726-44aa-95f1-515f5e7b74cf,2020-12-16,2020-12-17,973.83,0.0951904245439473,0,1056.542211111111,994.95,82.71221111111106,1056.542211111111
f971cebd-dc81-436b-703f-f6cbeea6a559,b2e8f27b-7726-44aa-95f1-515f5e7b74cf,2020-12-17,2020-12-18,1030.61,0.1125115353836664,0,1051.4475972222222,973.83,20.837597222222257,1051.4475972222222
f971cebd-dc81-436b-703f-f6cbeea6a559,b2e8f27b-7726-44aa-95f1-515f5e7b74cf,2020-12-18,2020-12-19,930.16,0.0732761945766733,0,1060.6144444444442,1030.61,130.45444444444422,1060.6144444444442
f971cebd-dc81-436b-703f-f6cbeea6a559,b2e8f27b-7726-44aa-95f1-515f5e7b74cf,2020-12-19,2020-12-20,928.97,0.0776293759893946,0,1040.6835,930.16,111.71349999999984,1040.6835
f971cebd-dc81-436b-703f-f6cbeea6a559,b2e8f27b-7726-44aa-95f1-515f5e7b74cf,2020-12-20,2020-12-21,990.91,0.077080267764541,0,1037.7680555555555,928.97,46.85805555555578,1037.7680555555555
f971cebd-dc81-436b-703f-f6cbeea6a559,b2e8f27b-7726-44aa-95f1-515f5e7b74cf,2020-12-21,2020-12-22,933.78,0.0814973380007464,0,1033.512288888889,990.91,99.73228888888912,1033.512288888889
f971cebd-dc81-436b-703f-f6cbeea6a559,b2e8f27b-7726-44aa-95f1-515f5e7b74cf,2020-12-22,2020-12-23,1052.37,0.0648951865914445,0,1046.97985,933.78,5.390149999999949,1046.97985
f971cebd-dc81-436b-703f-f6cbeea6a559,b2e8f27b-7726-44aa-95f1-515f5e7b74cf,2020-12-23,2020-12-24,969.41,0.0822203801081192,0,1047.1741555555552,1052.37,77.76415555555525,1047.1741555555552
f971cebd-dc81-436b-703f-f6cbeea6a559,b2e8f27b-7726-44aa-95f1-515f5e7b74cf,2020-12-24,2020-12-25,918.33,0.0701481256101178,0,1049.4725000000003,969.41,131.14250000000027,1049.4725000000003
f971cebd-dc81-436b-703f-f6cbeea6a559,b2e8f27b-7726-44aa-95f1-515f5e7b74cf,2020-12-25,2020-12-26,975.86,0.0756631807751204,0,1045.6212555555558,918.33,69.76125555555575,1045.6212555555558
f971cebd-dc81-436b-703f-f6cbeea6a559,b2e8f27b-7726-44aa-95f1-515f5e7b74cf,2020-12-26,2020-12-27,0.0,0.0960622074094861,0,1012.306977777778,975.86,1012.306977777778,1012.306977777778
f971cebd-dc81-436b-703f-f6cbeea6a559,b2e8f27b-7726-44aa-95f1-515f5e7b74cf,2020-12-27,2020-12-28,939.23,0.0177663851504844,0,1002.5801333333328,0.0,63.35013333333268,1002.5801333333328
f971cebd-dc81-436b-703f-f6cbeea6a559,b2e8f27b-7726-44aa-95f1-515f5e7b74cf,2020-12-28,2020-12-29,950.67,0.0602400177004019,0,1011.350927777777,939.23,60.680927777777015,1011.350927777777
f971cebd-dc81-436b-703f-f6cbeea6a559,b2e8f27b-7726-44aa-95f1-515f5e7b74cf,2020-12-29,2020-12-30,1007.15,0.0761927678574443,0,1001.2346222222218,950.67,5.91537777777819,1001.2346222222218
f971cebd-dc81-436b-703f-f6cbeea6a559,b2e8f27b-7726-44aa-95f1-515f5e7b74cf,2020-12-30,2020-12-31,1049.73,0.0444287487228265,0,1029.474844444445,1007.15,20.255155555555348,1029.474844444445
f9ef15bd-258c-4943-86a5-d1d0b560b2ab,f62dab14-cd6c-46e4-3aa2-d3c0ccca7b4c,2020-08-23,2020-08-24,354.66,0.1220945019008637,0,367.2555555555557,349.41,12.59555555555562,367.2555555555557
f9ef15bd-258c-4943-86a5-d1d0b560b2ab,f62dab14-cd6c-46e4-3aa2-d3c0ccca7b4c,2020-08-24,2020-08-25,341.37,0.3693046911283409,1,0.0,354.66,341.37,354.66
f9ef15bd-258c-4943-86a5-d1d0b560b2ab,f62dab14-cd6c-46e4-3aa2-d3c0ccca7b4c,2020-08-25,2020-08-26,347.17,0.2870046955216984,1,0.0,341.37,347.17,341.37
f9ef15bd-258c-4943-86a5-d1d0b560b2ab,f62dab14-cd6c-46e4-3aa2-d3c0ccca7b4c,2020-08-26,2020-08-27,371.69,0.3422453102213482,1,0.0,347.17,371.69,347.17
f9ef15bd-258c-4943-86a5-d1d0b560b2ab,f62dab14-cd6c-46e4-3aa2-d3c0ccca7b4c,2020-08-27,2020-08-28,342.34,0.255851202222862,1,0.0,371.69,342.34,371.69
f9ef15bd-258c-4943-86a5-d1d0b560b2ab,f62dab14-cd6c-46e4-3aa2-d3c0ccca7b4c,2020-08-28,2020-08-29,324.97,0.344791573451676,1,0.0,342.34,324.97,342.34
f9ef15bd-258c-4943-86a5-d1d0b560b2ab,f62dab14-cd6c-46e4-3aa2-d3c0ccca7b4c,2020-08-29,2020-08-30,365.16,0.1857401254616963,1,0.0,324.97,365.16,324.97
f9ef15bd-258c-4943-86a5-d1d0b560b2ab,f62dab14-cd6c-46e4-3aa2-d3c0ccca7b4c,2020-08-30,2020-08-31,353.16,0.1702004849564319,1,0.0,365.16,353.16,365.16
f9ef15bd-258c-4943-86a5-d1d0b560b2ab,f62dab14-cd6c-46e4-3aa2-d3c0ccca7b4c,2020-08-31,2020-09-01,374.1,0.1891283628742563,1,0.0,353.16,374.1,353.16
f9ef15bd-258c-4943-86a5-d1d0b560b2ab,f62dab14-cd6c-46e4-3aa2-d3c0ccca7b4c,2020-09-01,2020-09-02,343.63,0.2684109645138416,1,0.0,374.1,343.63,374.1
f9ef15bd-258c-4943-86a5-d1d0b560b2ab,f62dab14-cd6c-46e4-3aa2-d3c0ccca7b4c,2020-09-02,2020-09-03,375.54,0.2295530238595211,1,0.0,343.63,375.54,343.63
f9ef15bd-258c-4943-86a5-d1d0b560b2ab,f62dab14-cd6c-46e4-3aa2-d3c0ccca7b4c,2020-09-03,2020-09-04,369.59,0.2164225656208404,1,0.0,375.54,369.59,375.54
f9ef15bd-258c-4943-86a5-d1d0b560b2ab,f62dab14-cd6c-46e4-3aa2-d3c0ccca7b4c,2020-09-04,2020-09-05,365.71,0.2511201218857924,1,0.0,369.59,365.71,369.59
f9ef15bd-258c-4943-86a5-d1d0b560b2ab,f62dab14-cd6c-46e4-3aa2-d3c0ccca7b4c,2020-09-05,2020-09-06,332.93,0.1801782250119142,1,0.0,365.71,332.93,365.71
f9ef15bd-258c-4943-86a5-d1d0b560b2ab,f62dab14-cd6c-46e4-3aa2-d3c0ccca7b4c,2020-09-06,2020-09-07,354.9,0.2773328020552685,1,0.0,332.93,354.9,332.93
f9ef15bd-258c-4943-86a5-d1d0b560b2ab,f62dab14-cd6c-46e4-3aa2-d3c0ccca7b4c,2020-09-07,2020-09-08,372.17,0.2511536551277636,1,0.0,354.9,372.17,354.9
f9ef15bd-258c-4943-86a5-d1d0b560b2ab,f62dab14-cd6c-46e4-3aa2-d3c0ccca7b4c,2020-09-08,2020-09-09,345.83,0.1560659499048823,1,0.0,372.17,345.83,372.17
f9ef15bd-258c-4943-86a5-d1d0b560b2ab,f62dab14-cd6c-46e4-3aa2-d3c0ccca7b4c,2020-09-09,2020-09-10,319.94,0.3313782977067162,1,0.0,345.83,319.94,345.83
f9ef15bd-258c-4943-86a5-d1d0b560b2ab,f62dab14-cd6c-46e4-3aa2-d3c0ccca7b4c,2020-09-10,2020-09-11,343.3,0.3687724752923775,1,0.0,319.94,343.3,319.94
f9ef15bd-258c-4943-86a5-d1d0b560b2ab,f62dab14-cd6c-46e4-3aa2-d3c0ccca7b4c,2020-09-11,2020-09-12,338.48,0.2735297338247136,1,0.0,343.3,338.48,343.3
f9ef15bd-258c-4943-86a5-d1d0b560b2ab,f62dab14-cd6c-46e4-3aa2-d3c0ccca7b4c,2020-09-12,2020-09-13,344.11,0.2194457655769403,1,0.0,338.48,344.11,338.48
f9ef15bd-258c-4943-86a5-d1d0b560b2ab,f62dab14-cd6c-46e4-3aa2-d3c0ccca7b4c,2020-09-13,2020-09-14,329.81,0.1520685501219081,1,0.0,344.11,329.81,344.11
f9ef15bd-258c-4943-86a5-d1d0b560b2ab,f62dab14-cd6c-46e4-3aa2-d3c0ccca7b4c,2020-09-14,2020-09-15,368.31,0.3151535412059557,1,0.0,329.81,368.31,329.81
f9ef15bd-258c-4943-86a5-d1d0b560b2ab,f62dab14-cd6c-46e4-3aa2-d3c0ccca7b4c,2020-09-15,2020-09-16,365.06,0.298162901483595,1,0.0,368.31,365.06,368.31
f9ef15bd-258c-4943-86a5-d1d0b560b2ab,f62dab14-cd6c-46e4-3aa2-d3c0ccca7b4c,2020-09-16,2020-09-17,338.22,0.3219697351819191,1,0.0,365.06,338.22,365.06
f9ef15bd-258c-4943-86a5-d1d0b560b2ab,f62dab14-cd6c-46e4-3aa2-d3c0ccca7b4c,2020-09-17,2020-09-18,346.17,0.297763972856266,1,0.0,338.22,346.17,338.22
f9ef15bd-258c-4943-86a5-d1d0b560b2ab,f62dab14-cd6c-46e4-3aa2-d3c0ccca7b4c,2020-09-18,2020-09-19,338.45,0.3048563009651096,1,0.0,346.17,338.45,346.17
f9ef15bd-258c-4943-86a5-d1d0b560b2ab,f62dab14-cd6c-46e4-3aa2-d3c0ccca7b4c,2020-09-19,2020-09-20,362.07,0.2719277546277085,1,0.0,338.45,362.07,338.45
f9ef15bd-258c-4943-86a5-d1d0b560b2ab,f62dab14-cd6c-46e4-3aa2-d3c0ccca7b4c,2020-09-20,2020-09-21,335.93,0.2393610438704309,1,0.0,362.07,335.93,362.07
f9ef15bd-258c-4943-86a5-d1d0b560b2ab,f62dab14-cd6c-46e4-3aa2-d3c0ccca7b4c,2020-09-21,2020-09-22,338.22,0.2565569388646687,1,0.0,335.93,338.22,335.93
f9ef15bd-258c-4943-86a5-d1d0b560b2ab,f62dab14-cd6c-46e4-3aa2-d3c0ccca7b4c,2020-09-22,2020-09-23,354.59,0.1947254758979882,1,0.0,338.22,354.59,338.22
f9ef15bd-258c-4943-86a5-d1d0b560b2ab,f62dab14-cd6c-46e4-3aa2-d3c0ccca7b4c,2020-09-23,2020-09-24,338.02,0.2366302803803916,1,0.0,354.59,338.02,354.59
f9ef15bd-258c-4943-86a5-d1d0b560b2ab,f62dab14-cd6c-46e4-3aa2-d3c0ccca7b4c,2020-09-24,2020-09-25,383.3,0.2869646209038575,1,0.0,338.02,383.3,338.02
f9ef15bd-258c-4943-86a5-d1d0b560b2ab,f62dab14-cd6c-46e4-3aa2-d3c0ccca7b4c,2020-09-25,2020-09-26,339.84,0.2297351077955735,1,0.0,383.3,339.84,383.3
f9ef15bd-258c-4943-86a5-d1d0b560b2ab,f62dab14-cd6c-46e4-3aa2-d3c0ccca7b4c,2020-09-26,2020-09-27,365.27,0.2056973360787869,1,0.0,339.84,365.27,339.84
f9ef15bd-258c-4943-86a5-d1d0b560b2ab,f62dab14-cd6c-46e4-3aa2-d3c0ccca7b4c,2020-09-27,2020-09-28,367.84,0.214509697265769,1,0.0,365.27,367.84,365.27
f9ef15bd-258c-4943-86a5-d1d0b560b2ab,f62dab14-cd6c-46e4-3aa2-d3c0ccca7b4c,2020-09-28,2020-09-29,327.95,0.2640517765152848,1,0.0,367.84,327.95,367.84
f9ef15bd-258c-4943-86a5-d1d0b560b2ab,f62dab14-cd6c-46e4-3aa2-d3c0ccca7b4c,2020-09-29,2020-09-30,347.03,0.2209461803131202,1,0.0,327.95,347.03,327.95
f9ef15bd-258c-4943-86a5-d1d0b560b2ab,f62dab14-cd6c-46e4-3aa2-d3c0ccca7b4c,2020-09-30,2020-10-01,336.49,0.2037173372900033,1,0.0,347.03,336.49,347.03
f9ef15bd-258c-4943-86a5-d1d0b560b2ab,f62dab14-cd6c-46e4-3aa2-d3c0ccca7b4c,2020-10-01,2020-10-02,367.56,0.1923901010447367,1,0.0,336.49,367.56,336.49
f9ef15bd-258c-4943-86a5-d1d0b560b2ab,f62dab14-cd6c-46e4-3aa2-d3c0ccca7b4c,2020-10-02,2020-10-03,349.79,0.2490928296707558,1,0.0,367.56,349.79,367.56
f9ef15bd-258c-4943-86a5-d1d0b560b2ab,f62dab14-cd6c-46e4-3aa2-d3c0ccca7b4c,2020-10-03,2020-10-04,366.96,0.2162152402460767,1,0.0,349.79,366.96,349.79
f9ef15bd-258c-4943-86a5-d1d0b560b2ab,f62dab14-cd6c-46e4-3aa2-d3c0ccca7b4c,2020-10-04,2020-10-05,380.65,0.1883406132503476,1,0.0,366.96,380.65,366.96
f9ef15bd-258c-4943-86a5-d1d0b560b2ab,f62dab14-cd6c-46e4-3aa2-d3c0ccca7b4c,2020-10-05,2020-10-06,382.28,0.2095535964039515,1,0.0,380.65,382.28,380.65
f9ef15bd-258c-4943-86a5-d1d0b560b2ab,f62dab14-cd6c-46e4-3aa2-d3c0ccca7b4c,2020-10-06,2020-10-07,332.21,0.1679750707692416,1,0.0,382.28,332.21,382.28
f9ef15bd-258c-4943-86a5-d1d0b560b2ab,f62dab14-cd6c-46e4-3aa2-d3c0ccca7b4c,2020-10-07,2020-10-08,330.3,0.1680700600739529,1,0.0,332.21,330.3,332.21
f9ef15bd-258c-4943-86a5-d1d0b560b2ab,f62dab14-cd6c-46e4-3aa2-d3c0ccca7b4c,2020-10-08,2020-10-09,330.13,0.2475169489182451,1,0.0,330.3,330.13,330.3
f9ef15bd-258c-4943-86a5-d1d0b560b2ab,f62dab14-cd6c-46e4-3aa2-d3c0ccca7b4c,2020-10-09,2020-10-10,370.5,0.2685264950256764,1,0.0,330.13,370.5,330.13
f9ef15bd-258c-4943-86a5-d1d0b560b2ab,f62dab14-cd6c-46e4-3aa2-d3c0ccca7b4c,2020-10-10,2020-10-11,363.32,0.1807661379807192,1,0.0,370.5,363.32,370.5
f9ef15bd-258c-4943-86a5-d1d0b560b2ab,f62dab14-cd6c-46e4-3aa2-d3c0ccca7b4c,2020-10-11,2020-10-12,361.86,0.1920930052957098,1,0.0,363.32,361.86,363.32
f9ef15bd-258c-4943-86a5-d1d0b560b2ab,f62dab14-cd6c-46e4-3aa2-d3c0ccca7b4c,2020-10-12,2020-10-13,359.36,0.259583790689361,1,0.0,361.86,359.36,361.86
f9ef15bd-258c-4943-86a5-d1d0b560b2ab,f62dab14-cd6c-46e4-3aa2-d3c0ccca7b4c,2020-10-13,2020-10-14,342.4,0.1854777071066758,1,0.0,359.36,342.4,359.36
f9ef15bd-258c-4943-86a5-d1d0b560b2ab,f62dab14-cd6c-46e4-3aa2-d3c0ccca7b4c,2020-10-14,2020-10-15,350.91,0.2348651340794559,1,0.0,342.4,350.91,342.4
f9ef15bd-258c-4943-86a5-d1d0b560b2ab,f62dab14-cd6c-46e4-3aa2-d3c0ccca7b4c,2020-10-15,2020-10-16,355.12,0.2086057957936165,1,0.0,350.91,355.12,350.91
f9ef15bd-258c-4943-86a5-d1d0b560b2ab,f62dab14-cd6c-46e4-3aa2-d3c0ccca7b4c,2020-10-16,2020-10-17,351.04,0.2279754714029741,1,0.0,355.12,351.04,355.12
f9ef15bd-258c-4943-86a5-d1d0b560b2ab,f62dab14-cd6c-46e4-3aa2-d3c0ccca7b4c,2020-10-17,2020-10-18,0.0,0.2078104742901562,1,0.0,351.04,0.0,351.04
f9ef15bd-258c-4943-86a5-d1d0b560b2ab,f62dab14-cd6c-46e4-3aa2-d3c0ccca7b4c,2020-10-18,2020-10-19,378.03,0.006372888330275,0,361.9150222222227,0.0,16.114977777777256,361.9150222222227
f9ef15bd-258c-4943-86a5-d1d0b560b2ab,f62dab14-cd6c-46e4-3aa2-d3c0ccca7b4c,2020-10-19,2020-10-20,328.35,0.2074101559542223,1,0.0,378.03,328.35,378.03
f9ef15bd-258c-4943-86a5-d1d0b560b2ab,f62dab14-cd6c-46e4-3aa2-d3c0ccca7b4c,2020-10-20,2020-10-21,341.31,0.2240144614321396,1,0.0,328.35,341.31,328.35
f9ef15bd-258c-4943-86a5-d1d0b560b2ab,f62dab14-cd6c-46e4-3aa2-d3c0ccca7b4c,2020-10-21,2020-10-22,374.81,0.2231806546463547,1,0.0,341.31,374.81,341.31
f9ef15bd-258c-4943-86a5-d1d0b560b2ab,f62dab14-cd6c-46e4-3aa2-d3c0ccca7b4c,2020-10-22,2020-10-23,364.83,0.2145534496731942,1,0.0,374.81,364.83,374.81
f9ef15bd-258c-4943-86a5-d1d0b560b2ab,f62dab14-cd6c-46e4-3aa2-d3c0ccca7b4c,2020-10-23,2020-10-24,326.73,0.2080265491542159,1,0.0,364.83,326.73,364.83
f9ef15bd-258c-4943-86a5-d1d0b560b2ab,f62dab14-cd6c-46e4-3aa2-d3c0ccca7b4c,2020-10-24,2020-10-25,311.89,0.1801009100402587,1,0.0,326.73,311.89,326.73
f9ef15bd-258c-4943-86a5-d1d0b560b2ab,f62dab14-cd6c-46e4-3aa2-d3c0ccca7b4c,2020-10-25,2020-10-26,330.42,0.1485187241753983,0,341.7896888888888,311.89,11.369688888888788,341.7896888888888
f9ef15bd-258c-4943-86a5-d1d0b560b2ab,f62dab14-cd6c-46e4-3aa2-d3c0ccca7b4c,2020-10-26,2020-10-27,349.84,0.2617331551078752,1,0.0,330.42,349.84,330.42
f9ef15bd-258c-4943-86a5-d1d0b560b2ab,f62dab14-cd6c-46e4-3aa2-d3c0ccca7b4c,2020-10-27,2020-10-28,348.69,0.2184590960800749,1,0.0,349.84,348.69,349.84
f9ef15bd-258c-4943-86a5-d1d0b560b2ab,f62dab14-cd6c-46e4-3aa2-d3c0ccca7b4c,2020-10-28,2020-10-29,346.93,0.1883435092450898,1,0.0,348.69,346.93,348.69
f9ef15bd-258c-4943-86a5-d1d0b560b2ab,f62dab14-cd6c-46e4-3aa2-d3c0ccca7b4c,2020-10-29,2020-10-30,357.52,0.2446180838183628,1,0.0,346.93,357.52,346.93
f9ef15bd-258c-4943-86a5-d1d0b560b2ab,f62dab14-cd6c-46e4-3aa2-d3c0ccca7b4c,2020-10-30,2020-10-31,347.73,0.2308311722735039,1,0.0,357.52,347.73,357.52
f9ef15bd-258c-4943-86a5-d1d0b560b2ab,f62dab14-cd6c-46e4-3aa2-d3c0ccca7b4c,2020-10-31,2020-11-01,364.09,0.136672044447569,0,348.7794111111112,347.73,15.310588888888844,348.7794111111112
f9ef15bd-258c-4943-86a5-d1d0b560b2ab,f62dab14-cd6c-46e4-3aa2-d3c0ccca7b4c,2020-11-01,2020-11-02,360.41,0.1400021603052894,0,352.68171666666706,364.09,7.728283333332968,352.68171666666706
f9ef15bd-258c-4943-86a5-d1d0b560b2ab,f62dab14-cd6c-46e4-3aa2-d3c0ccca7b4c,2020-11-02,2020-11-03,311.41,0.2559975033018641,1,0.0,360.41,311.41,360.41
f9ef15bd-258c-4943-86a5-d1d0b560b2ab,f62dab14-cd6c-46e4-3aa2-d3c0ccca7b4c,2020-11-03,2020-11-04,348.31,0.2100603767766618,1,0.0,311.41,348.31,311.41
f9ef15bd-258c-4943-86a5-d1d0b560b2ab,f62dab14-cd6c-46e4-3aa2-d3c0ccca7b4c,2020-11-04,2020-11-05,342.96,0.1918474094750155,1,0.0,348.31,342.96,348.31
f9ef15bd-258c-4943-86a5-d1d0b560b2ab,f62dab14-cd6c-46e4-3aa2-d3c0ccca7b4c,2020-11-05,2020-11-06,351.33,0.2033278740733662,1,0.0,342.96,351.33,342.96
f9ef15bd-258c-4943-86a5-d1d0b560b2ab,f62dab14-cd6c-46e4-3aa2-d3c0ccca7b4c,2020-11-06,2020-11-07,342.27,0.2060103092626087,1,0.0,351.33,342.27,351.33
f9ef15bd-258c-4943-86a5-d1d0b560b2ab,f62dab14-cd6c-46e4-3aa2-d3c0ccca7b4c,2020-11-07,2020-11-08,319.5,0.1230083274183292,0,360.4505333333336,342.27,40.95053333333357,360.4505333333336
f9ef15bd-258c-4943-86a5-d1d0b560b2ab,f62dab14-cd6c-46e4-3aa2-d3c0ccca7b4c,2020-11-08,2020-11-09,354.21,0.1366551546395372,0,358.4978166666667,319.5,4.287816666666743,358.4978166666667
f9ef15bd-258c-4943-86a5-d1d0b560b2ab,f62dab14-cd6c-46e4-3aa2-d3c0ccca7b4c,2020-11-09,2020-11-10,358.32,0.2085105937269649,1,0.0,354.21,358.32,354.21
f9ef15bd-258c-4943-86a5-d1d0b560b2ab,f62dab14-cd6c-46e4-3aa2-d3c0ccca7b4c,2020-11-10,2020-11-11,315.47,0.1880508663311226,1,0.0,358.32,315.47,358.32
f9ef15bd-258c-4943-86a5-d1d0b560b2ab,f62dab14-cd6c-46e4-3aa2-d3c0ccca7b4c,2020-11-11,2020-11-12,377.05,0.1852441712447511,1,0.0,315.47,377.05,315.47
f9ef15bd-258c-4943-86a5-d1d0b560b2ab,f62dab14-cd6c-46e4-3aa2-d3c0ccca7b4c,2020-11-12,2020-11-13,362.36,0.1531323067195221,1,0.0,377.05,362.36,377.05
f9ef15bd-258c-4943-86a5-d1d0b560b2ab,f62dab14-cd6c-46e4-3aa2-d3c0ccca7b4c,2020-11-13,2020-11-14,330.43,0.196510155246583,1,0.0,362.36,330.43,362.36
f9ef15bd-258c-4943-86a5-d1d0b560b2ab,f62dab14-cd6c-46e4-3aa2-d3c0ccca7b4c,2020-11-14,2020-11-15,327.04,0.1665035798554328,1,0.0,330.43,327.04,330.43
f9ef15bd-258c-4943-86a5-d1d0b560b2ab,f62dab14-cd6c-46e4-3aa2-d3c0ccca7b4c,2020-11-15,2020-11-16,348.9,0.1207152989261937,0,347.16005000000024,327.04,1.7399499999997374,347.16005000000024
f9ef15bd-258c-4943-86a5-d1d0b560b2ab,f62dab14-cd6c-46e4-3aa2-d3c0ccca7b4c,2020-11-16,2020-11-17,347.52,0.212748232457957,1,0.0,348.9,347.52,348.9
f9ef15bd-258c-4943-86a5-d1d0b560b2ab,f62dab14-cd6c-46e4-3aa2-d3c0ccca7b4c,2020-11-17,2020-11-18,356.04,0.2159519902871859,1,0.0,347.52,356.04,347.52
f9ef15bd-258c-4943-86a5-d1d0b560b2ab,f62dab14-cd6c-46e4-3aa2-d3c0ccca7b4c,2020-11-18,2020-11-19,353.64,0.1875725868243229,1,0.0,356.04,353.64,356.04
f9ef15bd-258c-4943-86a5-d1d0b560b2ab,f62dab14-cd6c-46e4-3aa2-d3c0ccca7b4c,2020-11-19,2020-11-20,355.21,0.1953143739072769,1,0.0,353.64,355.21,353.64
f9ef15bd-258c-4943-86a5-d1d0b560b2ab,f62dab14-cd6c-46e4-3aa2-d3c0ccca7b4c,2020-11-20,2020-11-21,326.2,0.2057890846923198,1,0.0,355.21,326.2,355.21
f9ef15bd-258c-4943-86a5-d1d0b560b2ab,f62dab14-cd6c-46e4-3aa2-d3c0ccca7b4c,2020-11-21,2020-11-22,342.32,0.2010908751257822,1,0.0,326.2,342.32,326.2
f9ef15bd-258c-4943-86a5-d1d0b560b2ab,f62dab14-cd6c-46e4-3aa2-d3c0ccca7b4c,2020-11-22,2020-11-23,350.58,0.1286513711969213,0,355.2017000000003,342.32,4.621700000000317,355.2017000000003
f9ef15bd-258c-4943-86a5-d1d0b560b2ab,f62dab14-cd6c-46e4-3aa2-d3c0ccca7b4c,2020-11-23,2020-11-24,340.45,0.2014113160332692,1,0.0,350.58,340.45,350.58
f9ef15bd-258c-4943-86a5-d1d0b560b2ab,f62dab14-cd6c-46e4-3aa2-d3c0ccca7b4c,2020-11-24,2020-11-25,355.71,0.2028402015034183,1,0.0,340.45,355.71,340.45
f9ef15bd-258c-4943-86a5-d1d0b560b2ab,f62dab14-cd6c-46e4-3aa2-d3c0ccca7b4c,2020-11-25,2020-11-26,363.33,0.149113002967465,0,360.0765666666668,355.71,3.2534333333331915,360.0765666666668
f9ef15bd-258c-4943-86a5-d1d0b560b2ab,f62dab14-cd6c-46e4-3aa2-d3c0ccca7b4c,2020-11-26,2020-11-27,0.0,0.1884570511127004,1,0.0,363.33,0.0,363.33
f9ef15bd-258c-4943-86a5-d1d0b560b2ab,f62dab14-cd6c-46e4-3aa2-d3c0ccca7b4c,2020-11-27,2020-11-28,343.45,0.0117897768701214,0,360.6915611111115,0.0,17.241561111111537,360.6915611111115
f9ef15bd-258c-4943-86a5-d1d0b560b2ab,f62dab14-cd6c-46e4-3aa2-d3c0ccca7b4c,2020-11-28,2020-11-29,334.97,0.0907106757124768,0,357.7857444444447,343.45,22.815744444444647,357.7857444444447
f9ef15bd-258c-4943-86a5-d1d0b560b2ab,f62dab14-cd6c-46e4-3aa2-d3c0ccca7b4c,2020-11-29,2020-11-30,336.61,0.1401972470938644,0,352.33832777777786,334.97,15.72832777777785,352.33832777777786
f9ef15bd-258c-4943-86a5-d1d0b560b2ab,f62dab14-cd6c-46e4-3aa2-d3c0ccca7b4c,2020-11-30,2020-12-01,316.61,0.1713149914509863,1,0.0,336.61,316.61,336.61
f9ef15bd-258c-4943-86a5-d1d0b560b2ab,f62dab14-cd6c-46e4-3aa2-d3c0ccca7b4c,2020-12-01,2020-12-02,350.78,0.1547977404996972,1,0.0,316.61,350.78,316.61
f9ef15bd-258c-4943-86a5-d1d0b560b2ab,f62dab14-cd6c-46e4-3aa2-d3c0ccca7b4c,2020-12-02,2020-12-03,396.42,0.1833578907824085,1,0.0,350.78,396.42,350.78
f9ef15bd-258c-4943-86a5-d1d0b560b2ab,f62dab14-cd6c-46e4-3aa2-d3c0ccca7b4c,2020-12-03,2020-12-04,0.0,0.1334151732828527,0,361.9071222222221,396.42,361.9071222222221,361.9071222222221
f9ef15bd-258c-4943-86a5-d1d0b560b2ab,f62dab14-cd6c-46e4-3aa2-d3c0ccca7b4c,2020-12-04,2020-12-05,384.89,0.0052702974127306,0,368.1724277777781,0.0,16.71757222222186,368.1724277777781
f9ef15bd-258c-4943-86a5-d1d0b560b2ab,f62dab14-cd6c-46e4-3aa2-d3c0ccca7b4c,2020-12-05,2020-12-06,366.04,0.0724881242580175,0,372.0463166666668,384.89,6.0063166666667485,372.0463166666668
f9ef15bd-258c-4943-86a5-d1d0b560b2ab,f62dab14-cd6c-46e4-3aa2-d3c0ccca7b4c,2020-12-06,2020-12-07,330.37,0.1079517357249103,0,358.05996666666647,366.04,27.689966666666464,358.05996666666647
f9ef15bd-258c-4943-86a5-d1d0b560b2ab,f62dab14-cd6c-46e4-3aa2-d3c0ccca7b4c,2020-12-07,2020-12-08,350.27,0.2127438396041883,1,0.0,330.37,350.27,330.37
f9ef15bd-258c-4943-86a5-d1d0b560b2ab,f62dab14-cd6c-46e4-3aa2-d3c0ccca7b4c,2020-12-08,2020-12-09,356.54,0.1845249833761301,1,0.0,350.27,356.54,350.27
f9ef15bd-258c-4943-86a5-d1d0b560b2ab,f62dab14-cd6c-46e4-3aa2-d3c0ccca7b4c,2020-12-09,2020-12-10,355.49,0.1302714819565091,0,360.2149166666666,356.54,4.724916666666616,360.2149166666666
f9ef15bd-258c-4943-86a5-d1d0b560b2ab,f62dab14-cd6c-46e4-3aa2-d3c0ccca7b4c,2020-12-10,2020-12-11,330.44,0.1521117185283454,1,0.0,355.49,330.44,355.49
f9ef15bd-258c-4943-86a5-d1d0b560b2ab,f62dab14-cd6c-46e4-3aa2-d3c0ccca7b4c,2020-12-11,2020-12-12,346.09,0.1543164059743618,1,0.0,330.44,346.09,330.44
f9ef15bd-258c-4943-86a5-d1d0b560b2ab,f62dab14-cd6c-46e4-3aa2-d3c0ccca7b4c,2020-12-12,2020-12-13,372.2,0.1752144110902685,1,0.0,346.09,372.2,346.09
f9ef15bd-258c-4943-86a5-d1d0b560b2ab,f62dab14-cd6c-46e4-3aa2-d3c0ccca7b4c,2020-12-13,2020-12-14,316.63,0.1030830781133342,0,362.9920388888888,372.2,46.362038888888776,362.9920388888888
f9ef15bd-258c-4943-86a5-d1d0b560b2ab,f62dab14-cd6c-46e4-3aa2-d3c0ccca7b4c,2020-12-14,2020-12-15,360.26,0.2140483641133045,1,0.0,316.63,360.26,316.63
f9ef15bd-258c-4943-86a5-d1d0b560b2ab,f62dab14-cd6c-46e4-3aa2-d3c0ccca7b4c,2020-12-15,2020-12-16,362.79,0.1711110527238217,1,0.0,360.26,362.79,360.26
f9ef15bd-258c-4943-86a5-d1d0b560b2ab,f62dab14-cd6c-46e4-3aa2-d3c0ccca7b4c,2020-12-16,2020-12-17,313.79,0.1363124865676886,0,362.8803611111112,362.79,49.09036111111118,362.8803611111112
f9ef15bd-258c-4943-86a5-d1d0b560b2ab,f62dab14-cd6c-46e4-3aa2-d3c0ccca7b4c,2020-12-17,2020-12-18,331.18,0.1652354507731199,1,0.0,313.79,331.18,313.79
f9ef15bd-258c-4943-86a5-d1d0b560b2ab,f62dab14-cd6c-46e4-3aa2-d3c0ccca7b4c,2020-12-18,2020-12-19,336.93,0.176454309177468,1,0.0,331.18,336.93,331.18
f9ef15bd-258c-4943-86a5-d1d0b560b2ab,f62dab14-cd6c-46e4-3aa2-d3c0ccca7b4c,2020-12-19,2020-12-20,356.79,0.1600441475318997,1,0.0,336.93,356.79,336.93
f9ef15bd-258c-4943-86a5-d1d0b560b2ab,f62dab14-cd6c-46e4-3aa2-d3c0ccca7b4c,2020-12-20,2020-12-21,341.51,0.1063073993203637,0,357.9581500000004,356.79,16.448150000000396,357.9581500000004
f9ef15bd-258c-4943-86a5-d1d0b560b2ab,f62dab14-cd6c-46e4-3aa2-d3c0ccca7b4c,2020-12-21,2020-12-22,331.98,0.1802868872285119,1,0.0,341.51,331.98,341.51
f9ef15bd-258c-4943-86a5-d1d0b560b2ab,f62dab14-cd6c-46e4-3aa2-d3c0ccca7b4c,2020-12-22,2020-12-23,342.49,0.1779317448165403,1,0.0,331.98,342.49,331.98
f9ef15bd-258c-4943-86a5-d1d0b560b2ab,f62dab14-cd6c-46e4-3aa2-d3c0ccca7b4c,2020-12-23,2020-12-24,348.48,0.1515826976789533,1,0.0,342.49,348.48,342.49
f9ef15bd-258c-4943-86a5-d1d0b560b2ab,f62dab14-cd6c-46e4-3aa2-d3c0ccca7b4c,2020-12-24,2020-12-25,338.14,0.1824349326787418,1,0.0,348.48,338.14,348.48
f9ef15bd-258c-4943-86a5-d1d0b560b2ab,f62dab14-cd6c-46e4-3aa2-d3c0ccca7b4c,2020-12-25,2020-12-26,369.6,0.1903164829363589,1,0.0,338.14,369.6,338.14
f9ef15bd-258c-4943-86a5-d1d0b560b2ab,f62dab14-cd6c-46e4-3aa2-d3c0ccca7b4c,2020-12-26,2020-12-27,341.2,0.126190590012578,0,355.216327777778,369.6,14.01632777777803,355.216327777778
f9ef15bd-258c-4943-86a5-d1d0b560b2ab,f62dab14-cd6c-46e4-3aa2-d3c0ccca7b4c,2020-12-27,2020-12-28,353.34,0.1314893438685668,0,357.9998777777779,341.2,4.659877777777922,357.9998777777779
f9ef15bd-258c-4943-86a5-d1d0b560b2ab,f62dab14-cd6c-46e4-3aa2-d3c0ccca7b4c,2020-12-28,2020-12-29,322.83,0.2309123000163971,1,0.0,353.34,322.83,353.34
f9ef15bd-258c-4943-86a5-d1d0b560b2ab,f62dab14-cd6c-46e4-3aa2-d3c0ccca7b4c,2020-12-29,2020-12-30,346.46,0.1686137629931102,1,0.0,322.83,346.46,322.83
f9ef15bd-258c-4943-86a5-d1d0b560b2ab,f62dab14-cd6c-46e4-3aa2-d3c0ccca7b4c,2020-12-30,2020-12-31,331.59,0.1478591057309733,0,356.27110000000016,346.46,24.681100000000185,356.27110000000016
